Path,Type,Size,Already on remote?,New exposure?,Editable/source?,IP sensitivity,Rights dependency,Governance sensitivity,Notes
GEM_V3.0_RC2_Owner_Decision_Implementation_Candidate_ODI01_R1/01_Executive_Summary.md,Markdown,6294,No,Yes,Yes — editable text/data,LOW,None,"HIGH — internal decisions, open gates, validation gaps, owner decisions",
GEM_V3.0_RC2_Owner_Decision_Implementation_Candidate_ODI01_R1/02_Preflight.md,Markdown,9974,No,Yes,Yes — editable text/data,LOW,None,"HIGH — internal decisions, open gates, validation gaps, owner decisions",Contains absolute local file-system paths and delivered-package hashes
GEM_V3.0_RC2_Owner_Decision_Implementation_Candidate_ODI01_R1/03_Owner_Decisions_Carried_Forward.md,Markdown,11080,No,Yes,Yes — editable text/data,LOW,None directly (describes rights gates),"HIGH — internal decisions, open gates, validation gaps, owner decisions",
GEM_V3.0_RC2_Owner_Decision_Implementation_Candidate_ODI01_R1/04_Implementation_Trace.md,Markdown,11850,No,Yes,Yes — editable text/data,LOW,None,"HIGH — internal decisions, open gates, validation gaps, owner decisions",
GEM_V3.0_RC2_Owner_Decision_Implementation_Candidate_ODI01_R1/05_Validation_ID_QA_Fix.md,Markdown,2423,No,Yes,Yes — editable text/data,LOW,None directly (describes rights gates),"HIGH — internal decisions, open gates, validation gaps, owner decisions",
GEM_V3.0_RC2_Owner_Decision_Implementation_Candidate_ODI01_R1/06_Token_Status_Implementation.csv,CSV,20919,No,Yes,Yes — editable text/data,LOW,None,LOW,
GEM_V3.0_RC2_Owner_Decision_Implementation_Candidate_ODI01_R1/06_Token_Status_Implementation.md,Markdown,6731,No,Yes,Yes — editable text/data,LOW,None,LOW,
GEM_V3.0_RC2_Owner_Decision_Implementation_Candidate_ODI01_R1/07_Font_400_Restriction_Implementation.md,Markdown,17131,No,Yes,Yes — editable text/data,LOW,None,"HIGH — internal decisions, open gates, validation gaps, owner decisions",
GEM_V3.0_RC2_Owner_Decision_Implementation_Candidate_ODI01_R1/07_Font_Bold_Flag_Before_After.csv,CSV,14043,No,Yes,Yes — editable text/data,LOW,None,LOW,
GEM_V3.0_RC2_Owner_Decision_Implementation_Candidate_ODI01_R1/07_Font_Bold_Flag_Inventory.csv,CSV,42798,No,Yes,Yes — editable text/data,LOW,None,LOW,
GEM_V3.0_RC2_Owner_Decision_Implementation_Candidate_ODI01_R1/07_Font_Bold_Flag_Inventory.md,Markdown,4120,No,Yes,Yes — editable text/data,LOW,None,"HIGH — internal decisions, open gates, validation gaps, owner decisions",
GEM_V3.0_RC2_Owner_Decision_Implementation_Candidate_ODI01_R1/07_Font_Claim_File_Matrix.csv,CSV,5238,No,Yes,Yes — editable text/data,LOW,None,LOW,
GEM_V3.0_RC2_Owner_Decision_Implementation_Candidate_ODI01_R1/08_PartD_Status.md,Markdown,5878,No,Yes,Yes — editable text/data,LOW,None,LOW,
GEM_V3.0_RC2_Owner_Decision_Implementation_Candidate_ODI01_R1/09_Letterhead_Status.md,Markdown,5660,No,Yes,Yes — editable text/data,LOW,None,LOW,
GEM_V3.0_RC2_Owner_Decision_Implementation_Candidate_ODI01_R1/10_Arabic_PDF_Status.md,Markdown,3786,No,Yes,Yes — editable text/data,LOW,None,LOW,
GEM_V3.0_RC2_Owner_Decision_Implementation_Candidate_ODI01_R1/11_Accessibility_Queue.md,Markdown,4468,No,Yes,Yes — editable text/data,LOW,None,LOW,
GEM_V3.0_RC2_Owner_Decision_Implementation_Candidate_ODI01_R1/12_Consistency_Coverage_Report.md,Markdown,10381,No,Yes,Yes — editable text/data,LOW,None,"HIGH — internal decisions, open gates, validation gaps, owner decisions",
GEM_V3.0_RC2_Owner_Decision_Implementation_Candidate_ODI01_R1/13_D3_Unresolved.md,Markdown,4107,No,Yes,Yes — editable text/data,LOW,None,LOW,
GEM_V3.0_RC2_Owner_Decision_Implementation_Candidate_ODI01_R1/14_Remaining_Gates.md,Markdown,6119,No,Yes,Yes — editable text/data,LOW,None directly (describes rights gates),"HIGH — internal decisions, open gates, validation gaps, owner decisions",
GEM_V3.0_RC2_Owner_Decision_Implementation_Candidate_ODI01_R1/15_Change_Log.md,Markdown,4096,No,Yes,Yes — editable text/data,LOW,None,"HIGH — internal decisions, open gates, validation gaps, owner decisions",
GEM_V3.0_RC2_Owner_Decision_Implementation_Candidate_ODI01_R1/16_PR_Proposal.md,Markdown,1850,No,Yes,Yes — editable text/data,LOW,None,"HIGH — internal decisions, open gates, validation gaps, owner decisions",
GEM_V3.0_RC2_Owner_Decision_Implementation_Candidate_ODI01_R1/17_scripts/RUN_ORDER.md,Markdown,1307,No,Yes,Yes — script source,LOW,None,MEDIUM — QA method and results; reveals validation gaps,
GEM_V3.0_RC2_Owner_Decision_Implementation_Candidate_ODI01_R1/17_scripts/audit_tokens.py,Python script,5290,No,Yes,Yes — script source,LOW,None,MEDIUM — QA method and results; reveals validation gaps,
GEM_V3.0_RC2_Owner_Decision_Implementation_Candidate_ODI01_R1/17_scripts/consistency_check_odi01.py,Python script,10347,No,Yes,Yes — script source,LOW,None,MEDIUM — QA method and results; reveals validation gaps,
GEM_V3.0_RC2_Owner_Decision_Implementation_Candidate_ODI01_R1/17_scripts/cross_document_qa.py,Python script,22304,No,Yes,Yes — script source,LOW,None,MEDIUM — QA method and results; reveals validation gaps,
GEM_V3.0_RC2_Owner_Decision_Implementation_Candidate_ODI01_R1/17_scripts/generate_manifest.py,Python script,3677,No,Yes,Yes — script source,LOW,None,MEDIUM — QA method and results; reveals validation gaps,
GEM_V3.0_RC2_Owner_Decision_Implementation_Candidate_ODI01_R1/17_scripts/partd_claim_audit.py,Python script,5616,No,Yes,Yes — script source,LOW,None,MEDIUM — QA method and results; reveals validation gaps,
GEM_V3.0_RC2_Owner_Decision_Implementation_Candidate_ODI01_R1/17_scripts/r1_apply_d5.py,Python script,5725,No,Yes,Yes — script source,LOW,None,MEDIUM — QA method and results; reveals validation gaps,
GEM_V3.0_RC2_Owner_Decision_Implementation_Candidate_ODI01_R1/17_scripts/r1_bold_inventory.py,Python script,6461,No,Yes,Yes — script source,LOW,None,MEDIUM — QA method and results; reveals validation gaps,
GEM_V3.0_RC2_Owner_Decision_Implementation_Candidate_ODI01_R1/17_scripts/r1_build_docs.py,Python script,32960,No,Yes,Yes — script source,LOW,None,MEDIUM — QA method and results; reveals validation gaps,
GEM_V3.0_RC2_Owner_Decision_Implementation_Candidate_ODI01_R1/17_scripts/r1_closure_docs.py,Python script,11975,No,Yes,Yes — script source,LOW,None,MEDIUM — QA method and results; reveals validation gaps,
GEM_V3.0_RC2_Owner_Decision_Implementation_Candidate_ODI01_R1/17_scripts/r1_evidence.py,Python script,11424,No,Yes,Yes — script source,LOW,None,MEDIUM — QA method and results; reveals validation gaps,
GEM_V3.0_RC2_Owner_Decision_Implementation_Candidate_ODI01_R1/17_scripts/r1_font_matrix.py,Python script,4049,No,Yes,Yes — script source,LOW,None,MEDIUM — QA method and results; reveals validation gaps,
GEM_V3.0_RC2_Owner_Decision_Implementation_Candidate_ODI01_R1/17_scripts/r1_ooxml.py,Python script,1183,No,Yes,Yes — script source,LOW,None,MEDIUM — QA method and results; reveals validation gaps,
GEM_V3.0_RC2_Owner_Decision_Implementation_Candidate_ODI01_R1/17_scripts/r1_preflight.py,Python script,7557,No,Yes,Yes — script source,LOW,None,MEDIUM — QA method and results; reveals validation gaps,
GEM_V3.0_RC2_Owner_Decision_Implementation_Candidate_ODI01_R1/17_scripts/r1_render_compare.py,Python script,4948,No,Yes,Yes — script source,LOW,None,MEDIUM — QA method and results; reveals validation gaps,
GEM_V3.0_RC2_Owner_Decision_Implementation_Candidate_ODI01_R1/17_scripts/r1_render_reports.py,Python script,6185,No,Yes,Yes — script source,LOW,None,MEDIUM — QA method and results; reveals validation gaps,
GEM_V3.0_RC2_Owner_Decision_Implementation_Candidate_ODI01_R1/17_scripts/r1_token_status.py,Python script,9919,No,Yes,Yes — script source,LOW,None,MEDIUM — QA method and results; reveals validation gaps,
GEM_V3.0_RC2_Owner_Decision_Implementation_Candidate_ODI01_R1/17_scripts/r1_verify_edits.py,Python script,4283,No,Yes,Yes — script source,LOW,None,MEDIUM — QA method and results; reveals validation gaps,
GEM_V3.0_RC2_Owner_Decision_Implementation_Candidate_ODI01_R1/17_scripts/r1_weight_search.py,Python script,5986,No,Yes,Yes — script source,LOW,None,MEDIUM — QA method and results; reveals validation gaps,
GEM_V3.0_RC2_Owner_Decision_Implementation_Candidate_ODI01_R1/17_scripts/run_validation_id_tests.py,Python script,1035,No,Yes,Yes — script source,LOW,None,MEDIUM — QA method and results; reveals validation gaps,
GEM_V3.0_RC2_Owner_Decision_Implementation_Candidate_ODI01_R1/17_scripts/validation_id_checker.py,Python script,3592,No,Yes,Yes — script source,LOW,None,MEDIUM — QA method and results; reveals validation gaps,
GEM_V3.0_RC2_Owner_Decision_Implementation_Candidate_ODI01_R1/17_scripts/verify_checksums.py,Python script,2369,No,Yes,Yes — script source,LOW,None,MEDIUM — QA method and results; reveals validation gaps,
GEM_V3.0_RC2_Owner_Decision_Implementation_Candidate_ODI01_R1/17_scripts/verify_manifest.py,Python script,3108,No,Yes,Yes — script source,LOW,None,MEDIUM — QA method and results; reveals validation gaps,
GEM_V3.0_RC2_Owner_Decision_Implementation_Candidate_ODI01_R1/18_qa_evidence/10_Arabic_PDF_Test_Matrix.csv,CSV,3408,No,Yes,Yes — editable text/data,LOW,None,MEDIUM — QA method and results; reveals validation gaps,
GEM_V3.0_RC2_Owner_Decision_Implementation_Candidate_ODI01_R1/18_qa_evidence/11_Accessibility_Native_Review_Queue.csv,CSV,12574,No,Yes,Yes — editable text/data,LOW,None,MEDIUM — QA method and results; reveals validation gaps,
GEM_V3.0_RC2_Owner_Decision_Implementation_Candidate_ODI01_R1/18_qa_evidence/a11y_title_queue_raw.csv,CSV,8528,No,Yes,Yes — editable text/data,LOW,None,MEDIUM — QA method and results; reveals validation gaps,
GEM_V3.0_RC2_Owner_Decision_Implementation_Candidate_ODI01_R1/18_qa_evidence/affected_slide_visual_qa.md,Markdown,13359,No,Yes,Yes — editable text/data,LOW,None,LOW,
GEM_V3.0_RC2_Owner_Decision_Implementation_Candidate_ODI01_R1/18_qa_evidence/audit_tokens_original.json,JSON,10755,No,Yes,Yes — editable text/data,LOW,None,MEDIUM — QA method and results; reveals validation gaps,
GEM_V3.0_RC2_Owner_Decision_Implementation_Candidate_ODI01_R1/18_qa_evidence/bold_flag_inventory_after.csv,CSV,132,No,Yes,Yes — editable text/data,LOW,None,MEDIUM — QA method and results; reveals validation gaps,
GEM_V3.0_RC2_Owner_Decision_Implementation_Candidate_ODI01_R1/18_qa_evidence/checksum_verification_repo.txt,Text,1287,No,Yes,Yes — editable text/data,LOW,None,LOW,
GEM_V3.0_RC2_Owner_Decision_Implementation_Candidate_ODI01_R1/18_qa_evidence/consistency_baseline_originals.md,Markdown,9331,No,Yes,Yes — editable text/data,LOW,None,LOW,
GEM_V3.0_RC2_Owner_Decision_Implementation_Candidate_ODI01_R1/18_qa_evidence/consistency_candidates_ODI01_R1.md,Markdown,9331,No,Yes,Yes — editable text/data,LOW,None,LOW,
GEM_V3.0_RC2_Owner_Decision_Implementation_Candidate_ODI01_R1/18_qa_evidence/cross_document_qa_results.json,JSON,6706,No,Yes,Yes — editable text/data,LOW,None,MEDIUM — QA method and results; reveals validation gaps,
GEM_V3.0_RC2_Owner_Decision_Implementation_Candidate_ODI01_R1/18_qa_evidence/cross_document_qa_results.md,Markdown,6138,No,Yes,Yes — editable text/data,LOW,None,LOW,
GEM_V3.0_RC2_Owner_Decision_Implementation_Candidate_ODI01_R1/18_qa_evidence/file_diff_register.csv,CSV,4757,No,Yes,Yes — editable text/data,LOW,None,MEDIUM — QA method and results; reveals validation gaps,
GEM_V3.0_RC2_Owner_Decision_Implementation_Candidate_ODI01_R1/18_qa_evidence/font_weight_reference_search.csv,CSV,43942,No,Yes,Yes — editable text/data,LOW,None,MEDIUM — QA method and results; reveals validation gaps,
GEM_V3.0_RC2_Owner_Decision_Implementation_Candidate_ODI01_R1/18_qa_evidence/git_evidence/common_git_dir_logs_refs_heads_main.txt,Text,426,No,Yes,Yes — editable text/data,LOW,None,"MEDIUM — local machine paths, identity and Git internals","Raw Git evidence including local absolute paths, committer identity (noreply) and ref history"
GEM_V3.0_RC2_Owner_Decision_Implementation_Candidate_ODI01_R1/18_qa_evidence/git_evidence/extra_readonly_checks.txt,Text,2208,No,Yes,Yes — editable text/data,LOW,None,"MEDIUM — local machine paths, identity and Git internals","Raw Git evidence including local absolute paths, committer identity (noreply) and ref history"
GEM_V3.0_RC2_Owner_Decision_Implementation_Candidate_ODI01_R1/18_qa_evidence/git_evidence/git_log_graph_all_30.txt,Text,3160,No,Yes,Yes — editable text/data,LOW,None,"MEDIUM — local machine paths, identity and Git internals","Raw Git evidence including local absolute paths, committer identity (noreply) and ref history"
GEM_V3.0_RC2_Owner_Decision_Implementation_Candidate_ODI01_R1/18_qa_evidence/git_evidence/git_reflog_all.txt,Text,4018,No,Yes,Yes — editable text/data,LOW,None,"MEDIUM — local machine paths, identity and Git internals","Raw Git evidence including local absolute paths, committer identity (noreply) and ref history"
GEM_V3.0_RC2_Owner_Decision_Implementation_Candidate_ODI01_R1/18_qa_evidence/git_evidence/git_reflog_show_main.txt,Text,196,No,Yes,Yes — editable text/data,LOW,None,"MEDIUM — local machine paths, identity and Git internals","Raw Git evidence including local absolute paths, committer identity (noreply) and ref history"
GEM_V3.0_RC2_Owner_Decision_Implementation_Candidate_ODI01_R1/18_qa_evidence/git_evidence/git_status.txt,Text,82,No,Yes,Yes — editable text/data,LOW,None,"MEDIUM — local machine paths, identity and Git internals","Raw Git evidence including local absolute paths, committer identity (noreply) and ref history"
GEM_V3.0_RC2_Owner_Decision_Implementation_Candidate_ODI01_R1/18_qa_evidence/git_evidence/git_status_porcelain_v2.txt,Text,0,No,Yes,Yes — editable text/data,LOW,None,"MEDIUM — local machine paths, identity and Git internals","Raw Git evidence including local absolute paths, committer identity (noreply) and ref history"
GEM_V3.0_RC2_Owner_Decision_Implementation_Candidate_ODI01_R1/18_qa_evidence/git_evidence/git_worktree_list_porcelain.txt,Text,434,No,Yes,Yes — editable text/data,LOW,None,"MEDIUM — local machine paths, identity and Git internals","Raw Git evidence including local absolute paths, committer identity (noreply) and ref history"
GEM_V3.0_RC2_Owner_Decision_Implementation_Candidate_ODI01_R1/18_qa_evidence/implementation_trace_matrix_odi01.csv,CSV,6936,No,Yes,Yes — editable text/data,LOW,None,MEDIUM — QA method and results; reveals validation gaps,
GEM_V3.0_RC2_Owner_Decision_Implementation_Candidate_ODI01_R1/18_qa_evidence/letterhead_audit.json,JSON,15660,No,Yes,Yes — editable text/data,LOW,None,MEDIUM — QA method and results; reveals validation gaps,
GEM_V3.0_RC2_Owner_Decision_Implementation_Candidate_ODI01_R1/18_qa_evidence/letterhead_bilingual_hierarchy.json,JSON,18663,No,Yes,Yes — editable text/data,LOW,None,MEDIUM — QA method and results; reveals validation gaps,
GEM_V3.0_RC2_Owner_Decision_Implementation_Candidate_ODI01_R1/18_qa_evidence/main_ref_movement_investigation.md,Markdown,7896,No,Yes,Yes — editable text/data,LOW,None,"MEDIUM — local machine paths, identity and Git internals","Raw Git evidence including local absolute paths, committer identity (noreply) and ref history"
GEM_V3.0_RC2_Owner_Decision_Implementation_Candidate_ODI01_R1/18_qa_evidence/partd_claim_audit_candidate.csv,CSV,9080,No,Yes,Yes — editable text/data,LOW,None,MEDIUM — QA method and results; reveals validation gaps,
GEM_V3.0_RC2_Owner_Decision_Implementation_Candidate_ODI01_R1/18_qa_evidence/partd_claim_audit_original.csv,CSV,9373,No,Yes,Yes — editable text/data,LOW,None,MEDIUM — QA method and results; reveals validation gaps,
GEM_V3.0_RC2_Owner_Decision_Implementation_Candidate_ODI01_R1/18_qa_evidence/push_readiness_assessment.md,Markdown,2968,No,Yes,Yes — editable text/data,LOW,None,"MEDIUM — local machine paths, identity and Git internals","Raw Git evidence including local absolute paths, committer identity (noreply) and ref history"
GEM_V3.0_RC2_Owner_Decision_Implementation_Candidate_ODI01_R1/18_qa_evidence/render/A15_before_after.png,PNG render,74644,No,Yes,No — rendered/derived,MEDIUM,"Derived from decks: logos (VAL-03, VAL-04), fonts (VAL-05)",LOW — images of candidate slides,Side-by-side before/after slide render
GEM_V3.0_RC2_Owner_Decision_Implementation_Candidate_ODI01_R1/18_qa_evidence/render/A35_before_after.png,PNG render,63229,No,Yes,No — rendered/derived,MEDIUM,"Derived from decks: logos (VAL-03, VAL-04), fonts (VAL-05)",LOW — images of candidate slides,Side-by-side before/after slide render
GEM_V3.0_RC2_Owner_Decision_Implementation_Candidate_ODI01_R1/18_qa_evidence/render/B03_before_after.png,PNG render,124529,No,Yes,No — rendered/derived,MEDIUM,"Derived from decks: logos (VAL-03, VAL-04), fonts (VAL-05)",LOW — images of candidate slides,Side-by-side before/after slide render
GEM_V3.0_RC2_Owner_Decision_Implementation_Candidate_ODI01_R1/18_qa_evidence/render/B04_before_after.png,PNG render,145675,No,Yes,No — rendered/derived,MEDIUM,"Derived from decks: logos (VAL-03, VAL-04), fonts (VAL-05)",LOW — images of candidate slides,Side-by-side before/after slide render
GEM_V3.0_RC2_Owner_Decision_Implementation_Candidate_ODI01_R1/18_qa_evidence/render/B05_before_after.png,PNG render,156366,No,Yes,No — rendered/derived,MEDIUM,"Derived from decks: logos (VAL-03, VAL-04), fonts (VAL-05)",LOW — images of candidate slides,Side-by-side before/after slide render
GEM_V3.0_RC2_Owner_Decision_Implementation_Candidate_ODI01_R1/18_qa_evidence/render/B06_before_after.png,PNG render,90751,No,Yes,No — rendered/derived,MEDIUM,"Derived from decks: logos (VAL-03, VAL-04), fonts (VAL-05)",LOW — images of candidate slides,Side-by-side before/after slide render
GEM_V3.0_RC2_Owner_Decision_Implementation_Candidate_ODI01_R1/18_qa_evidence/render/B07_before_after.png,PNG render,99008,No,Yes,No — rendered/derived,MEDIUM,"Derived from decks: logos (VAL-03, VAL-04), fonts (VAL-05)",LOW — images of candidate slides,Side-by-side before/after slide render
GEM_V3.0_RC2_Owner_Decision_Implementation_Candidate_ODI01_R1/18_qa_evidence/render/B10_before_after.png,PNG render,113492,No,Yes,No — rendered/derived,MEDIUM,"Derived from decks: logos (VAL-03, VAL-04), fonts (VAL-05)",LOW — images of candidate slides,Side-by-side before/after slide render
GEM_V3.0_RC2_Owner_Decision_Implementation_Candidate_ODI01_R1/18_qa_evidence/render/B11_before_after.png,PNG render,134508,No,Yes,No — rendered/derived,MEDIUM,"Derived from decks: logos (VAL-03, VAL-04), fonts (VAL-05)",LOW — images of candidate slides,Side-by-side before/after slide render
GEM_V3.0_RC2_Owner_Decision_Implementation_Candidate_ODI01_R1/18_qa_evidence/render/B12_before_after.png,PNG render,136597,No,Yes,No — rendered/derived,MEDIUM,"Derived from decks: logos (VAL-03, VAL-04), fonts (VAL-05)",LOW — images of candidate slides,Side-by-side before/after slide render
GEM_V3.0_RC2_Owner_Decision_Implementation_Candidate_ODI01_R1/18_qa_evidence/render/B13_before_after.png,PNG render,133488,No,Yes,No — rendered/derived,MEDIUM,"Derived from decks: logos (VAL-03, VAL-04), fonts (VAL-05)",LOW — images of candidate slides,Side-by-side before/after slide render
GEM_V3.0_RC2_Owner_Decision_Implementation_Candidate_ODI01_R1/18_qa_evidence/render/B14_before_after.png,PNG render,92818,No,Yes,No — rendered/derived,MEDIUM,"Derived from decks: logos (VAL-03, VAL-04), fonts (VAL-05)",LOW — images of candidate slides,Side-by-side before/after slide render
GEM_V3.0_RC2_Owner_Decision_Implementation_Candidate_ODI01_R1/18_qa_evidence/render/B15_before_after.png,PNG render,99730,No,Yes,No — rendered/derived,MEDIUM,"Derived from decks: logos (VAL-03, VAL-04), fonts (VAL-05)",LOW — images of candidate slides,Side-by-side before/after slide render
GEM_V3.0_RC2_Owner_Decision_Implementation_Candidate_ODI01_R1/18_qa_evidence/render/B16_before_after.png,PNG render,123760,No,Yes,No — rendered/derived,MEDIUM,"Derived from decks: logos (VAL-03, VAL-04), fonts (VAL-05)",LOW — images of candidate slides,Side-by-side before/after slide render
GEM_V3.0_RC2_Owner_Decision_Implementation_Candidate_ODI01_R1/18_qa_evidence/render/B17_before_after.png,PNG render,98908,No,Yes,No — rendered/derived,MEDIUM,"Derived from decks: logos (VAL-03, VAL-04), fonts (VAL-05)",LOW — images of candidate slides,Side-by-side before/after slide render
GEM_V3.0_RC2_Owner_Decision_Implementation_Candidate_ODI01_R1/18_qa_evidence/render/B18_before_after.png,PNG render,142661,No,Yes,No — rendered/derived,MEDIUM,"Derived from decks: logos (VAL-03, VAL-04), fonts (VAL-05)",LOW — images of candidate slides,Side-by-side before/after slide render
GEM_V3.0_RC2_Owner_Decision_Implementation_Candidate_ODI01_R1/18_qa_evidence/render/B19_before_after.png,PNG render,111952,No,Yes,No — rendered/derived,MEDIUM,"Derived from decks: logos (VAL-03, VAL-04), fonts (VAL-05)",LOW — images of candidate slides,Side-by-side before/after slide render
GEM_V3.0_RC2_Owner_Decision_Implementation_Candidate_ODI01_R1/18_qa_evidence/render/B20_before_after.png,PNG render,92195,No,Yes,No — rendered/derived,MEDIUM,"Derived from decks: logos (VAL-03, VAL-04), fonts (VAL-05)",LOW — images of candidate slides,Side-by-side before/after slide render
GEM_V3.0_RC2_Owner_Decision_Implementation_Candidate_ODI01_R1/18_qa_evidence/render/B21_before_after.png,PNG render,109900,No,Yes,No — rendered/derived,MEDIUM,"Derived from decks: logos (VAL-03, VAL-04), fonts (VAL-05)",LOW — images of candidate slides,Side-by-side before/after slide render
GEM_V3.0_RC2_Owner_Decision_Implementation_Candidate_ODI01_R1/18_qa_evidence/render/B22_before_after.png,PNG render,97903,No,Yes,No — rendered/derived,MEDIUM,"Derived from decks: logos (VAL-03, VAL-04), fonts (VAL-05)",LOW — images of candidate slides,Side-by-side before/after slide render
GEM_V3.0_RC2_Owner_Decision_Implementation_Candidate_ODI01_R1/18_qa_evidence/render/B23_before_after.png,PNG render,92816,No,Yes,No — rendered/derived,MEDIUM,"Derived from decks: logos (VAL-03, VAL-04), fonts (VAL-05)",LOW — images of candidate slides,Side-by-side before/after slide render
GEM_V3.0_RC2_Owner_Decision_Implementation_Candidate_ODI01_R1/18_qa_evidence/render/B24_before_after.png,PNG render,94863,No,Yes,No — rendered/derived,MEDIUM,"Derived from decks: logos (VAL-03, VAL-04), fonts (VAL-05)",LOW — images of candidate slides,Side-by-side before/after slide render
GEM_V3.0_RC2_Owner_Decision_Implementation_Candidate_ODI01_R1/18_qa_evidence/render/B25_before_after.png,PNG render,119069,No,Yes,No — rendered/derived,MEDIUM,"Derived from decks: logos (VAL-03, VAL-04), fonts (VAL-05)",LOW — images of candidate slides,Side-by-side before/after slide render
GEM_V3.0_RC2_Owner_Decision_Implementation_Candidate_ODI01_R1/18_qa_evidence/render/B26_before_after.png,PNG render,132718,No,Yes,No — rendered/derived,MEDIUM,"Derived from decks: logos (VAL-03, VAL-04), fonts (VAL-05)",LOW — images of candidate slides,Side-by-side before/after slide render
GEM_V3.0_RC2_Owner_Decision_Implementation_Candidate_ODI01_R1/18_qa_evidence/render/B27_before_after.png,PNG render,129269,No,Yes,No — rendered/derived,MEDIUM,"Derived from decks: logos (VAL-03, VAL-04), fonts (VAL-05)",LOW — images of candidate slides,Side-by-side before/after slide render
GEM_V3.0_RC2_Owner_Decision_Implementation_Candidate_ODI01_R1/18_qa_evidence/render/B29_before_after.png,PNG render,107066,No,Yes,No — rendered/derived,MEDIUM,"Derived from decks: logos (VAL-03, VAL-04), fonts (VAL-05)",LOW — images of candidate slides,Side-by-side before/after slide render
GEM_V3.0_RC2_Owner_Decision_Implementation_Candidate_ODI01_R1/18_qa_evidence/render/B30_before_after.png,PNG render,119318,No,Yes,No — rendered/derived,MEDIUM,"Derived from decks: logos (VAL-03, VAL-04), fonts (VAL-05)",LOW — images of candidate slides,Side-by-side before/after slide render
GEM_V3.0_RC2_Owner_Decision_Implementation_Candidate_ODI01_R1/18_qa_evidence/render/B31_before_after.png,PNG render,110685,No,Yes,No — rendered/derived,MEDIUM,"Derived from decks: logos (VAL-03, VAL-04), fonts (VAL-05)",LOW — images of candidate slides,Side-by-side before/after slide render
GEM_V3.0_RC2_Owner_Decision_Implementation_Candidate_ODI01_R1/18_qa_evidence/render/B32_before_after.png,PNG render,117363,No,Yes,No — rendered/derived,MEDIUM,"Derived from decks: logos (VAL-03, VAL-04), fonts (VAL-05)",LOW — images of candidate slides,Side-by-side before/after slide render
GEM_V3.0_RC2_Owner_Decision_Implementation_Candidate_ODI01_R1/18_qa_evidence/render/B33_before_after.png,PNG render,104296,No,Yes,No — rendered/derived,MEDIUM,"Derived from decks: logos (VAL-03, VAL-04), fonts (VAL-05)",LOW — images of candidate slides,Side-by-side before/after slide render
GEM_V3.0_RC2_Owner_Decision_Implementation_Candidate_ODI01_R1/18_qa_evidence/render/B35_before_after.png,PNG render,158149,No,Yes,No — rendered/derived,MEDIUM,"Derived from decks: logos (VAL-03, VAL-04), fonts (VAL-05)",LOW — images of candidate slides,Side-by-side before/after slide render
GEM_V3.0_RC2_Owner_Decision_Implementation_Candidate_ODI01_R1/18_qa_evidence/render/C04_before_after.png,PNG render,105381,No,Yes,No — rendered/derived,MEDIUM,"Derived from decks: logos (VAL-03, VAL-04), fonts (VAL-05)",LOW — images of candidate slides,Side-by-side before/after slide render
GEM_V3.0_RC2_Owner_Decision_Implementation_Candidate_ODI01_R1/18_qa_evidence/render/C07_before_after.png,PNG render,134059,No,Yes,No — rendered/derived,MEDIUM,"Derived from decks: logos (VAL-03, VAL-04), fonts (VAL-05)",LOW — images of candidate slides,Side-by-side before/after slide render
GEM_V3.0_RC2_Owner_Decision_Implementation_Candidate_ODI01_R1/18_qa_evidence/render/C09_before_after.png,PNG render,88434,No,Yes,No — rendered/derived,MEDIUM,"Derived from decks: logos (VAL-03, VAL-04), fonts (VAL-05)",LOW — images of candidate slides,Side-by-side before/after slide render
GEM_V3.0_RC2_Owner_Decision_Implementation_Candidate_ODI01_R1/18_qa_evidence/render/C15_before_after.png,PNG render,100397,No,Yes,No — rendered/derived,MEDIUM,"Derived from decks: logos (VAL-03, VAL-04), fonts (VAL-05)",LOW — images of candidate slides,Side-by-side before/after slide render
GEM_V3.0_RC2_Owner_Decision_Implementation_Candidate_ODI01_R1/18_qa_evidence/render/C21_before_after.png,PNG render,77493,No,Yes,No — rendered/derived,MEDIUM,"Derived from decks: logos (VAL-03, VAL-04), fonts (VAL-05)",LOW — images of candidate slides,Side-by-side before/after slide render
GEM_V3.0_RC2_Owner_Decision_Implementation_Candidate_ODI01_R1/18_qa_evidence/render/C23_before_after.png,PNG render,75355,No,Yes,No — rendered/derived,MEDIUM,"Derived from decks: logos (VAL-03, VAL-04), fonts (VAL-05)",LOW — images of candidate slides,Side-by-side before/after slide render
GEM_V3.0_RC2_Owner_Decision_Implementation_Candidate_ODI01_R1/18_qa_evidence/render/C28_before_after.png,PNG render,66148,No,Yes,No — rendered/derived,MEDIUM,"Derived from decks: logos (VAL-03, VAL-04), fonts (VAL-05)",LOW — images of candidate slides,Side-by-side before/after slide render
GEM_V3.0_RC2_Owner_Decision_Implementation_Candidate_ODI01_R1/18_qa_evidence/render/C30_before_after.png,PNG render,71935,No,Yes,No — rendered/derived,MEDIUM,"Derived from decks: logos (VAL-03, VAL-04), fonts (VAL-05)",LOW — images of candidate slides,Side-by-side before/after slide render
GEM_V3.0_RC2_Owner_Decision_Implementation_Candidate_ODI01_R1/18_qa_evidence/render/C32_before_after.png,PNG render,72055,No,Yes,No — rendered/derived,MEDIUM,"Derived from decks: logos (VAL-03, VAL-04), fonts (VAL-05)",LOW — images of candidate slides,Side-by-side before/after slide render
GEM_V3.0_RC2_Owner_Decision_Implementation_Candidate_ODI01_R1/18_qa_evidence/render/C34_before_after.png,PNG render,62021,No,Yes,No — rendered/derived,MEDIUM,"Derived from decks: logos (VAL-03, VAL-04), fonts (VAL-05)",LOW — images of candidate slides,Side-by-side before/after slide render
GEM_V3.0_RC2_Owner_Decision_Implementation_Candidate_ODI01_R1/18_qa_evidence/render/C39_before_after.png,PNG render,76691,No,Yes,No — rendered/derived,MEDIUM,"Derived from decks: logos (VAL-03, VAL-04), fonts (VAL-05)",LOW — images of candidate slides,Side-by-side before/after slide render
GEM_V3.0_RC2_Owner_Decision_Implementation_Candidate_ODI01_R1/18_qa_evidence/render/C43_before_after.png,PNG render,65172,No,Yes,No — rendered/derived,MEDIUM,"Derived from decks: logos (VAL-03, VAL-04), fonts (VAL-05)",LOW — images of candidate slides,Side-by-side before/after slide render
GEM_V3.0_RC2_Owner_Decision_Implementation_Candidate_ODI01_R1/18_qa_evidence/render/C44_before_after.png,PNG render,82544,No,Yes,No — rendered/derived,MEDIUM,"Derived from decks: logos (VAL-03, VAL-04), fonts (VAL-05)",LOW — images of candidate slides,Side-by-side before/after slide render
GEM_V3.0_RC2_Owner_Decision_Implementation_Candidate_ODI01_R1/18_qa_evidence/render/C47_before_after.png,PNG render,72138,No,Yes,No — rendered/derived,MEDIUM,"Derived from decks: logos (VAL-03, VAL-04), fonts (VAL-05)",LOW — images of candidate slides,Side-by-side before/after slide render
GEM_V3.0_RC2_Owner_Decision_Implementation_Candidate_ODI01_R1/18_qa_evidence/render/C49_before_after.png,PNG render,81863,No,Yes,No — rendered/derived,MEDIUM,"Derived from decks: logos (VAL-03, VAL-04), fonts (VAL-05)",LOW — images of candidate slides,Side-by-side before/after slide render
GEM_V3.0_RC2_Owner_Decision_Implementation_Candidate_ODI01_R1/18_qa_evidence/render/C51_before_after.png,PNG render,52273,No,Yes,No — rendered/derived,MEDIUM,"Derived from decks: logos (VAL-03, VAL-04), fonts (VAL-05)",LOW — images of candidate slides,Side-by-side before/after slide render
GEM_V3.0_RC2_Owner_Decision_Implementation_Candidate_ODI01_R1/18_qa_evidence/render/C52_before_after.png,PNG render,60417,No,Yes,No — rendered/derived,MEDIUM,"Derived from decks: logos (VAL-03, VAL-04), fonts (VAL-05)",LOW — images of candidate slides,Side-by-side before/after slide render
GEM_V3.0_RC2_Owner_Decision_Implementation_Candidate_ODI01_R1/18_qa_evidence/render/C54_before_after.png,PNG render,56250,No,Yes,No — rendered/derived,MEDIUM,"Derived from decks: logos (VAL-03, VAL-04), fonts (VAL-05)",LOW — images of candidate slides,Side-by-side before/after slide render
GEM_V3.0_RC2_Owner_Decision_Implementation_Candidate_ODI01_R1/18_qa_evidence/render/C57_before_after.png,PNG render,52499,No,Yes,No — rendered/derived,MEDIUM,"Derived from decks: logos (VAL-03, VAL-04), fonts (VAL-05)",LOW — images of candidate slides,Side-by-side before/after slide render
GEM_V3.0_RC2_Owner_Decision_Implementation_Candidate_ODI01_R1/18_qa_evidence/render/C60_before_after.png,PNG render,85233,No,Yes,No — rendered/derived,MEDIUM,"Derived from decks: logos (VAL-03, VAL-04), fonts (VAL-05)",LOW — images of candidate slides,Side-by-side before/after slide render
GEM_V3.0_RC2_Owner_Decision_Implementation_Candidate_ODI01_R1/18_qa_evidence/render/C61_before_after.png,PNG render,66784,No,Yes,No — rendered/derived,MEDIUM,"Derived from decks: logos (VAL-03, VAL-04), fonts (VAL-05)",LOW — images of candidate slides,Side-by-side before/after slide render
GEM_V3.0_RC2_Owner_Decision_Implementation_Candidate_ODI01_R1/18_qa_evidence/render/C62_before_after.png,PNG render,106340,No,Yes,No — rendered/derived,MEDIUM,"Derived from decks: logos (VAL-03, VAL-04), fonts (VAL-05)",LOW — images of candidate slides,Side-by-side before/after slide render
GEM_V3.0_RC2_Owner_Decision_Implementation_Candidate_ODI01_R1/18_qa_evidence/render/C63_before_after.png,PNG render,73296,No,Yes,No — rendered/derived,MEDIUM,"Derived from decks: logos (VAL-03, VAL-04), fonts (VAL-05)",LOW — images of candidate slides,Side-by-side before/after slide render
GEM_V3.0_RC2_Owner_Decision_Implementation_Candidate_ODI01_R1/18_qa_evidence/render/C64_before_after.png,PNG render,73920,No,Yes,No — rendered/derived,MEDIUM,"Derived from decks: logos (VAL-03, VAL-04), fonts (VAL-05)",LOW — images of candidate slides,Side-by-side before/after slide render
GEM_V3.0_RC2_Owner_Decision_Implementation_Candidate_ODI01_R1/18_qa_evidence/render/C65_before_after.png,PNG render,63504,No,Yes,No — rendered/derived,MEDIUM,"Derived from decks: logos (VAL-03, VAL-04), fonts (VAL-05)",LOW — images of candidate slides,Side-by-side before/after slide render
GEM_V3.0_RC2_Owner_Decision_Implementation_Candidate_ODI01_R1/18_qa_evidence/render/C66_before_after.png,PNG render,47977,No,Yes,No — rendered/derived,MEDIUM,"Derived from decks: logos (VAL-03, VAL-04), fonts (VAL-05)",LOW — images of candidate slides,Side-by-side before/after slide render
GEM_V3.0_RC2_Owner_Decision_Implementation_Candidate_ODI01_R1/18_qa_evidence/render/C67_before_after.png,PNG render,48047,No,Yes,No — rendered/derived,MEDIUM,"Derived from decks: logos (VAL-03, VAL-04), fonts (VAL-05)",LOW — images of candidate slides,Side-by-side before/after slide render
GEM_V3.0_RC2_Owner_Decision_Implementation_Candidate_ODI01_R1/18_qa_evidence/render/C68_before_after.png,PNG render,73767,No,Yes,No — rendered/derived,MEDIUM,"Derived from decks: logos (VAL-03, VAL-04), fonts (VAL-05)",LOW — images of candidate slides,Side-by-side before/after slide render
GEM_V3.0_RC2_Owner_Decision_Implementation_Candidate_ODI01_R1/18_qa_evidence/render/C69_before_after.png,PNG render,80421,No,Yes,No — rendered/derived,MEDIUM,"Derived from decks: logos (VAL-03, VAL-04), fonts (VAL-05)",LOW — images of candidate slides,Side-by-side before/after slide render
GEM_V3.0_RC2_Owner_Decision_Implementation_Candidate_ODI01_R1/18_qa_evidence/render/C70_before_after.png,PNG render,78120,No,Yes,No — rendered/derived,MEDIUM,"Derived from decks: logos (VAL-03, VAL-04), fonts (VAL-05)",LOW — images of candidate slides,Side-by-side before/after slide render
GEM_V3.0_RC2_Owner_Decision_Implementation_Candidate_ODI01_R1/18_qa_evidence/render/C71_before_after.png,PNG render,78679,No,Yes,No — rendered/derived,MEDIUM,"Derived from decks: logos (VAL-03, VAL-04), fonts (VAL-05)",LOW — images of candidate slides,Side-by-side before/after slide render
GEM_V3.0_RC2_Owner_Decision_Implementation_Candidate_ODI01_R1/18_qa_evidence/render/C72_before_after.png,PNG render,76342,No,Yes,No — rendered/derived,MEDIUM,"Derived from decks: logos (VAL-03, VAL-04), fonts (VAL-05)",LOW — images of candidate slides,Side-by-side before/after slide render
GEM_V3.0_RC2_Owner_Decision_Implementation_Candidate_ODI01_R1/18_qa_evidence/render/C74_before_after.png,PNG render,62354,No,Yes,No — rendered/derived,MEDIUM,"Derived from decks: logos (VAL-03, VAL-04), fonts (VAL-05)",LOW — images of candidate slides,Side-by-side before/after slide render
GEM_V3.0_RC2_Owner_Decision_Implementation_Candidate_ODI01_R1/18_qa_evidence/validation_id_checker_test_results.json,JSON,5589,No,Yes,Yes — editable text/data,LOW,None,MEDIUM — QA method and results; reveals validation gaps,
GEM_V3.0_RC2_Owner_Decision_Implementation_Candidate_ODI01_R1/18_qa_evidence/validation_id_checker_tests.json,JSON,1945,No,Yes,Yes — editable text/data,LOW,None,MEDIUM — QA method and results; reveals validation gaps,
GEM_V3.0_RC2_Owner_Decision_Implementation_Candidate_ODI01_R1/19_candidate_documents/d3a_carried_forward/PartD_SHA256SUMS.candidate.txt,Text,301,No,Yes,Yes — editable text/data,LOW,None,LOW,Candidate prose / carried-forward record (D3A and register adoption)
GEM_V3.0_RC2_Owner_Decision_Implementation_Candidate_ODI01_R1/19_candidate_documents/d3a_carried_forward/release_language/03_qa__GEM_V3_RC2_Release_Notes.AFC02-CANDIDATE.md,Markdown,15316,No,Yes,Yes — editable text/data,LOW,None,LOW,Candidate prose / carried-forward record (D3A and register adoption)
GEM_V3.0_RC2_Owner_Decision_Implementation_Candidate_ODI01_R1/19_candidate_documents/d3a_carried_forward/release_language/qa__GEM_V3_RC2_Final_Release_Notes.AFC02-CANDIDATE.md,Markdown,5369,No,Yes,Yes — editable text/data,LOW,None,LOW,Candidate prose / carried-forward record (D3A and register adoption)
GEM_V3.0_RC2_Owner_Decision_Implementation_Candidate_ODI01_R1/19_candidate_documents/d3a_carried_forward/release_language/qa__GEM_V3_RC2_Release_Notes.AFC02-CANDIDATE.md,Markdown,15316,No,Yes,Yes — editable text/data,LOW,None,LOW,Candidate prose / carried-forward record (D3A and register adoption)
GEM_V3.0_RC2_Owner_Decision_Implementation_Candidate_ODI01_R1/19_candidate_documents/d3a_carried_forward/wording_candidates.md,Markdown,1810,No,Yes,Yes — editable text/data,LOW,None,LOW,Candidate prose / carried-forward record (D3A and register adoption)
GEM_V3.0_RC2_Owner_Decision_Implementation_Candidate_ODI01_R1/19_candidate_documents/d3a_carried_forward/x12_mapping_option_A_BRAND.csv,CSV,8253,No,Yes,Yes — editable text/data,LOW,None,LOW,Candidate prose / carried-forward record (D3A and register adoption)
GEM_V3.0_RC2_Owner_Decision_Implementation_Candidate_ODI01_R1/19_candidate_documents/d3a_carried_forward/x12_mapping_option_B_Logo.csv,CSV,8218,No,Yes,Yes — editable text/data,LOW,None,LOW,Candidate prose / carried-forward record (D3A and register adoption)
GEM_V3.0_RC2_Owner_Decision_Implementation_Candidate_ODI01_R1/19_candidate_documents/d3a_carried_forward/x12_options_check.json,JSON,332,No,Yes,Yes — editable text/data,LOW,None,LOW,Candidate prose / carried-forward record (D3A and register adoption)
GEM_V3.0_RC2_Owner_Decision_Implementation_Candidate_ODI01_R1/19_candidate_documents/deck_candidates/GEM Amenities & Packaging — Concept Product Portfolio V3.0 — Part D — RC2 — ODI01-R1 CANDIDATE (UNAPPROVED).pdf,PDF export,4126338,No,Yes,No — rendered/derived,MEDIUM,"Logos/marks (VAL-03, VAL-04); fonts named/embedded (VAL-05, VAL-19); AI-generated concept imagery (VAL-06); master acceptance (VAL-02)",MEDIUM — unapproved candidate content labelled UNAPPROVED / NOT RELEASED,Unpublished PDF export of an unapproved candidate
GEM_V3.0_RC2_Owner_Decision_Implementation_Candidate_ODI01_R1/19_candidate_documents/deck_candidates/GEM Amenities & Packaging — Concept Product Portfolio V3.0 — Part D — RC2 — ODI01-R1 CANDIDATE (UNAPPROVED).pptx,PPTX deck (editable),29075140,No,Yes,Yes — editable deck source,HIGH,"Logos/marks (VAL-03, VAL-04); fonts named/embedded (VAL-05, VAL-19); AI-generated concept imagery (VAL-06); master acceptance (VAL-02)",MEDIUM — unapproved candidate content labelled UNAPPROVED / NOT RELEASED,Unpublished visual candidate; byte-identical copy of ODI01 Part D deck (adds a candidate-named object)
GEM_V3.0_RC2_Owner_Decision_Implementation_Candidate_ODI01_R1/19_candidate_documents/deck_candidates/GEM Brand Guidelines V3.0 — Part A — RC2 — ODI01-R1 CANDIDATE (UNAPPROVED).pdf,PDF export,3977305,No,Yes,No — rendered/derived,MEDIUM,"Logos/marks (VAL-03, VAL-04); fonts named/embedded (VAL-05, VAL-19); master acceptance (VAL-02)",MEDIUM — unapproved candidate content labelled UNAPPROVED / NOT RELEASED,Unpublished PDF export of an unapproved candidate
GEM_V3.0_RC2_Owner_Decision_Implementation_Candidate_ODI01_R1/19_candidate_documents/deck_candidates/GEM Brand Guidelines V3.0 — Part A — RC2 — ODI01-R1 CANDIDATE (UNAPPROVED).pptx,PPTX deck (editable),8402140,No,Yes,Yes — editable deck source,HIGH,"Logos/marks (VAL-03, VAL-04); fonts named/embedded (VAL-05, VAL-19); master acceptance (VAL-02)",MEDIUM — unapproved candidate content labelled UNAPPROVED / NOT RELEASED,Unpublished visual candidate derived from the public release deck; differs by D5 edits
GEM_V3.0_RC2_Owner_Decision_Implementation_Candidate_ODI01_R1/19_candidate_documents/deck_candidates/GEM Digital Design System V3.0 — Part B — RC2 — ODI01-R1 CANDIDATE (UNAPPROVED).pdf,PDF export,511061,No,Yes,No — rendered/derived,MEDIUM,"Logos/marks (VAL-03, VAL-04); fonts named/embedded (VAL-05, VAL-19); master acceptance (VAL-02)",MEDIUM — unapproved candidate content labelled UNAPPROVED / NOT RELEASED,Unpublished PDF export of an unapproved candidate
GEM_V3.0_RC2_Owner_Decision_Implementation_Candidate_ODI01_R1/19_candidate_documents/deck_candidates/GEM Digital Design System V3.0 — Part B — RC2 — ODI01-R1 CANDIDATE (UNAPPROVED).pptx,PPTX deck (editable),158012,No,Yes,Yes — editable deck source,HIGH,"Logos/marks (VAL-03, VAL-04); fonts named/embedded (VAL-05, VAL-19); master acceptance (VAL-02)",MEDIUM — unapproved candidate content labelled UNAPPROVED / NOT RELEASED,Unpublished visual candidate derived from the public release deck; differs by D5 edits
GEM_V3.0_RC2_Owner_Decision_Implementation_Candidate_ODI01_R1/19_candidate_documents/deck_candidates/GEM Production Standards V3.0 — Part C — RC2 — ODI01-R1 CANDIDATE (UNAPPROVED).pdf,PDF export,985365,No,Yes,No — rendered/derived,MEDIUM,"Logos/marks (VAL-03, VAL-04); fonts named/embedded (VAL-05, VAL-19); master acceptance (VAL-02)",MEDIUM — unapproved candidate content labelled UNAPPROVED / NOT RELEASED,Unpublished PDF export of an unapproved candidate
GEM_V3.0_RC2_Owner_Decision_Implementation_Candidate_ODI01_R1/19_candidate_documents/deck_candidates/GEM Production Standards V3.0 — Part C — RC2 — ODI01-R1 CANDIDATE (UNAPPROVED).pptx,PPTX deck (editable),948316,No,Yes,Yes — editable deck source,HIGH,"Logos/marks (VAL-03, VAL-04); fonts named/embedded (VAL-05, VAL-19); master acceptance (VAL-02)",MEDIUM — unapproved candidate content labelled UNAPPROVED / NOT RELEASED,Unpublished visual candidate derived from the public release deck; differs by D5 edits
GEM_V3.0_RC2_Owner_Decision_Implementation_Candidate_ODI01_R1/19_candidate_documents/partd/README.ODI01-R1-CANDIDATE.md,Markdown,1145,No,Yes,Yes — editable text/data,LOW,None,LOW,Candidate prose / carried-forward record (D3A and register adoption)
GEM_V3.0_RC2_Owner_Decision_Implementation_Candidate_ODI01_R1/19_candidate_documents/partd/qa__GEM_V3_RC2_Asset_Sync_Change_Log.ODI01-R1-CANDIDATE.md,Markdown,3082,No,Yes,Yes — editable text/data,LOW,None,LOW,Candidate prose / carried-forward record (D3A and register adoption)
GEM_V3.0_RC2_Owner_Decision_Implementation_Candidate_ODI01_R1/19_candidate_documents/partd/qa__GEM_V3_RC2_Final_Release_Notes.ODI01-R1-D6-CANDIDATE.md,Markdown,5387,No,Yes,Yes — editable text/data,LOW,None,LOW,Candidate prose / carried-forward record (D3A and register adoption)
GEM_V3.0_RC2_Owner_Decision_Implementation_Candidate_ODI01_R1/19_candidate_documents/register_adoption/GEM_V3_Final_Brand_Approval_Register_Prefilled.ADOPTION_RECORD_2026-10-08.md,Markdown,2347,No,Yes,Yes — editable text/data,LOW,None,LOW,Candidate prose / carried-forward record (D3A and register adoption)
GEM_V3.0_RC2_Owner_Decision_Implementation_Candidate_ODI01_R1/19_candidate_documents/tokens/gem-tokens.v3.0-rc2.ODI01-R1-candidate.css,CSS,10995,No,Yes,Yes — editable token source,HIGH,"Font families and weights (VAL-05, VAL-19); palette/brand marks derived from the brand system (VAL-03, VAL-04)",MEDIUM — unapproved candidate content labelled UNAPPROVED / NOT RELEASED,Candidate token package (status-reduced; 500-weight descriptions); derives from public tokens
GEM_V3.0_RC2_Owner_Decision_Implementation_Candidate_ODI01_R1/19_candidate_documents/tokens/gem-tokens.v3.0-rc2.ODI01-R1-candidate.json,JSON,25977,No,Yes,Yes — editable token source,HIGH,"Font families and weights (VAL-05, VAL-19); palette/brand marks derived from the brand system (VAL-03, VAL-04)",MEDIUM — unapproved candidate content labelled UNAPPROVED / NOT RELEASED,Candidate token package (status-reduced; 500-weight descriptions); derives from public tokens
GEM_V3.0_RC2_Owner_Decision_Implementation_Candidate_ODI01_R1/19_candidate_documents/tokens/token_status_implementation.csv,CSV,20919,No,Yes,Yes — editable text/data,LOW,None,LOW,
GEM_V3.0_RC2_Owner_Decision_Implementation_Candidate_ODI01_R1/19_candidate_documents/tokens/token_verification.json,JSON,2196,No,Yes,Yes — editable text/data,LOW,None,LOW,
GEM_V3.0_RC2_Owner_Decision_Implementation_Candidate_ODI01_R1/MANIFEST.json,JSON,32584,No,Yes,Yes — editable text/data,LOW,None,LOW,
GEM_V3.0_RC2_Owner_Decision_Implementation_Candidate_ODI01_R1/SHA256SUMS.txt,Text,18637,No,Yes,Yes — editable text/data,LOW,None,LOW,
