Option,Option description,Dimension,Rating,Delta vs Option A,Notes
A,Keep repository public; do not push ODI01-R1 yet,Trademark exposure,MEDIUM,Baseline,Logo kit and the GEM™ name are already public while VAL-03 is Not started. Nothing is added.
A,Keep repository public; do not push ODI01-R1 yet,Copyright / ownership uncertainty,HIGH,Baseline,"64 logo vector/PDF masters, 14 editable PPTX and 30 editable DOCX stay public; VAL-04 Not started; no ownership evidence in the repository."
A,Keep repository public; do not push ODI01-R1 yet,Font licensing,MEDIUM,Baseline,"3 static OFL Regular files public at baseline, plus 9 more (Bold, variable, Regular) reachable via open PR #10. OFL text present; accepted builds and deployment acceptance not recorded (VAL-05 In progress). No change under this option."
A,Keep repository public; do not push ODI01-R1 yet,Image / AI rights,HIGH,Baseline,15 AI-generated concept images (29.5 MB) already public; no image rights recorded (VAL-06 Not started). No change.
A,Keep repository public; do not push ODI01-R1 yet,Editable source-file exposure,HIGH,Baseline,Editable and vector source files already public. No change.
A,Keep repository public; do not push ODI01-R1 yet,Internal governance exposure,MEDIUM,Baseline,"Public registers and the audit note already state open gates and findings. ODI01-R1 governance decisions, validation gaps and Git evidence stay unpublished."
A,Keep repository public; do not push ODI01-R1 yet,Operational convenience (friction),LOW,Baseline,"Nothing changes; no setting, access or target decision is needed now."
A,Keep repository public; do not push ODI01-R1 yet,Collaboration / review convenience (friction),HIGH,Higher friction than B,Reviewers cannot read R1 remotely. Any off-repository sharing of the same files would itself be a distribution channel needing a decision.
A,Keep repository public; do not push ODI01-R1 yet,Traceability,MEDIUM,Higher friction than B,The two local commits exist only in this machine's repository (no remote copy). Hashes and manifest allow later verification.
A,Keep repository public; do not push ODI01-R1 yet,Rollback / removal limitations,MEDIUM,Baseline,"Nothing new is uploaded. The existing public objects cannot be assumed removable; whether third-party copies exist is UNKNOWN (0 forks, stars and watchers at query time; clones are not countable)."
A,Keep repository public; do not push ODI01-R1 yet,Future release governance,MEDIUM,Baseline,Decision stays open and candidate work accumulates locally. AC20 unaffected.
B,Keep repository public; authorize ODI01-R1 branch-only push,Trademark exposure,MEDIUM,Slightly higher,"Same marks as already public, shown in 4 more editable decks and 64 render images. No new mark."
B,Keep repository public; authorize ODI01-R1 branch-only push,Copyright / ownership uncertainty,HIGH,Higher,Adds editable and rendered derivatives of the logo kit and decks without ownership evidence (VAL-04).
B,Keep repository public; authorize ODI01-R1 branch-only push,Font licensing,MEDIUM,Slightly higher,"No font binaries are added, but the 4 candidate PDFs embed subsets of the three fonts. Whether embedded subsets in public PDFs matter is a Legal/IP question; rating is not a conclusion."
B,Keep repository public; authorize ODI01-R1 branch-only push,Image / AI rights,HIGH,Higher,The Part D candidate PPTX (29 MB) and PDF re-embed the AI-generated images as new files; rights not recorded (VAL-06).
B,Keep repository public; authorize ODI01-R1 branch-only push,Editable source-file exposure,HIGH,Higher,"+4 editable candidate decks, candidate token JSON/CSS, 22 scripts; 96 of 164 new files are editable/source type."
B,Keep repository public; authorize ODI01-R1 branch-only push,Internal governance exposure,HIGH,Higher,"Publishes owner decisions D1–D8, AC20 status, validation gaps, draft commentary and Git evidence with local paths. A D7 package on the same branch would publish the Legal/IP questions too."
B,Keep repository public; authorize ODI01-R1 branch-only push,Operational convenience (friction),MEDIUM,Different,`origin` push is reported as not permitted for the authenticated account (push:false); `letterhead-fork` push is permitted but targets the second public repository. Target and credentials need a decision.
B,Keep repository public; authorize ODI01-R1 branch-only push,Collaboration / review convenience (friction),LOW,Lower friction than A,"Reviewers can read the branch, but only because it is public."
B,Keep repository public; authorize ODI01-R1 branch-only push,Traceability,LOW,Lower than A,Remote copy plus recorded hashes and manifest.
B,Keep repository public; authorize ODI01-R1 branch-only push,Rollback / removal limitations,HIGH,Higher,"Deleting the branch removes the name, not necessarily the objects. Forking is enabled; clones and caches cannot be recalled; a PR would add refs that keep objects reachable."
B,Keep repository public; authorize ODI01-R1 branch-only push,Future release governance,MEDIUM,Same as A,"Every file is labelled UNAPPROVED / NOT RELEASED, but a public branch precedes AC20 and could be read as nearer to release than it is."
C,Make repository private before any ODI01-R1 push,Trademark exposure,MEDIUM,Lower for future only,Existing public disclosure of the marks is not undone. Future exposure is limited to authorized readers.
C,Make repository private before any ODI01-R1 push,Copyright / ownership uncertainty,HIGH,Lower for future only,Past disclosure of masters and editable files stands. Private status limits new disclosure only.
C,Make repository private before any ODI01-R1 push,Font licensing,MEDIUM,Lower for future only,Font files already public stay public in history copies. Future pushes are access-controlled.
C,Make repository private before any ODI01-R1 push,Image / AI rights,HIGH,Lower for future only,Already-public AI-generated images stay disclosed; VAL-06 still not started.
C,Make repository private before any ODI01-R1 push,Editable source-file exposure,HIGH,Lower for future only,Existing public copies of editable sources are unaffected.
C,Make repository private before any ODI01-R1 push,Internal governance exposure,MEDIUM,Lower than B,R1 governance material would be visible only to authorized readers.
C,Make repository private before any ODI01-R1 push,Operational convenience (friction),HIGH,Higher friction,Needs admin rights on `mish3labdul/GEM` (the authenticated account has pull only). The second public repository `mashaelalh/GEM` is unaffected unless changed separately. Open PR #10 and existing links are affected. Access management is required.
C,Make repository private before any ODI01-R1 push,Collaboration / review convenience (friction),MEDIUM,Different,Reviewers need invitations; external reviewers need an access decision.
C,Make repository private before any ODI01-R1 push,Traceability,LOW,Lower than A,Remote copy with access control; history intact.
C,Make repository private before any ODI01-R1 push,Rollback / removal limitations,MEDIUM,Different,"Visibility can be changed back, but prior copies and caches are unaffected. Whether copies exist is UNKNOWN."
C,Make repository private before any ODI01-R1 push,Future release governance,LOW,Lower,Aligns publication with the state of the gates; reversible by the owner.
D,Keep public baseline; move candidate/audit work to a private controlled repository,Trademark exposure,MEDIUM,Baseline,Public baseline unchanged; candidate marks not newly published.
D,Keep public baseline; move candidate/audit work to a private controlled repository,Copyright / ownership uncertainty,HIGH,Baseline,Baseline disclosure unchanged; candidate derivatives stay private.
D,Keep public baseline; move candidate/audit work to a private controlled repository,Font licensing,MEDIUM,Baseline,Baseline font position unchanged; no new public font copies.
D,Keep public baseline; move candidate/audit work to a private controlled repository,Image / AI rights,HIGH,Baseline,Baseline AI imagery stays public; the candidate copy stays private.
D,Keep public baseline; move candidate/audit work to a private controlled repository,Editable source-file exposure,HIGH,Baseline for existing; lower than B for new,Existing editable sources stay public; new candidate sources are not published.
D,Keep public baseline; move candidate/audit work to a private controlled repository,Internal governance exposure,MEDIUM,Lower than B,Governance material stays in the controlled repository.
D,Keep public baseline; move candidate/audit work to a private controlled repository,Operational convenience (friction),HIGH,Higher friction,"A second repository must be created and administered (creation is outside this task), history duplicated, and a source of truth for `main` chosen."
D,Keep public baseline; move candidate/audit work to a private controlled repository,Collaboration / review convenience (friction),MEDIUM,Different,Reviewers need access to the private repository and the public baseline.
D,Keep public baseline; move candidate/audit work to a private controlled repository,Traceability,MEDIUM,Higher than B,Lineage is split across two repositories; cross-repository hash references are needed.
D,Keep public baseline; move candidate/audit work to a private controlled repository,Rollback / removal limitations,MEDIUM,Lower than B,Private repository content stays under owner control. The public baseline cannot be assumed removable.
D,Keep public baseline; move candidate/audit work to a private controlled repository,Future release governance,MEDIUM,Different,A promotion path from private to public is needed; promotion would itself be a publication event for Legal/IP and AC20.
E,Other,(all dimensions),UNKNOWN,n/a,Not rated: no further option is supported by the repository structure beyond (a) deciding which of the two public repositories is in scope and (b) the owner naming a different arrangement. Rate it when specified.
