Family,Weight,Filename,Path,SHA-256,Version,Licence evidence,Accepted / current status
Inter,400,Inter-Regular.ttf,GEM_Letterhead_Set_v1.1_Application_Revision_03/00_source/fonts/inter/Inter-Regular.ttf,8bac02d5d1dc9b05c818621d473abb9fb3017766fa127c1bf31563708ed7f387,Version 4.001;git-66647c0bb,SIL OFL 1.1; OFL.txt in package (Copyright 2020 The Inter Project Authors),"PRESENT — CURRENT (working build, genuine static 400; deployment-rights acceptance NOT given: VAL-05, Y03)"
Inter,700,GEM-Working-Inter-Bold.ttf,"~/Library/Fonts/GEM-Working-Inter-Bold.ttf (user machine, OUTSIDE repository)",e71b947fd82d521f678ba9f3005223575d5fcca30ed566918d6d3893e796128c,Version 4.001;git-66647c0bb,SIL OFL 1.1; OFL.txt in package (Copyright 2020 The Inter Project Authors),NOT IN REPOSITORY — NOT ACCEPTED — weight 700 — manifest status: ARCHIVED INPUT / 700 NOT USED IN REVIEW R1. Not a 500; does not satisfy D5.
Inter,variable (wght axis incl. 500),"Inter[opsz,wght].ttf",(recorded in letterhead Original_Font_Manifest.json only),29160a80ff49ddcab2c97711247e08b1fab27a484a329ce8b813d820dc559031,Version 4.001;git-66647c0bb,SIL OFL 1.1; OFL.txt in package (Copyright 2020 The Inter Project Authors),NOT IN REPOSITORY — NOT ACCEPTED — manifest status: WORKING BUILD / VAL-05 AND VAL-19 OPEN
Jost,400,Jost-Regular.ttf,GEM_Letterhead_Set_v1.1_Application_Revision_03/00_source/fonts/jost/Jost-Regular.ttf,db44231dc34cf8a2a2fa2f7b96aa856a374232d7f395053cbf86e10ae73ac3e5,Version 3.710,SIL OFL 1.1; OFL.txt in package (Copyright 2020 The Jost Project Authors),"PRESENT — CURRENT (working build, genuine static 400; deployment-rights acceptance NOT given: VAL-05, Y03)"
Jost,700,GEM-Working-Jost-Bold.ttf,"~/Library/Fonts/GEM-Working-Jost-Bold.ttf (user machine, OUTSIDE repository)",b4fe593d2c35b0818f2eada3f1c498a1e6a22100414102241cd7e6d7c1100fa2,Version 3.710,SIL OFL 1.1; OFL.txt in package (Copyright 2020 The Jost Project Authors),NOT IN REPOSITORY — NOT ACCEPTED — weight 700 — manifest status: ARCHIVED INPUT / 700 NOT USED IN REVIEW R1. Not a 500; does not satisfy D5.
Jost,variable (wght axis incl. 500),Jost[wght].ttf,(recorded in letterhead Original_Font_Manifest.json only),6343b70971000b04c5d401c96ae08ce371086135e999d5e1e1413039c0213076,Version 3.710,SIL OFL 1.1; OFL.txt in package (Copyright 2020 The Jost Project Authors),NOT IN REPOSITORY — NOT ACCEPTED — manifest status: WORKING BUILD / VAL-05 AND VAL-19 OPEN
Noto Sans Arabic,400,NotoSansArabic-Regular.ttf,GEM_Letterhead_Set_v1.1_Application_Revision_03/00_source/fonts/notosansarabic/NotoSansArabic-Regular.ttf,35965bc142de2f51e041ff09f493c5099501761aa07ae75a3a85447c404d7613,Version 2.012,SIL OFL 1.1; OFL.txt in package (Copyright 2022 The Noto Project Authors),"PRESENT — CURRENT (working build, genuine static 400; deployment-rights acceptance NOT given: VAL-05, Y03)"
Noto Sans Arabic,700,GEM-Working-NotoSansArabic-Bold.ttf,"~/Library/Fonts/GEM-Working-NotoSansArabic-Bold.ttf (user machine, OUTSIDE repository)",2e369a68dbc74a6d16612f623d5319fd08d14f484b4959efe7130da885155300,Version 2.012,SIL OFL 1.1; OFL.txt in package (Copyright 2022 The Noto Project Authors),NOT IN REPOSITORY — NOT ACCEPTED — weight 700 — manifest status: ARCHIVED INPUT / 700 NOT USED IN REVIEW R1. Not a 500; does not satisfy D5.
Noto Sans Arabic,variable (wght axis incl. 500),"NotoSansArabic[wdth,wght].ttf",(recorded in letterhead Original_Font_Manifest.json only),63111b5b2e074dd48cc67692e0a2726d86ee94c1c37fe8598257b7b4e87e869e,Version 2.012,SIL OFL 1.1; OFL.txt in package (Copyright 2022 The Noto Project Authors),NOT IN REPOSITORY — NOT ACCEPTED — manifest status: WORKING BUILD / VAL-05 AND VAL-19 OPEN

CLAIM SUMMARY,Weight,Result,Path,SHA-256,Note
Jost,400 (Regular),PRESENT / CURRENT,GEM_Letterhead_Set_v1.1_Application_Revision_03/00_source/fonts/jost/Jost-Regular.ttf,db44231dc34cf8a2a2fa2f7b96aa856a374232d7f395053cbf86e10ae73ac3e5,"Jost-Regular.ttf is a genuine static weight-400 file (OS/2 usWeightClass 400, no fvar)"
Jost,500 (Medium),NOT ACCEPTED / CURRENTLY UNAVAILABLE,,,"No static 500 file anywhere in the repository; variable working builds are recorded in the manifest only (file not in repo, not accepted)"
Inter,400 (Regular),PRESENT / CURRENT,GEM_Letterhead_Set_v1.1_Application_Revision_03/00_source/fonts/inter/Inter-Regular.ttf,8bac02d5d1dc9b05c818621d473abb9fb3017766fa127c1bf31563708ed7f387,"Inter-Regular.ttf is a genuine static weight-400 file (OS/2 usWeightClass 400, no fvar)"
Inter,500 (Medium),NOT ACCEPTED / CURRENTLY UNAVAILABLE,,,"No static 500 file anywhere in the repository; variable working builds are recorded in the manifest only (file not in repo, not accepted)"
Noto Sans Arabic,400 (Regular),PRESENT / CURRENT,GEM_Letterhead_Set_v1.1_Application_Revision_03/00_source/fonts/notosansarabic/NotoSansArabic-Regular.ttf,35965bc142de2f51e041ff09f493c5099501761aa07ae75a3a85447c404d7613,"NotoSansArabic-Regular.ttf is a genuine static weight-400 file (OS/2 usWeightClass 400, no fvar)"
Noto Sans Arabic,500 (Medium),NOT ACCEPTED / CURRENTLY UNAVAILABLE,,,"No static 500 file anywhere in the repository; variable working builds are recorded in the manifest only (file not in repo, not accepted)"
