Deck,Slide,Layout,Candidate title text,Reading order of candidate,AFC02 classification,ODI01 class,Native review required?,Slide change made in ODI01?,Gate for any future slide change,Note
Part A RC2,1,Title and body,Brand Guidelines V3.0,first among text shapes,NEEDS ACCESSIBILITY TITLE,NEEDS ACCESSIBILITY TITLE,YES,NO — no mass title insertion,Change allowed only with: native PowerPoint evidence; no visible damage; improved reading order; individual change-log entry. None of the four conditions is met in ODI01.,Promote or mirror the visible text into a title placeholder natively
Part A RC2,12,Title and body,GEM IS,not first (z=1; first text z=0),NEEDS READING-ORDER FIX,NEEDS READING-ORDER FIX,YES,NO — no mass title insertion,Change allowed only with: native PowerPoint evidence; no visible damage; improved reading order; individual change-log entry. None of the four conditions is met in ODI01.,Candidate title is not first in reading order; also needs a title
Part A RC2,19,Title and body,VERBAL IDENTITY · TONE,first among text shapes,NEEDS ACCESSIBILITY TITLE,NEEDS ACCESSIBILITY TITLE,YES,NO — no mass title insertion,Change allowed only with: native PowerPoint evidence; no visible damage; improved reading order; individual change-log entry. None of the four conditions is met in ODI01.,Promote or mirror the visible text into a title placeholder natively
Part A RC2,20,Title and body,VOCABULARY · USE,first among text shapes,NEEDS ACCESSIBILITY TITLE,NEEDS ACCESSIBILITY TITLE,YES,NO — no mass title insertion,Change allowed only with: native PowerPoint evidence; no visible damage; improved reading order; individual change-log entry. None of the four conditions is met in ODI01.,Promote or mirror the visible text into a title placeholder natively
Part A RC2,23,Title and body,"Every arrival, precisely composed.",not first (z=4; first text z=0),NEEDS READING-ORDER FIX,NEEDS READING-ORDER FIX,YES,NO — no mass title insertion,Change allowed only with: native PowerPoint evidence; no visible damage; improved reading order; individual change-log entry. None of the four conditions is met in ODI01.,Candidate title is not first in reading order; also needs a title
Part A RC2,26,Title and body,PRIMARY HORIZONTAL SIGNATURE,first among text shapes,UNCERTAIN — NATIVE REVIEW REQUIRED,UNCERTAIN,YES,NO — no mass title insertion,Change allowed only with: native PowerPoint evidence; no visible damage; improved reading order; individual change-log entry. None of the four conditions is met in ODI01.,Visible text is not clearly a title
Part A RC2,28,Title and body,G-ring,not first (z=3; first text z=2),NEEDS READING-ORDER FIX,NEEDS READING-ORDER FIX,YES,NO — no mass title insertion,Change allowed only with: native PowerPoint evidence; no visible damage; improved reading order; individual change-log entry. None of the four conditions is met in ODI01.,Candidate title is not first in reading order; also needs a title
Part A RC2,29,Title and body,1u minimum. / 2u preferred.,not first (z=4; first text z=0),NEEDS READING-ORDER FIX,NEEDS READING-ORDER FIX,YES,NO — no mass title insertion,Change allowed only with: native PowerPoint evidence; no visible damage; improved reading order; individual change-log entry. None of the four conditions is met in ODI01.,Candidate title is not first in reading order; also needs a title
Part A RC2,30,Title and body,LOGO MISUSE · NEVER,first among text shapes,NEEDS ACCESSIBILITY TITLE,NEEDS ACCESSIBILITY TITLE,YES,NO — no mass title insertion,Change allowed only with: native PowerPoint evidence; no visible damage; improved reading order; individual change-log entry. None of the four conditions is met in ODI01.,Promote or mirror the visible text into a title placeholder natively
Part A RC2,32,Title and body,COLOUR · THE FIELD,first among text shapes,NEEDS ACCESSIBILITY TITLE,NEEDS ACCESSIBILITY TITLE,YES,NO — no mass title insertion,Change allowed only with: native PowerPoint evidence; no visible damage; improved reading order; individual change-log entry. None of the four conditions is met in ODI01.,Promote or mirror the visible text into a title placeholder natively
Part A RC2,34,Title and body,TYPOGRAPHY · JOST · DISPLAY AND HEADINGS,first among text shapes,NEEDS ACCESSIBILITY TITLE,NEEDS ACCESSIBILITY TITLE,YES,NO — no mass title insertion,Change allowed only with: native PowerPoint evidence; no visible damage; improved reading order; individual change-log entry. None of the four conditions is met in ODI01.,Promote or mirror the visible text into a title placeholder natively
Part A RC2,35,Title and body,TYPOGRAPHY · INTER · BODY AND INTERFACE,first among text shapes,NEEDS ACCESSIBILITY TITLE,NEEDS ACCESSIBILITY TITLE,YES,NO — no mass title insertion,Change allowed only with: native PowerPoint evidence; no visible damage; improved reading order; individual change-log entry. None of the four conditions is met in ODI01.,Promote or mirror the visible text into a title placeholder natively
Part A RC2,38,Title and body,BILINGUAL COMPOSITION · CONCEPT · PENDING LOCALIZATION APPROVAL,first among text shapes,NEEDS ACCESSIBILITY TITLE,NEEDS ACCESSIBILITY TITLE,YES,NO — no mass title insertion,Change allowed only with: native PowerPoint evidence; no visible damage; improved reading order; individual change-log entry. None of the four conditions is met in ODI01.,Promote or mirror the visible text into a title placeholder natively
Part A RC2,42,Title and body,GRAPHIC LANGUAGE · FOUR FORMS,first among text shapes,NEEDS ACCESSIBILITY TITLE,NEEDS ACCESSIBILITY TITLE,YES,NO — no mass title insertion,Change allowed only with: native PowerPoint evidence; no visible damage; improved reading order; individual change-log entry. None of the four conditions is met in ODI01.,Promote or mirror the visible text into a title placeholder natively
Part A RC2,48,Title and body,PHOTOGRAPHY · NINE SUBJECTS · REFERENCE STUDIES,first among text shapes,NEEDS ACCESSIBILITY TITLE,NEEDS ACCESSIBILITY TITLE,YES,NO — no mass title insertion,Change allowed only with: native PowerPoint evidence; no visible damage; improved reading order; individual change-log entry. None of the four conditions is met in ODI01.,Promote or mirror the visible text into a title placeholder natively
Part A RC2,49,Title and body,PHOTOGRAPHY · DO AND DON'T · REFERENCE,first among text shapes,NEEDS ACCESSIBILITY TITLE,NEEDS ACCESSIBILITY TITLE,YES,NO — no mass title insertion,Change allowed only with: native PowerPoint evidence; no visible damage; improved reading order; individual change-log entry. None of the four conditions is met in ODI01.,Promote or mirror the visible text into a title placeholder natively
Part A RC2,53,Title and body,DIGITAL EXPRESSION · HOMEPAGE AND BOOKING · CONCEPT / NOT PRODUCTION A,first among text shapes,NEEDS ACCESSIBILITY TITLE,NEEDS ACCESSIBILITY TITLE,YES,NO — no mass title insertion,Change allowed only with: native PowerPoint evidence; no visible damage; improved reading order; individual change-log entry. None of the four conditions is met in ODI01.,Promote or mirror the visible text into a title placeholder natively
Part A RC2,54,Title and body,"DIGITAL EXPRESSION · MOBILE, CONCIERGE, B2B · CONCEPT / NOT PRODUCTION",first among text shapes,NEEDS ACCESSIBILITY TITLE,NEEDS ACCESSIBILITY TITLE,YES,NO — no mass title insertion,Change allowed only with: native PowerPoint evidence; no visible damage; improved reading order; individual change-log entry. None of the four conditions is met in ODI01.,Promote or mirror the visible text into a title placeholder natively
Part A RC2,56,Title and body,"ARRIVAL · KEY CARD, SLEEVE, WELCOME, DIGITAL · CONCEPT / NOT PRODUCTIO",first among text shapes,NEEDS ACCESSIBILITY TITLE,NEEDS ACCESSIBILITY TITLE,YES,NO — no mass title insertion,Change allowed only with: native PowerPoint evidence; no visible damage; improved reading order; individual change-log entry. None of the four conditions is met in ODI01.,Promote or mirror the visible text into a title placeholder natively
Part A RC2,58,Title and body,DINING · TABLE DETAIL · REFERENCE,first among text shapes,NEEDS ACCESSIBILITY TITLE,NEEDS ACCESSIBILITY TITLE,YES,NO — no mass title insertion,Change allowed only with: native PowerPoint evidence; no visible damage; improved reading order; individual change-log entry. None of the four conditions is met in ODI01.,Promote or mirror the visible text into a title placeholder natively
Part A RC2,62,Title and body,PILOT AMENITY FAMILY · CONCEPT / NOT PRODUCTION ARTWORK,first among text shapes,NEEDS ACCESSIBILITY TITLE,NEEDS ACCESSIBILITY TITLE,YES,NO — no mass title insertion,Change allowed only with: native PowerPoint evidence; no visible damage; improved reading order; individual change-log entry. None of the four conditions is met in ODI01.,Promote or mirror the visible text into a title placeholder natively
Part A RC2,63,Title and body,MATERIALS AND FINISHES · DIRECTION,first among text shapes,NEEDS ACCESSIBILITY TITLE,NEEDS ACCESSIBILITY TITLE,YES,NO — no mass title insertion,Change allowed only with: native PowerPoint evidence; no visible damage; improved reading order; individual change-log entry. None of the four conditions is met in ODI01.,Promote or mirror the visible text into a title placeholder natively
Part A RC2,65,Title and body,WAYFINDING AND ENVIRONMENT · PRINCIPLES · CONCEPT,first among text shapes,NEEDS ACCESSIBILITY TITLE,NEEDS ACCESSIBILITY TITLE,YES,NO — no mass title insertion,Change allowed only with: native PowerPoint evidence; no visible damage; improved reading order; individual change-log entry. None of the four conditions is met in ODI01.,Promote or mirror the visible text into a title placeholder natively
Part A RC2,67,Title and body,CORPORATE AND B2B · CONCEPT / NOT PRODUCTION ARTWORK,first among text shapes,NEEDS ACCESSIBILITY TITLE,NEEDS ACCESSIBILITY TITLE,YES,NO — no mass title insertion,Change allowed only with: native PowerPoint evidence; no visible damage; improved reading order; individual change-log entry. None of the four conditions is met in ODI01.,Promote or mirror the visible text into a title placeholder natively
Part A RC2,76,Title and body,DO,first among text shapes,NEEDS ACCESSIBILITY TITLE,NEEDS ACCESSIBILITY TITLE,YES,NO — no mass title insertion,Change allowed only with: native PowerPoint evidence; no visible damage; improved reading order; individual change-log entry. None of the four conditions is met in ODI01.,Promote or mirror the visible text into a title placeholder natively
Part A RC2,77,Title and body,Jost + Inter,not first (z=11; first text z=0),NEEDS READING-ORDER FIX,NEEDS READING-ORDER FIX,YES,NO — no mass title insertion,Change allowed only with: native PowerPoint evidence; no visible damage; improved reading order; individual change-log entry. None of the four conditions is met in ODI01.,Candidate title is not first in reading order; also needs a title
Part A RC2,80,Title and body,—,n/a,UNCERTAIN — NATIVE REVIEW REQUIRED,UNCERTAIN,YES,NO — no mass title insertion,Change allowed only with: native PowerPoint evidence; no visible damage; improved reading order; individual change-log entry. None of the four conditions is met in ODI01.,No visible text candidate found by script
Part C RC2,1,Title and body,Production Standards,not first (z=3; first text z=2),NEEDS READING-ORDER FIX,NEEDS READING-ORDER FIX,YES,NO — no mass title insertion,Change allowed only with: native PowerPoint evidence; no visible damage; improved reading order; individual change-log entry. None of the four conditions is met in ODI01.,Candidate title is not first in reading order; also needs a title
Part C RC2,10,Title and body,09 · CLEARSPACE AND MINIMUM SIZE,first among text shapes,NEEDS ACCESSIBILITY TITLE,NEEDS ACCESSIBILITY TITLE,YES,NO — no mass title insertion,Change allowed only with: native PowerPoint evidence; no visible damage; improved reading order; individual change-log entry. None of the four conditions is met in ODI01.,Promote or mirror the visible text into a title placeholder natively
Part C RC2,14,Title and body,13 · INK AND BLACK,first among text shapes,NEEDS ACCESSIBILITY TITLE,NEEDS ACCESSIBILITY TITLE,YES,NO — no mass title insertion,Change allowed only with: native PowerPoint evidence; no visible damage; improved reading order; individual change-log entry. None of the four conditions is met in ODI01.,Promote or mirror the visible text into a title placeholder natively
