Deck,Slide,Layout,Layout has title placeholder,Title placeholder on slide,Visible semantic title exists,Candidate title text,Reading order of candidate,Accessibility title addable without visual change,Layout dependency,Classification,Note
Part A RC2,1,Title and body,YES,NO,YES,Brand Guidelines V3.0,first among text shapes,LIKELY — verify natively (no visual change intended),"Layout ""Title and body""",NEEDS ACCESSIBILITY TITLE,Promote or mirror the visible text into a title placeholder natively
Part A RC2,12,Title and body,YES,NO,YES,GEM IS,not first (z=1; first text z=0),LIKELY — verify natively (no visual change intended),"Layout ""Title and body""",NEEDS READING-ORDER FIX,Candidate title is not first in reading order; also needs a title
Part A RC2,19,Title and body,YES,NO,YES,VERBAL IDENTITY · TONE,first among text shapes,LIKELY — verify natively (no visual change intended),"Layout ""Title and body""",NEEDS ACCESSIBILITY TITLE,Promote or mirror the visible text into a title placeholder natively
Part A RC2,20,Title and body,YES,NO,YES,VOCABULARY · USE,first among text shapes,LIKELY — verify natively (no visual change intended),"Layout ""Title and body""",NEEDS ACCESSIBILITY TITLE,Promote or mirror the visible text into a title placeholder natively
Part A RC2,23,Title and body,YES,NO,YES,"Every arrival, precisely composed.",not first (z=4; first text z=0),LIKELY — verify natively (no visual change intended),"Layout ""Title and body""",NEEDS READING-ORDER FIX,Candidate title is not first in reading order; also needs a title
Part A RC2,26,Title and body,YES,NO,YES,PRIMARY HORIZONTAL SIGNATURE,first among text shapes,LIKELY — verify natively (no visual change intended),"Layout ""Title and body""",UNCERTAIN — NATIVE REVIEW REQUIRED,Visible text is not clearly a title
Part A RC2,28,Title and body,YES,NO,YES,G-ring,not first (z=3; first text z=2),LIKELY — verify natively (no visual change intended),"Layout ""Title and body""",NEEDS READING-ORDER FIX,Candidate title is not first in reading order; also needs a title
Part A RC2,29,Title and body,YES,NO,YES,1u minimum. / 2u preferred.,not first (z=4; first text z=0),LIKELY — verify natively (no visual change intended),"Layout ""Title and body""",NEEDS READING-ORDER FIX,Candidate title is not first in reading order; also needs a title
Part A RC2,30,Title and body,YES,NO,YES,LOGO MISUSE · NEVER,first among text shapes,LIKELY — verify natively (no visual change intended),"Layout ""Title and body""",NEEDS ACCESSIBILITY TITLE,Promote or mirror the visible text into a title placeholder natively
Part A RC2,32,Title and body,YES,NO,YES,COLOUR · THE FIELD,first among text shapes,LIKELY — verify natively (no visual change intended),"Layout ""Title and body""",NEEDS ACCESSIBILITY TITLE,Promote or mirror the visible text into a title placeholder natively
Part A RC2,34,Title and body,YES,NO,YES,TYPOGRAPHY · JOST · DISPLAY AND HEADINGS,first among text shapes,LIKELY — verify natively (no visual change intended),"Layout ""Title and body""",NEEDS ACCESSIBILITY TITLE,Promote or mirror the visible text into a title placeholder natively
Part A RC2,35,Title and body,YES,NO,YES,TYPOGRAPHY · INTER · BODY AND INTERFACE,first among text shapes,LIKELY — verify natively (no visual change intended),"Layout ""Title and body""",NEEDS ACCESSIBILITY TITLE,Promote or mirror the visible text into a title placeholder natively
Part A RC2,38,Title and body,YES,NO,YES,BILINGUAL COMPOSITION · CONCEPT · PENDING LOCALIZATION APPROVAL,first among text shapes,LIKELY — verify natively (no visual change intended),"Layout ""Title and body""",NEEDS ACCESSIBILITY TITLE,Promote or mirror the visible text into a title placeholder natively
Part A RC2,42,Title and body,YES,NO,YES,GRAPHIC LANGUAGE · FOUR FORMS,first among text shapes,LIKELY — verify natively (no visual change intended),"Layout ""Title and body""",NEEDS ACCESSIBILITY TITLE,Promote or mirror the visible text into a title placeholder natively
Part A RC2,48,Title and body,YES,NO,YES,PHOTOGRAPHY · NINE SUBJECTS · REFERENCE STUDIES,first among text shapes,LIKELY — verify natively (no visual change intended),"Layout ""Title and body""",NEEDS ACCESSIBILITY TITLE,Promote or mirror the visible text into a title placeholder natively
Part A RC2,49,Title and body,YES,NO,YES,PHOTOGRAPHY · DO AND DON'T · REFERENCE,first among text shapes,LIKELY — verify natively (no visual change intended),"Layout ""Title and body""",NEEDS ACCESSIBILITY TITLE,Promote or mirror the visible text into a title placeholder natively
Part A RC2,53,Title and body,YES,NO,YES,DIGITAL EXPRESSION · HOMEPAGE AND BOOKING · CONCEPT / NOT PRODUCTION A,first among text shapes,LIKELY — verify natively (no visual change intended),"Layout ""Title and body""",NEEDS ACCESSIBILITY TITLE,Promote or mirror the visible text into a title placeholder natively
Part A RC2,54,Title and body,YES,NO,YES,"DIGITAL EXPRESSION · MOBILE, CONCIERGE, B2B · CONCEPT / NOT PRODUCTION",first among text shapes,LIKELY — verify natively (no visual change intended),"Layout ""Title and body""",NEEDS ACCESSIBILITY TITLE,Promote or mirror the visible text into a title placeholder natively
Part A RC2,56,Title and body,YES,NO,YES,"ARRIVAL · KEY CARD, SLEEVE, WELCOME, DIGITAL · CONCEPT / NOT PRODUCTIO",first among text shapes,LIKELY — verify natively (no visual change intended),"Layout ""Title and body""",NEEDS ACCESSIBILITY TITLE,Promote or mirror the visible text into a title placeholder natively
Part A RC2,58,Title and body,YES,NO,YES,DINING · TABLE DETAIL · REFERENCE,first among text shapes,LIKELY — verify natively (no visual change intended),"Layout ""Title and body""",NEEDS ACCESSIBILITY TITLE,Promote or mirror the visible text into a title placeholder natively
Part A RC2,62,Title and body,YES,NO,YES,PILOT AMENITY FAMILY · CONCEPT / NOT PRODUCTION ARTWORK,first among text shapes,LIKELY — verify natively (no visual change intended),"Layout ""Title and body""",NEEDS ACCESSIBILITY TITLE,Promote or mirror the visible text into a title placeholder natively
Part A RC2,63,Title and body,YES,NO,YES,MATERIALS AND FINISHES · DIRECTION,first among text shapes,LIKELY — verify natively (no visual change intended),"Layout ""Title and body""",NEEDS ACCESSIBILITY TITLE,Promote or mirror the visible text into a title placeholder natively
Part A RC2,65,Title and body,YES,NO,YES,WAYFINDING AND ENVIRONMENT · PRINCIPLES · CONCEPT,first among text shapes,LIKELY — verify natively (no visual change intended),"Layout ""Title and body""",NEEDS ACCESSIBILITY TITLE,Promote or mirror the visible text into a title placeholder natively
Part A RC2,67,Title and body,YES,NO,YES,CORPORATE AND B2B · CONCEPT / NOT PRODUCTION ARTWORK,first among text shapes,LIKELY — verify natively (no visual change intended),"Layout ""Title and body""",NEEDS ACCESSIBILITY TITLE,Promote or mirror the visible text into a title placeholder natively
Part A RC2,76,Title and body,YES,NO,YES,DO,first among text shapes,LIKELY — verify natively (no visual change intended),"Layout ""Title and body""",NEEDS ACCESSIBILITY TITLE,Promote or mirror the visible text into a title placeholder natively
Part A RC2,77,Title and body,YES,NO,YES,Jost + Inter,not first (z=11; first text z=0),LIKELY — verify natively (no visual change intended),"Layout ""Title and body""",NEEDS READING-ORDER FIX,Candidate title is not first in reading order; also needs a title
Part A RC2,80,Title and body,YES,NO,NO,—,n/a,LIKELY — verify natively (no visual change intended),"Layout ""Title and body""",UNCERTAIN — NATIVE REVIEW REQUIRED,No visible text candidate found by script
Part C RC2,1,Title and body,YES,NO,YES,Production Standards,not first (z=3; first text z=2),LIKELY — verify natively (no visual change intended),"Layout ""Title and body""",NEEDS READING-ORDER FIX,Candidate title is not first in reading order; also needs a title
Part C RC2,10,Title and body,YES,NO,YES,09 · CLEARSPACE AND MINIMUM SIZE,first among text shapes,LIKELY — verify natively (no visual change intended),"Layout ""Title and body""",NEEDS ACCESSIBILITY TITLE,Promote or mirror the visible text into a title placeholder natively
Part C RC2,14,Title and body,YES,NO,YES,13 · INK AND BLACK,first among text shapes,LIKELY — verify natively (no visual change intended),"Layout ""Title and body""",NEEDS ACCESSIBILITY TITLE,Promote or mirror the visible text into a title placeholder natively
