File,Original ODI01 hash,R1 hash,Reason,Decision scope,XML parts changed,Visible effect?,QA result
GEM Brand Guidelines V3.0 — Part A — RC2 — ODI01-R1 CANDIDATE (UNAPPROVED).pptx,0f793c83a3d8871f11cff87d74c403eb491d0e88f01d16adf142616182f7098a,86019d1e83bcf84225b95c0caf6cd2f6bead83e596dc338aabf31de4e027d3d3,2 brand-font bold flags cleared; 1 wording edit(s); 0 clarification box(es),D5,"2 slide parts: slide15.xml, slide35.xml",Yes,PASS — r1_verify_edits.py (only intended differences); 112 assertions PASS; visual QA PASS
GEM Brand Guidelines V3.0 — Part A — RC2 — ODI01-R1 CANDIDATE (UNAPPROVED).pdf,28bf0e17ae1fb982584356bb60351f02d97820b14a9f25ff07856f67829b4006,0ac4f9dc6d565feaa999b1a92022ea4633044657dd6533727eb3e2016b2b29da,"Re-exported from the R1 deck (LibreOffice 26.8.1, tagged PDF) so the PDF matches the PPTX",D5,n/a (PDF),Yes,Tagged: yes; same page count as PPTX; fonts embedded Regular only
GEM Digital Design System V3.0 — Part B — RC2 — ODI01-R1 CANDIDATE (UNAPPROVED).pptx,50f13c89978f378b8a7359182675f7cc8e3f62909dd4f1d53a7fcf66863086a6,22802377eb73448ce3c9c7a0e9d2d3818195d19172f7c07470a415f03d975777,121 brand-font bold flags cleared; 4 wording edit(s); 2 clarification box(es),D5,"29 slide parts: slide3.xml, slide4.xml, slide5.xml, slide6.xml, slide7.xml, slide10.xml, slide11.xml, slide12.xml, slide13.xml, slide14.xml, slide15.xml, slide16.xml, slide17.xml, slide18.xml, slide19.xml, slide20.xml, slide21.xml, slide22.xml, slide23.xml, slide24.xml, slide25.xml, slide27.xml, slide29.xml, slide30.xml, slide31.xml, slide32.xml, slide33.xml, slide35.xml, slide26.xml",Yes,PASS — r1_verify_edits.py (only intended differences); 112 assertions PASS; visual QA PASS
GEM Digital Design System V3.0 — Part B — RC2 — ODI01-R1 CANDIDATE (UNAPPROVED).pdf,a2885f5bfe59fcef15297956596102bb9adb634c8f245b6352a2aed873a3adcf,1ac8892a8948340c0a1ec731f1207fbc7495833df4827ae358c58082c7128240,"Re-exported from the R1 deck (LibreOffice 26.8.1, tagged PDF) so the PDF matches the PPTX",D5,n/a (PDF),Yes,Tagged: yes; same page count as PPTX; fonts embedded Regular only
GEM Production Standards V3.0 — Part C — RC2 — ODI01-R1 CANDIDATE (UNAPPROVED).pptx,b76f7c354c3bdb008f6126a2b6b51b1318a76f225c5dbf83538a2ec8fb2a63cc,add4269aa97af6046c2be17758450525a2e2cf4ba613c67f5e797461314ed4e6,105 brand-font bold flags cleared; 0 wording edit(s); 1 clarification box(es),D5,"33 slide parts: slide4.xml, slide7.xml, slide9.xml, slide15.xml, slide21.xml, slide23.xml, slide28.xml, slide30.xml, slide32.xml, slide34.xml, slide39.xml, slide43.xml, slide44.xml, slide47.xml, slide49.xml, slide51.xml, slide52.xml, slide54.xml, slide57.xml, slide60.xml, slide61.xml, slide62.xml, slide63.xml, slide64.xml, slide65.xml, slide66.xml, slide67.xml, slide68.xml, slide69.xml, slide70.xml, slide71.xml, slide72.xml, slide74.xml",Yes,PASS — r1_verify_edits.py (only intended differences); 112 assertions PASS; visual QA PASS
GEM Production Standards V3.0 — Part C — RC2 — ODI01-R1 CANDIDATE (UNAPPROVED).pdf,f79b791b2be252dcccef5526a7cf97492494ecf3d9aa50dc0634075e0328cf47,a71de0ecd39355739627dc0c61c856e36aafd2e48d10b040aa64423d6af81eb6,"Re-exported from the R1 deck (LibreOffice 26.8.1, tagged PDF) so the PDF matches the PPTX",D5,n/a (PDF),Yes,Tagged: yes; same page count as PPTX; fonts embedded Regular only
GEM Amenities & Packaging — Concept Product Portfolio V3.0 — Part D — RC2 — ODI01-R1 CANDIDATE (UNAPPROVED).pptx,04d325f83fc77a01220430c00688d73529ed6de20e912fcda9ef2ddfb5bec9e1,04d325f83fc77a01220430c00688d73529ed6de20e912fcda9ef2ddfb5bec9e1,No R1 change (renamed copy of the ODI01 candidate),—,none,No,unchanged: hash equal to ODI01
GEM Amenities & Packaging — Concept Product Portfolio V3.0 — Part D — RC2 — ODI01-R1 CANDIDATE (UNAPPROVED).pdf,adadbc204371a073d941b85341e611e189582b643807992bd932804197fd1db7,adadbc204371a073d941b85341e611e189582b643807992bd932804197fd1db7,Unchanged copy,—,n/a (PDF),No,unchanged
gem-tokens.v3.0-rc2.ODI01-R1-candidate.json,40463cfe1ea1dd2f233023d09c1266c1e34c7309fbcef9022b7536ec5edc3c60,35f413769c72dd37fbfd2856dae7ef09989a6877c796a1ff35e2ea34adee41c0,4 weight-500 token descriptions + meta wording: FUTURE DESIGN INTENT = 500 / CURRENT IMPLEMENTATION = 400,D5,"n/a (JSON): description x4, meta.status, meta.note",No (not rendered),PASS — 153/153 values+types+names identical to original; 26 status changes retained; 0 promotions
gem-tokens.v3.0-rc2.ODI01-R1-candidate.css,d3825a834221bbc771610a79197fd8b9f62b25f07610f5f1e6d0de4bd74e7325,55a22d5fc301635ddb464cde449ec09533c8d3ee8848dccd7b2fa33c63475425,4 comments + header comment: same wording as JSON,D5,n/a (CSS comments only),No,PASS — all declarations (name+value) identical to original
