Decision ID,Owner,Selection (exact),Scope,Effective status,Affected gates,Residual limitation,Release effect,Constitutes evidence verification?,Amends prior governance?
FA-A,"Brand Owner: Mashal (as typed by the owner; no surname, title, signature, employer or legal entity added)",A3 — Limited release baseline,AC20 only; the GEM™ V3.0 baseline defined in 10,RECORDED (owner selection),AC20; all gates dispositioned in 05b,Everything formally deferred or excluded stays unperformed or unaccepted,Release is a controlled final brand-system baseline with explicit artifact-specific exclusions; nothing unperformed is called PASS,NO,YES — narrowly: a superseding AC20 release-disposition rule (see 05); the Approval Register text is preserved
FA-B,"Brand Owner: Mashal (as typed by the owner; no surname, title, signature, employer or legal entity added)",Mashal — Role: Brand Owner; Authority: Final brand governance and AC20 release authorization,Canonical Brand Owner holder (Register role 'Brand Owner'),RECORDED,AC19; AC20,Same person also holds the Arabic / Localization Lead role (OD-G09) and the Accessibility Content Owner working role (OD-G10); no independent verification exists in this chain,Satisfies the Register's 'named Brand Owner' condition for AC20; does not close AC19,NO,YES — replaces the earlier statements that Mashal was not linked to the Brand Owner role (OD01) and that the two sources were not asserted to be the same person (FD01); those files are not edited
FA-C,"Brand Owner: Mashal (as typed by the owner; no surname, title, signature, employer or legal entity added)",C2 — Narrow D8,External issue of Arabic/bilingual DOCX/PDF,RECORDED,D8; SR-11; SR-12; VAL-07; VAL-08; VAL-15,"Windows Word, Word Online, Acrobat and NVDA/JAWS tests remain unperformed",Internal controlled use authorized; external issue of affected Arabic/bilingual DOCX/PDF stays blocked pending D8 validation; unaffected artifacts eligible,NO,YES — clarifies the ODI01 D8 rule; the internal-use marking condition is carried forward unchanged
FA-E,"Brand Owner: Mashal (as typed by the owner; no surname, title, signature, employer or legal entity added)","Yes — the independent legal-clearance requirement is waivable by the Brand Owner, accepted as owner risk under formal deferral (never recorded as verified or cleared)","VAL-03 / Y01 and VAL-04 / Y02 (and the same treatment for VAL-05 / Y03, VAL-06 / Y04 under FD01)",RECORDED,VAL-03; Y01; VAL-04; Y02,"No legal clearance, trademark verification or ownership verification exists or is claimed",These gates are OWNER ACCEPTED UNDER FORMAL DEFERRAL for release purposes,NO,"YES — overrides, for AC20 only, the Register's approver (Legal / IP Counsel for VAL-03 / Y01; Brand Owner / Legal for VAL-04 / Y02); disclosed in 05"
FA-F1,"Brand Owner: Mashal (as typed by the owner; no surname, title, signature, employer or legal entity added)","Formally defer all four: AC07, AC10, AC17, VAL-01",Brand-Owner gates not covered by FD01,RECORDED,AC07; AC10; AC17; VAL-01,"No accepted logo master, no Arabic system approval, no approved production specifications, no signed commercial scope",Outside the authorized baseline scope until revisited (the Register's own rule for deferred items),NO,YES — AC10 uses the Register's 'formally defer' route; the others are deferrals by owner decision
FA-F2,"Brand Owner: Mashal (as typed by the owner; no surname, title, signature, employer or legal entity added)","Formally defer each: VAL-09, 10, 11, 13, 14, 15, 16, 17, 19, 20, 21, OD-SRC, OD-TPL and the unfinished parts of VAL-07 and VAL-08",Evidence and work gates not covered by FD01,RECORDED,As listed,"Packaging/supplier proof, digital components, final deliverables, release manifest, usability test, cross-document sign-off, templates and typography QA are not done",The artifacts that depend on them are restricted (see 10),NO,YES — deferral by owner decision
FA-G,"Brand Owner: Mashal (as typed by the owner; no surname, title, signature, employer or legal entity added)",HR01 candidates + kit + tokens,The files that constitute 'GEM™ V3.0' for AC20,RECORDED,AC20; VAL-16 (no release manifest exists; the FA01 manifest is not one),Visible labels in the files still read working edition / not released / AC20 pending until a separate promotion and relabel pass; file names still say RC2 / HR01 CANDIDATE (UNAPPROVED),Defines the baseline by path and hash,NO,NO
FA-H,"Brand Owner: Mashal (as typed by the owner; no surname, title, signature, employer or legal entity added)",VAL-02 (production logo master verification) — formally deferred together with AC07; confirmed by the owner in the AC20 confirmation,VAL-02,CONFIRMED IN THE AC20 CONFIRMATION,VAL-02; AC07,Logo kit stays WORKING ASSETS; production-master acceptance PENDING,Logo kit is a baseline asset but not labelled or released as a production master,NO,NO
FA-AC20,"Brand Owner: Mashal (as typed by the owner; no surname, title, signature, employer or legal entity added)",AC20 AUTHORIZED WITH FORMAL DEFERRALS AND RELEASE-SCOPE EXCLUSIONS,AC20 final Brand Owner release authorization,AUTHORIZED,AC20,See 11,GEM™ V3.0 controlled final brand-system baseline (State 2: limited release),NO,NO
