Artifact / stream,Baseline file(s) and hash,Current evidence status,Deferral,Owner acceptance,Release eligible (baseline member)?,Internal use eligible?,External issue eligible?,Restriction,Notes
Part A Brand Guidelines,GEM Brand Guidelines V3.0 — Part A — RC2 — HR01 CANDIDATE (UNAPPROVED).pptx (sha256 aeaf96ea70b34f015da975949f0e4ac742ffaa86ffee4b6a722a8995c21f4995),Native checker: no missing alt text or title; macOS VoiceOver reviewer observed; 112 assertions pass; Arabic strings reviewed by Mashal,"Windows, PDF, Legal/IP, AC07, AC10","YES (FD-G05, FA01)",YES,YES,NOT YET,"Visible labels (WORKING EDITION / NOT RELEASED / AC20 PENDING) must be removed by a separate promotion and relabel pass before external issue; not done in FA01. Arabic slides 37, 38, 39, 65, 66, 68: no external DOCX/PDF of those pages (D8, C2)",Unpromoted candidate
Part B Digital Design System,GEM Digital Design System V3.0 — Part B — RC2 — HR01 CANDIDATE (UNAPPROVED).pptx (sha256 bde41b51e0e92a20a14a4f71f9dd25021a289751417564f8ce3737b9d0e7b506),As Part A; Arabic specimen on slide 9,"Windows, PDF, OD-SRC, VAL-13, VAL-20",YES,YES,YES,NOT YET,Visible labels (WORKING EDITION / NOT RELEASED / AC20 PENDING) must be removed by a separate promotion and relabel pass before external issue; not done in FA01,Specification only; no component implementation exists
Part C Production Standards,GEM Production Standards V3.0 — Part C — RC2 — HR01 CANDIDATE (UNAPPROVED).pptx (sha256 30e2399d03725f17e7ed92398cc410e717f751fd771022d10fbcfcc875c6a397),As Part A; no Arabic content,"VAL-09, 10, 11, OD-TPL, AC17",YES,YES,YES,NOT YET,Visible labels (WORKING EDITION / NOT RELEASED / AC20 PENDING) must be removed by a separate promotion and relabel pass before external issue; not done in FA01. Supplier values and templates are pending,Unpromoted candidate
Part D Amenities Concept Portfolio,GEM Amenities & Packaging — Concept Product Portfolio V3.0 — Part D — RC2 — HR01 CANDIDATE (UNAPPROVED).pptx (sha256 7347efc71126012322bb15453cb5ac4b351e583ac0a756edeed790018e23d598),CONCEPT / NOT PRODUCTION ARTWORK; AI-generated imagery (owner-declared provenance); Arabic strings inside images not approved,"VAL-06, Y04, VAL-09, 10, 11",YES,YES (as a concept portfolio only),YES,NOT YET,Remains CONCEPT / NOT PRODUCTION ARTWORK; not production artwork; Visible labels (WORKING EDITION / NOT RELEASED / AC20 PENDING) must be removed by a separate promotion and relabel pass before external issue; not done in FA01,Not promoted by AC20
Official Logo Kit,"GEM_Brand_Assets_v1.0/04_official_kit (file hashes in its SHA256SUMS.txt, sha256 16a74da8930ec28f46bf17b352db12d47a84da42557ad494b220bb2aeb1a9d05)",WORKING ASSETS; acceptance as production master PENDING,"VAL-02 (confirmed), AC07, VAL-03/04, Y01/02",YES,YES (as baseline asset),YES,RESTRICTED,Not labelled or released as a production master; ownership/clearance claims not made,Kit status text says WORKING ASSETS
Production vectors (kit SVG/EPS/PDF masters),As the Official Logo Kit,Unaccepted vectors; no-spark micro mark pending,"VAL-02, AC07",YES,NO as production masters,YES (working use),NO as production masters,Not production masters until VAL-02 / AC07 are satisfied,
Letterhead Set (overall),GEM_Letterhead_Set_v1.1_Application_Revision_03 (8 templates; the 4 changed ones are replaced by the HR01 candidates below),Working application; pending validation,"VAL-15, OD-TPL, D8",YES,YES (as working application),YES,NOT YET,Markers 'WORKING APPLICATION / PENDING VALIDATION' remain until a separate pass,
Arabic First Page letterhead,GEM_Letterhead_Arabic_First_Page_HR01_CANDIDATE.docx (sha256 aa0ac92d99dbb30d76818237056cddeb96772a6e303927acb0113ab626e0a71d),Word checker: no issues; macOS VoiceOver reviewer observed; Arabic wording reviewed by Mashal,"D8 tests (Windows Word, Word Online, Acrobat, NVDA/JAWS)",YES,YES (internal working only),YES — with the D8 markings on every page,NO,AFFECTED BY D8: no external issue as DOCX or PDF,Internal marking condition carried forward unchanged
Arabic Continuation letterhead,GEM_Letterhead_Arabic_Continuation_HR01_CANDIDATE.docx (sha256 2216d4d37b38e26bf89dd9892b4e49a03e6fff617a8b9333c43c6dfad14cc563),As above,As above,YES,YES (internal working only),YES — with D8 markings,NO,AFFECTED BY D8,
Bilingual First Page letterhead,GEM_Letterhead_Bilingual_First_Page_HR01_CANDIDATE.docx (sha256 c253cef8f8b3dd0c82add9b3081aa8104736d94f4dc31b0da9f78a26985ed9be),As above,As above,YES,YES (internal working only),YES — with D8 markings,NO,AFFECTED BY D8,
Bilingual Continuation letterhead,GEM_Letterhead_Bilingual_Continuation_HR01_CANDIDATE.docx (sha256 70fa0c3047c407139963912ea1ff5765534f59d2e59d5ffc47ada1935f1f12a8),As above,As above,YES,YES (internal working only),YES — with D8 markings,NO,AFFECTED BY D8,
"English letterheads (First Page, Continuation, Executive, Minimal)",GEM_Letterhead_English_First_Page.docx (sha256 8cb2e02bb9890f3701b20da6cb9de9962340cf2fda7fa3a320c579b3b2cf4299); GEM_Letterhead_English_Continuation.docx (sha256 4103307647e5e4c6178bb9276c740c89e46b7a283015fed963f0d795578707ef); GEM_Letterhead_Executive.docx (sha256 584848519da4defdc2e71a67bd4f837eeaee8082d29197755e4c175823b3366a); GEM_Letterhead_Minimal.docx (sha256 0d6678606dc443baf6f56fd19fe6ca4eb26f125c3e13c95993615cd65e183bf6),Unchanged Revision 03; Word checker: no issues (AX01); no Arabic text,"OD-TPL, VAL-15",YES,YES,YES,NOT YET,Working-application markers remain until a separate pass; not affected by D8,
Digital components,"gem-tokens.v3.0-rc2.json (sha256 8f625821abd162f92ed7bf2ab0e2d7f979007ef2b1bec8e01a74b37dc7b686b9), gem-tokens.v3.0-rc2.css (sha256 2ea7ed543e1e8820f071197932e5ffe8b94d8dec924e1de37eb14d7b84c68b27)",Derived token package (153 tokens); no component source or Storybook,"OD-SRC, VAL-13, VAL-20",YES,YES (tokens as documentation),YES,NOT YET,No component library or implementation is authorized; token file names still say rc2,
Packaging concepts,Part D slides; Part A slide 62 (concept),Concept only,"VAL-09, VAL-10, VAL-11",YES,YES (as concepts),YES,NO,"No production packaging, regulated claims or supplier acceptance",
PDF release artifacts,None in the baseline (no PDF was generated by HR01 or FA01),Not performed,"SR-11, D8, VAL-15",YES,n/a,Existing review PDFs only under D8 marking,NO,No PDF is authorized for external issue; Arabic/bilingual PDFs are AFFECTED BY D8,Historical RC2 review PDFs are not part of the baseline
Windows accessibility scope,n/a (not performed),Not tested,SR-12,YES,n/a,n/a,n/a,No Windows or cross-platform accessibility claim,
macOS VoiceOver evidence,"GEM_V3.0_RC2_HR01_Human_Review_Queue_Closure/07, 08",REVIEWER OBSERVED — MASHAL; 11 tests PASS for the defined scope,None,YES,n/a,n/a,n/a,Not independent verification; not a WCAG certification,"Same person is Brand Owner, reviewer and content owner"
Legal/IP stream,"No digital copy (offline, owner-declared)",OWNER DECLARED; independent verification NOT PERFORMED,"VAL-03, 04, 05 (part), 06; Y01–Y04",YES (owner accepted under formal deferral),n/a,n/a,n/a,"No legal clearance, trademark or ownership verification claimed",No upload is to be requested
