Source path (unchanged),Source filename (unchanged),SHA-256 of source,Option A_BRAND controlled name
GEM_Brand_Assets_v1.0/04_official_kit/icons/favicon.svg,favicon.svg,2ee7385d24863b1629f7e470e252a05d11304dc2a6e5ca4b2b61695283b03fb5,GEM_BRAND_FAVICON_MASTER_v[X.Y]_[YYYYMMDD].svg
GEM_Brand_Assets_v1.0/04_official_kit/logo/horizontal/clearspace/gem-horizontal-beige-clearspace-2u.svg,gem-horizontal-beige-clearspace-2u.svg,593624587b2debfe2acb4228a6884faa0db1503d58993814b24ee536face38ec,GEM_BRAND_HORIZONTAL_BEIGE-CLEARSPACE-2U_v[X.Y]_[YYYYMMDD].svg
GEM_Brand_Assets_v1.0/04_official_kit/logo/horizontal/clearspace/gem-horizontal-black-clearspace-2u.svg,gem-horizontal-black-clearspace-2u.svg,7bc540e5736b588bd9404a217e47f8d314919a5c275437f8605fe1109a42f78c,GEM_BRAND_HORIZONTAL_BLACK-CLEARSPACE-2U_v[X.Y]_[YYYYMMDD].svg
GEM_Brand_Assets_v1.0/04_official_kit/logo/horizontal/clearspace/gem-horizontal-ink-clearspace-2u.svg,gem-horizontal-ink-clearspace-2u.svg,a1365a6447273a373b039b9316e1768f47521eb6bc463c46e625ed9a6135bbf7,GEM_BRAND_HORIZONTAL_INK-CLEARSPACE-2U_v[X.Y]_[YYYYMMDD].svg
GEM_Brand_Assets_v1.0/04_official_kit/logo/horizontal/clearspace/gem-horizontal-white-clearspace-2u.svg,gem-horizontal-white-clearspace-2u.svg,3ebd596ad7807242cb5a4516d9ce8666883bc380b6c59be20d2459b5bb5c943c,GEM_BRAND_HORIZONTAL_WHITE-CLEARSPACE-2U_v[X.Y]_[YYYYMMDD].svg
GEM_Brand_Assets_v1.0/04_official_kit/logo/horizontal/svg/gem-horizontal-beige.svg,gem-horizontal-beige.svg,d607e00493da22fe35b25078a2671d5e02045161b4587fe156483f4e40ccb385,GEM_BRAND_HORIZONTAL_BEIGE_v[X.Y]_[YYYYMMDD].svg
GEM_Brand_Assets_v1.0/04_official_kit/logo/horizontal/svg/gem-horizontal-black.svg,gem-horizontal-black.svg,38d89d97ab642b43f273f3dbf9df9e2084933c288ae75aca4e2abb4f11001805,GEM_BRAND_HORIZONTAL_BLACK_v[X.Y]_[YYYYMMDD].svg
GEM_Brand_Assets_v1.0/04_official_kit/logo/horizontal/svg/gem-horizontal-ink.svg,gem-horizontal-ink.svg,6abbd491846178d0fd81561686845fb3c4c07de8f5333450cd27aea7a441bebd,GEM_BRAND_HORIZONTAL_INK_v[X.Y]_[YYYYMMDD].svg
GEM_Brand_Assets_v1.0/04_official_kit/logo/horizontal/svg/gem-horizontal-white.svg,gem-horizontal-white.svg,3d2a9718291d566b23ad02c498e015e848b90a6e92dccbacfb2c2a1708fcce18,GEM_BRAND_HORIZONTAL_WHITE_v[X.Y]_[YYYYMMDD].svg
GEM_Brand_Assets_v1.0/04_official_kit/logo/stacked/clearspace/gem-stacked-beige-clearspace-2u.svg,gem-stacked-beige-clearspace-2u.svg,a6195794b0068462cd516e4a700f27258376e11713526a166f8afe94e206a9ca,GEM_BRAND_STACKED_BEIGE-CLEARSPACE-2U_v[X.Y]_[YYYYMMDD].svg
GEM_Brand_Assets_v1.0/04_official_kit/logo/stacked/clearspace/gem-stacked-black-clearspace-2u.svg,gem-stacked-black-clearspace-2u.svg,3891e97aa02af3733b5ba2cd0f30e5b0d3b43a899549c1550afa40e3a83ca2be,GEM_BRAND_STACKED_BLACK-CLEARSPACE-2U_v[X.Y]_[YYYYMMDD].svg
GEM_Brand_Assets_v1.0/04_official_kit/logo/stacked/clearspace/gem-stacked-ink-clearspace-2u.svg,gem-stacked-ink-clearspace-2u.svg,1d530f75ac375871d0a1692a6025b6ef814afd375bf774c7f809bae37e008de4,GEM_BRAND_STACKED_INK-CLEARSPACE-2U_v[X.Y]_[YYYYMMDD].svg
GEM_Brand_Assets_v1.0/04_official_kit/logo/stacked/clearspace/gem-stacked-white-clearspace-2u.svg,gem-stacked-white-clearspace-2u.svg,207ab66a832bb5d4493c4e281ed18b0b85cec416bd9711cb31f111a99f04afc5,GEM_BRAND_STACKED_WHITE-CLEARSPACE-2U_v[X.Y]_[YYYYMMDD].svg
GEM_Brand_Assets_v1.0/04_official_kit/logo/stacked/svg/gem-stacked-beige.svg,gem-stacked-beige.svg,3b3a3040161b49fd475d771952b11cb6f158ca022b5f224e1e1942e6ee547cd0,GEM_BRAND_STACKED_BEIGE_v[X.Y]_[YYYYMMDD].svg
GEM_Brand_Assets_v1.0/04_official_kit/logo/stacked/svg/gem-stacked-black.svg,gem-stacked-black.svg,7580eefe2af698bec21925e251af5cc33b34a66aa26015097ff27deb73c87048,GEM_BRAND_STACKED_BLACK_v[X.Y]_[YYYYMMDD].svg
GEM_Brand_Assets_v1.0/04_official_kit/logo/stacked/svg/gem-stacked-ink.svg,gem-stacked-ink.svg,df417e35245ffcbd2c07858ba4ea09ed1567a45f635065cec6395fd74acecf29,GEM_BRAND_STACKED_INK_v[X.Y]_[YYYYMMDD].svg
GEM_Brand_Assets_v1.0/04_official_kit/logo/stacked/svg/gem-stacked-white.svg,gem-stacked-white.svg,41b36d5a6302f20d32a0c3fabda7d2941c0328beea7c9a1dc29f9400f5ea46d1,GEM_BRAND_STACKED_WHITE_v[X.Y]_[YYYYMMDD].svg
GEM_Brand_Assets_v1.0/04_official_kit/logo/symbol-nospark/clearspace/gem-symbol-nospark-beige-clearspace-2u.svg,gem-symbol-nospark-beige-clearspace-2u.svg,7ec0ee6a16d7f8a8eca05904e0a6e97245519189fb8c973c520974ba816b1f6d,GEM_BRAND_SYMBOL-NOSPARK_BEIGE-CLEARSPACE-2U_v[X.Y]_[YYYYMMDD].svg
GEM_Brand_Assets_v1.0/04_official_kit/logo/symbol-nospark/clearspace/gem-symbol-nospark-black-clearspace-2u.svg,gem-symbol-nospark-black-clearspace-2u.svg,1678bb40035aeceb318d9cdf6273ece4c80c8e033a41ee825b866a5fc99da935,GEM_BRAND_SYMBOL-NOSPARK_BLACK-CLEARSPACE-2U_v[X.Y]_[YYYYMMDD].svg
GEM_Brand_Assets_v1.0/04_official_kit/logo/symbol-nospark/clearspace/gem-symbol-nospark-ink-clearspace-2u.svg,gem-symbol-nospark-ink-clearspace-2u.svg,9f716f15b658fb656f13f7b352d635175d0d69438876db465760abc5fc2dfd9a,GEM_BRAND_SYMBOL-NOSPARK_INK-CLEARSPACE-2U_v[X.Y]_[YYYYMMDD].svg
GEM_Brand_Assets_v1.0/04_official_kit/logo/symbol-nospark/clearspace/gem-symbol-nospark-white-clearspace-2u.svg,gem-symbol-nospark-white-clearspace-2u.svg,bd13ae29e0435402dbbb064cc82370806d5b55282790ccacb2e757a46dc4a2d7,GEM_BRAND_SYMBOL-NOSPARK_WHITE-CLEARSPACE-2U_v[X.Y]_[YYYYMMDD].svg
GEM_Brand_Assets_v1.0/04_official_kit/logo/symbol-nospark/svg/gem-symbol-nospark-beige.svg,gem-symbol-nospark-beige.svg,567eda383baab409511503cb0a2a3d0781877cc57942f5694cac7cfaed0f7617,GEM_BRAND_SYMBOL-NOSPARK_BEIGE_v[X.Y]_[YYYYMMDD].svg
GEM_Brand_Assets_v1.0/04_official_kit/logo/symbol-nospark/svg/gem-symbol-nospark-black.svg,gem-symbol-nospark-black.svg,e1d974cc5e0723c16da8aa1c2eb3d7e2629de273b9be307017ed9a8bbbb3668b,GEM_BRAND_SYMBOL-NOSPARK_BLACK_v[X.Y]_[YYYYMMDD].svg
GEM_Brand_Assets_v1.0/04_official_kit/logo/symbol-nospark/svg/gem-symbol-nospark-ink.svg,gem-symbol-nospark-ink.svg,937b7ab6f0a56adf11379f06769e4affddee968fd3ce090bb9efb3c596ed1a70,GEM_BRAND_SYMBOL-NOSPARK_INK_v[X.Y]_[YYYYMMDD].svg
GEM_Brand_Assets_v1.0/04_official_kit/logo/symbol-nospark/svg/gem-symbol-nospark-white.svg,gem-symbol-nospark-white.svg,b1adc5f0ed59b4355ecfa28fc3ea4cd6a5fba6a9a421e1fc97f6783707c06e2b,GEM_BRAND_SYMBOL-NOSPARK_WHITE_v[X.Y]_[YYYYMMDD].svg
GEM_Brand_Assets_v1.0/04_official_kit/logo/symbol/clearspace/gem-symbol-beige-clearspace-2u.svg,gem-symbol-beige-clearspace-2u.svg,3b21fa33640a398287f4bd66dc7a59a669651a2e301846cfa8ecf435b4535819,GEM_BRAND_SYMBOL_BEIGE-CLEARSPACE-2U_v[X.Y]_[YYYYMMDD].svg
GEM_Brand_Assets_v1.0/04_official_kit/logo/symbol/clearspace/gem-symbol-black-clearspace-2u.svg,gem-symbol-black-clearspace-2u.svg,37737079acb33ade25c80692739e8bb4fa5ee1c52362fa089cfe34b4b51065ea,GEM_BRAND_SYMBOL_BLACK-CLEARSPACE-2U_v[X.Y]_[YYYYMMDD].svg
GEM_Brand_Assets_v1.0/04_official_kit/logo/symbol/clearspace/gem-symbol-ink-clearspace-2u.svg,gem-symbol-ink-clearspace-2u.svg,682e992b5d371e6e6243b1888fe4584cac40e4f1638c4a7b9704c4f49c5ea674,GEM_BRAND_SYMBOL_INK-CLEARSPACE-2U_v[X.Y]_[YYYYMMDD].svg
GEM_Brand_Assets_v1.0/04_official_kit/logo/symbol/clearspace/gem-symbol-white-clearspace-2u.svg,gem-symbol-white-clearspace-2u.svg,91cb3da8a8d70649d099d21a68f9cdd9252a3ff43ce5c9667d934e17df432ed2,GEM_BRAND_SYMBOL_WHITE-CLEARSPACE-2U_v[X.Y]_[YYYYMMDD].svg
GEM_Brand_Assets_v1.0/04_official_kit/logo/symbol/svg/gem-symbol-beige.svg,gem-symbol-beige.svg,2ee7385d24863b1629f7e470e252a05d11304dc2a6e5ca4b2b61695283b03fb5,GEM_BRAND_SYMBOL_BEIGE_v[X.Y]_[YYYYMMDD].svg
GEM_Brand_Assets_v1.0/04_official_kit/logo/symbol/svg/gem-symbol-black.svg,gem-symbol-black.svg,5586ae95d717f14ceb9f1cb5e1494e8259194266d067a5740bba6e7331f9dad3,GEM_BRAND_SYMBOL_BLACK_v[X.Y]_[YYYYMMDD].svg
GEM_Brand_Assets_v1.0/04_official_kit/logo/symbol/svg/gem-symbol-ink.svg,gem-symbol-ink.svg,455fc76a158f4d15abf1fef33ce826dfaed529de80869bbef78f9ad05d23ebf5,GEM_BRAND_SYMBOL_INK_v[X.Y]_[YYYYMMDD].svg
GEM_Brand_Assets_v1.0/04_official_kit/logo/symbol/svg/gem-symbol-white.svg,gem-symbol-white.svg,fc63a8d9ec4bceb499045b612514fb34dff762cf8eaead0f17eaba1419aa76f1,GEM_BRAND_SYMBOL_WHITE_v[X.Y]_[YYYYMMDD].svg
GEM_Brand_Assets_v1.0/04_official_kit/motion/gem-reveal.svg,gem-reveal.svg,4af643eb0bbcdbcadef88765ff2b4d530f34d9cf043d7baa37739723ff816d84,GEM_BRAND_MOTION-REVEAL_MASTER_v[X.Y]_[YYYYMMDD].svg
