Artifact ID,Artifact name,Source path,FA01 SHA256,Current SHA256,Hash match?,FA01 release classification (RP01 category),RP01 action,Restriction,Target artifact path
P-A,Part A Brand Guidelines,GEM_V3.0_RC2_HR01_Human_Review_Queue_Closure/18_candidate_corrections/GEM Brand Guidelines V3.0 — Part A — RC2 — HR01 CANDIDATE (UNAPPROVED).pptx,aeaf96ea70b34f015da975949f0e4ac742ffaa86ffee4b6a722a8995c21f4995,aeaf96ea70b34f015da975949f0e4ac742ffaa86ffee4b6a722a8995c21f4995,YES,A AUTHORIZED RELEASE ARTIFACT,PROMOTE,"External issue as the full PPTX allowed after this promotion; no PDF or DOCX extract of slides 37, 38, 39, 65, 66, 68 (Arabic, D8)",01_brand_guidelines/GEM_BRAND_BrandGuidelines_PartA_v3.0_20261009.pptx
P-B,Part B Digital Design System,GEM_V3.0_RC2_HR01_Human_Review_Queue_Closure/18_candidate_corrections/GEM Digital Design System V3.0 — Part B — RC2 — HR01 CANDIDATE (UNAPPROVED).pptx,bde41b51e0e92a20a14a4f71f9dd25021a289751417564f8ce3737b9d0e7b506,bde41b51e0e92a20a14a4f71f9dd25021a289751417564f8ce3737b9d0e7b506,YES,A AUTHORIZED RELEASE ARTIFACT,PROMOTE,"External issue as the full PPTX allowed; no PDF or DOCX extract of slide 9 (Arabic, D8); specification only, no component implementation",02_digital_design_system/GEM_BRAND_DigitalDesignSystem_PartB_v3.0_20261009.pptx
P-C,Part C Production Standards,GEM_V3.0_RC2_HR01_Human_Review_Queue_Closure/18_candidate_corrections/GEM Production Standards V3.0 — Part C — RC2 — HR01 CANDIDATE (UNAPPROVED).pptx,30e2399d03725f17e7ed92398cc410e717f751fd771022d10fbcfcc875c6a397,30e2399d03725f17e7ed92398cc410e717f751fd771022d10fbcfcc875c6a397,YES,A AUTHORIZED RELEASE ARTIFACT,PROMOTE,External issue as the full PPTX allowed; production-standard edition state stays WORKING EDITION / PENDING PRODUCTION VALIDATION; no supplier acceptance,03_production_standards/GEM_BRAND_ProductionStandards_PartC_v3.0_20261009.pptx
P-D,Part D Amenities & Packaging Concept Portfolio,GEM_V3.0_RC2_HR01_Human_Review_Queue_Closure/18_candidate_corrections/GEM Amenities & Packaging — Concept Product Portfolio V3.0 — Part D — RC2 — HR01 CANDIDATE (UNAPPROVED).pptx,7347efc71126012322bb15453cb5ac4b351e583ac0a756edeed790018e23d598,7347efc71126012322bb15453cb5ac4b351e583ac0a756edeed790018e23d598,YES,C CONCEPT / NOT PRODUCTION ARTWORK,PROMOTE,"CONCEPT / NOT PRODUCTION ARTWORK; images with baked-in Arabic are not for external DOCX/PDF extract (D8); not supplier-ready, no dieline, no regulatory approval",04_amenities_concept/GEM_BRAND_AmenitiesPackagingConcept_PartD_v3.0_20261009.pptx
L-English_First_Page,Letterhead English First Page,GEM_Letterhead_Set_v1.1_Application_Revision_03/01_templates/GEM_Letterhead_English_First_Page.docx,8cb2e02bb9890f3701b20da6cb9de9962340cf2fda7fa3a320c579b3b2cf4299,8cb2e02bb9890f3701b20da6cb9de9962340cf2fda7fa3a320c579b3b2cf4299,YES,A AUTHORIZED RELEASE ARTIFACT,PROMOTE,"Not affected by D8; second-signatory, fields, logo and layout unchanged",05_letterheads/GEM_BRAND_Letterhead_EnglishFirstPage_v3.0_20261009.docx
L-English_Continuation,Letterhead English Continuation,GEM_Letterhead_Set_v1.1_Application_Revision_03/01_templates/GEM_Letterhead_English_Continuation.docx,4103307647e5e4c6178bb9276c740c89e46b7a283015fed963f0d795578707ef,4103307647e5e4c6178bb9276c740c89e46b7a283015fed963f0d795578707ef,YES,A AUTHORIZED RELEASE ARTIFACT,PROMOTE,"Not affected by D8; second-signatory, fields, logo and layout unchanged",05_letterheads/GEM_BRAND_Letterhead_EnglishContinuation_v3.0_20261009.docx
L-Executive,Letterhead Executive,GEM_Letterhead_Set_v1.1_Application_Revision_03/01_templates/GEM_Letterhead_Executive.docx,584848519da4defdc2e71a67bd4f837eeaee8082d29197755e4c175823b3366a,584848519da4defdc2e71a67bd4f837eeaee8082d29197755e4c175823b3366a,YES,A AUTHORIZED RELEASE ARTIFACT,PROMOTE,"Not affected by D8; second-signatory, fields, logo and layout unchanged",05_letterheads/GEM_BRAND_Letterhead_Executive_v3.0_20261009.docx
L-Minimal,Letterhead Minimal,GEM_Letterhead_Set_v1.1_Application_Revision_03/01_templates/GEM_Letterhead_Minimal.docx,0d6678606dc443baf6f56fd19fe6ca4eb26f125c3e13c95993615cd65e183bf6,0d6678606dc443baf6f56fd19fe6ca4eb26f125c3e13c95993615cd65e183bf6,YES,A AUTHORIZED RELEASE ARTIFACT,PROMOTE,"Not affected by D8; second-signatory, fields, logo and layout unchanged",05_letterheads/GEM_BRAND_Letterhead_Minimal_v3.0_20261009.docx
L-Arabic_First_Page,Letterhead Arabic First Page,GEM_V3.0_RC2_HR01_Human_Review_Queue_Closure/18_candidate_corrections/GEM_Letterhead_Arabic_First_Page_HR01_CANDIDATE.docx,aa0ac92d99dbb30d76818237056cddeb96772a6e303927acb0113ab626e0a71d,aa0ac92d99dbb30d76818237056cddeb96772a6e303927acb0113ab626e0a71d,YES,B AUTHORIZED INTERNAL / RESTRICTED ARTIFACT,PROMOTE,CONTROLLED INTERNAL USE ONLY; external issue as DOCX or PDF restricted pending D8 validation; D8 markings kept on every page,05_letterheads/restricted_internal_only/GEM_BRAND_Letterhead_ArabicFirstPageInternal_v3.0_20261009.docx
L-Arabic_Continuation,Letterhead Arabic Continuation,GEM_V3.0_RC2_HR01_Human_Review_Queue_Closure/18_candidate_corrections/GEM_Letterhead_Arabic_Continuation_HR01_CANDIDATE.docx,2216d4d37b38e26bf89dd9892b4e49a03e6fff617a8b9333c43c6dfad14cc563,2216d4d37b38e26bf89dd9892b4e49a03e6fff617a8b9333c43c6dfad14cc563,YES,B AUTHORIZED INTERNAL / RESTRICTED ARTIFACT,PROMOTE,CONTROLLED INTERNAL USE ONLY; external issue as DOCX or PDF restricted pending D8 validation; D8 markings kept on every page,05_letterheads/restricted_internal_only/GEM_BRAND_Letterhead_ArabicContinuationInternal_v3.0_20261009.docx
L-Bilingual_First_Page,Letterhead Bilingual First Page,GEM_V3.0_RC2_HR01_Human_Review_Queue_Closure/18_candidate_corrections/GEM_Letterhead_Bilingual_First_Page_HR01_CANDIDATE.docx,c253cef8f8b3dd0c82add9b3081aa8104736d94f4dc31b0da9f78a26985ed9be,c253cef8f8b3dd0c82add9b3081aa8104736d94f4dc31b0da9f78a26985ed9be,YES,B AUTHORIZED INTERNAL / RESTRICTED ARTIFACT,PROMOTE,CONTROLLED INTERNAL USE ONLY; external issue as DOCX or PDF restricted pending D8 validation; D8 markings kept on every page,05_letterheads/restricted_internal_only/GEM_BRAND_Letterhead_BilingualFirstPageInternal_v3.0_20261009.docx
L-Bilingual_Continuation,Letterhead Bilingual Continuation,GEM_V3.0_RC2_HR01_Human_Review_Queue_Closure/18_candidate_corrections/GEM_Letterhead_Bilingual_Continuation_HR01_CANDIDATE.docx,70fa0c3047c407139963912ea1ff5765534f59d2e59d5ffc47ada1935f1f12a8,70fa0c3047c407139963912ea1ff5765534f59d2e59d5ffc47ada1935f1f12a8,YES,B AUTHORIZED INTERNAL / RESTRICTED ARTIFACT,PROMOTE,CONTROLLED INTERNAL USE ONLY; external issue as DOCX or PDF restricted pending D8 validation; D8 markings kept on every page,05_letterheads/restricted_internal_only/GEM_BRAND_Letterhead_BilingualContinuationInternal_v3.0_20261009.docx
T-JSON,Token package gem-tokens.v3.0.json,PartB_RC2/05_release/tokens/gem-tokens.v3.0-rc2.json,8f625821abd162f92ed7bf2ab0e2d7f979007ef2b1bec8e01a74b37dc7b686b9,8f625821abd162f92ed7bf2ab0e2d7f979007ef2b1bec8e01a74b37dc7b686b9,YES,A AUTHORIZED RELEASE ARTIFACT,PROMOTE,Meta/header labels only; no token value changed,07_tokens/gem-tokens.v3.0.json
T-CSS,Token package gem-tokens.v3.0.css,PartB_RC2/05_release/tokens/gem-tokens.v3.0-rc2.css,2ea7ed543e1e8820f071197932e5ffe8b94d8dec924e1de37eb14d7b84c68b27,2ea7ed543e1e8820f071197932e5ffe8b94d8dec924e1de37eb14d7b84c68b27,YES,A AUTHORIZED RELEASE ARTIFACT,PROMOTE,Meta/header labels only; no token value changed,07_tokens/gem-tokens.v3.0.css
K-KIT,Logo kit GEM_Brand_Assets_v1.0 (04_official_kit checksum list),GEM_Brand_Assets_v1.0/04_official_kit/SHA256SUMS.txt,16a74da8930ec28f46bf17b352db12d47a84da42557ad494b220bb2aeb1a9d05,16a74da8930ec28f46bf17b352db12d47a84da42557ad494b220bb2aeb1a9d05,YES,D WORKING ASSET / PRODUCTION-MASTER ACCEPTANCE PENDING,"CARRY IN PLACE (reference, not copied)",WORKING ASSETS; acceptance as production master PENDING (VAL-02 deferred); production vectors not accepted masters,06_brand_assets/README.md (pointer)
