Artifact ID,Promoted file,Classification,Location(s),Occurrences,Old text,New text,Reason
P-A,GEM_BRAND_BrandGuidelines_PartA_v3.0_20261009.pptx,A STALE RELEASE-STATE LABEL - UPDATED,"slide10.xml,slide12.xml,slide13.xml,slide14.xml,slide15.xml,slide16.xml,slide17.xml,slide19.xml,slide2.xml,slide20.xml,s",59,V3.0 RC2 · PART A,V3.0 · PART A,running header: RC2 is a stale release-state label
P-A,GEM_BRAND_BrandGuidelines_PartA_v3.0_20261009.pptx,A STALE RELEASE-STATE LABEL - UPDATED,slide1.xml,1,"V3.0 RC2 · Working edition · release not yet authorized (AC20) · logo from supplied vector kit, owner acceptance PENDING (VAL-02) · Document ID GEM-BG-V3.0-RC2 ","V3.0 · Owner authorized final brand-system baseline (AC20) · formal deferrals recorded · logo from supplied vector kit, owner acceptance PENDING (VAL-02) · Document ID GEM-BG-V3.0 · issued 2026-10-09",cover edition line: RC2 / working edition / AC20 not authorized are superseded by FA01; VAL-02 qualifier preserved
P-A,GEM_BRAND_BrandGuidelines_PartA_v3.0_20261009.pptx,A STALE RELEASE-STATE LABEL - UPDATED,slide3.xml,1,"Issued as RC2, pending production validation.","Issued as V3.0, pending production validation.",RC2 label; pending production validation qualifier preserved
P-A,GEM_BRAND_BrandGuidelines_PartA_v3.0_20261009.pptx,A STALE RELEASE-STATE LABEL - UPDATED,slide72.xml,1,Release authorization (AC20) rests with the Brand Owner.,"Release authorization (AC20) was issued by the Brand Owner, with formal deferrals.",AC20 sentence superseded by FA01; role placeholders and AC19 sentence untouched
P-A,GEM_BRAND_BrandGuidelines_PartA_v3.0_20261009.pptx,A STALE RELEASE-STATE LABEL - UPDATED,slide78.xml,1,"Production standards, Part C RC2 ","Production standards, Part C ",RC2 label; ISSUED / AC17 / VAL-10 / VAL-11 OPEN preserved
P-A,GEM_BRAND_BrandGuidelines_PartA_v3.0_20261009.pptx,A STALE RELEASE-STATE LABEL - UPDATED,slide78.xml,1,· AC20 · [REQUIRES OWNER],"· AC20 · AUTHORIZED, WITH FORMAL DEFERRALS",AC20 status superseded by FA01
P-A,GEM_BRAND_BrandGuidelines_PartA_v3.0_20261009.pptx,A STALE RELEASE-STATE LABEL - UPDATED,slide79.xml,1,· GEM-BG-V3.0-RC2,· GEM-BG-V3.0,document ID
P-A,GEM_BRAND_BrandGuidelines_PartA_v3.0_20261009.pptx,A STALE RELEASE-STATE LABEL - UPDATED,slide79.xml,1,· V3.0 RC2 (Release Candidate 2),· V3.0 (final brand-system baseline),version label
P-A,GEM_BRAND_BrandGuidelines_PartA_v3.0_20261009.pptx,A STALE RELEASE-STATE LABEL - UPDATED,slide79.xml,1,· WORKING EDITION · NOT RELEASED,· OWNER AUTHORIZED FINAL BRAND-SYSTEM BASELINE,edition state superseded by FA01
P-A,GEM_BRAND_BrandGuidelines_PartA_v3.0_20261009.pptx,A STALE RELEASE-STATE LABEL - UPDATED,slide79.xml,1,· 2026-10-06,· 2026-10-09,release date
P-A,GEM_BRAND_BrandGuidelines_PartA_v3.0_20261009.pptx,A STALE RELEASE-STATE LABEL - UPDATED,slide79.xml,1,· Brand Owner · AC20 PENDING,· Brand Owner · AC20 AUTHORIZED WITH FORMAL DEFERRALS,approver status
P-A,GEM_BRAND_BrandGuidelines_PartA_v3.0_20261009.pptx,A STALE RELEASE-STATE LABEL - UPDATED,slide79.xml,1,· RC2 synchronized · evidence gates open,· Owner authorized baseline · formal deferrals recorded · evidence gates open or deferred,release status
P-A,GEM_BRAND_BrandGuidelines_PartA_v3.0_20261009.pptx,A STALE RELEASE-STATE LABEL - UPDATED,slide79.xml,1,"· V3.0 working edition (undated, pre-RC2)",· V3.0 RC2 (2026-10-06) and V3.0 working edition (undated),supersedes line names the RC2 edition explicitly
P-A,GEM_BRAND_BrandGuidelines_PartA_v3.0_20261009.pptx,A STALE RELEASE-STATE LABEL - UPDATED,slide79.xml,1,· GEM-DDS-V3.0-RC2 (Part B) · GEM-PS-V3.0-RC2 (Part C),· GEM-DDS-V3.0 (Part B) · GEM-PS-V3.0 (Part C),related document IDs
P-A,GEM_BRAND_BrandGuidelines_PartA_v3.0_20261009.pptx,A STALE RELEASE-STATE LABEL - UPDATED,slide79.xml,1,"Change log · RC2, 2026-10-06:","Change log · V3.0 labels; RC2, 2026-10-06:",change-log entry for this promotion
P-A,GEM_BRAND_BrandGuidelines_PartA_v3.0_20261009.pptx,A STALE RELEASE-STATE LABEL - UPDATED,slide80.xml,1,Brand Guidelines V3.0 RC2 · Part A · Working edition · not released,Brand Guidelines V3.0 · Part A · Owner authorized final brand-system baseline,closing line
P-A,GEM_BRAND_BrandGuidelines_PartA_v3.0_20261009.pptx,A STALE RELEASE-STATE LABEL - UPDATED,notesSlide1.xml,1,"Edition: V3.0 Release Candidate 2 (RC2), a working edition synchronized with Part B and Part C RC2 and with the V3 Final Brand Approval Register. Brand Owner re","Edition: V3.0, the owner-authorized final brand-system baseline, synchronized with Part B and Part C and with the V3 Final Brand Approval Register. Brand Owner release authorization (AC20) was issued ",speaker note: edition
P-A,GEM_BRAND_BrandGuidelines_PartA_v3.0_20261009.pptx,A STALE RELEASE-STATE LABEL - UPDATED,notesSlide3.xml,1,Part C exists as Release Candidate 2 and is a working edition pending production validation (AC17).,Part C exists as V3.0; its production-standard edition state is working edition pending production validation (AC17).,speaker note
P-A,GEM_BRAND_BrandGuidelines_PartA_v3.0_20261009.pptx,A STALE RELEASE-STATE LABEL - UPDATED,notesSlide79.xml,1,issued as Release Candidate 2 with a token package,issued as V3.0 with a token package,speaker note
P-A,GEM_BRAND_BrandGuidelines_PartA_v3.0_20261009.pptx,A STALE RELEASE-STATE LABEL - UPDATED,notesSlide79.xml,1,"Part C, Production Standards V3.0, is issued as Release Candidate 2, a working edition pending production validation.","Part C, Production Standards V3.0, is issued as V3.0, pending production validation.",speaker note
P-A,GEM_BRAND_BrandGuidelines_PartA_v3.0_20261009.pptx,A STALE RELEASE-STATE LABEL - UPDATED,notesSlide80.xml,1,Owner and approver names are recorded by the Brand Owner before AC20. Part B is issued as its own RC2 deck with a token package (PartB_RC2/05_release);,Owner and approver names are recorded by the Brand Owner (AC19 is formally deferred). Part B is issued as its own deck with a token package;,speaker note
P-A,GEM_BRAND_BrandGuidelines_PartA_v3.0_20261009.pptx,B STILL-VALID QUALIFIER - PRESERVED,notesSlide3.xml,1,"Authority order as set by the register (RF01, RF02, DS01): the register first; then each of the three V3.0 products in its own domain; formal technical and lega","Authority order as set by the register (RF01, RF02, DS01): the register first; then each of the three V3.0 products in its own domain; formal technical and lega",Part C production-standard edition state per its own rule (production validation pending) [stale term: working edition]
P-A,GEM_BRAND_BrandGuidelines_PartA_v3.0_20261009.pptx,C HISTORICAL / EXPLANATORY - PRESERVED,notesSlide75.xml,1,Convention X12 of the register. Earlier working editions omitted the date field; the register wins. Asset-ID format and checksum algorithm are proposals pending,Convention X12 of the register. Earlier working editions omitted the date field; the register wins. Asset-ID format and checksum algorithm are proposals pending,named historical document or explanatory reference [stale term: working edition]
P-A,GEM_BRAND_BrandGuidelines_PartA_v3.0_20261009.pptx,B STILL-VALID QUALIFIER - PRESERVED,slide4.xml,1,"Shape carries the meaning as well as the word: filled, solid, dashed, dotted. Placeholders read [PENDING], [TO BE VERIFIED] or [REQUIRES OWNER]. Concepts read C","Shape carries the meaning as well as the word: filled, solid, dashed, dotted. Placeholders read [PENDING], [TO BE VERIFIED] or [REQUIRES OWNER]. Concepts read C",still-valid qualifier: the underlying validation is not performed (FA01 deferrals) [stale term: WORKING EDITION]
P-A,GEM_BRAND_BrandGuidelines_PartA_v3.0_20261009.pptx,C HISTORICAL / EXPLANATORY - PRESERVED,slide79.xml,1,Supersedes · V3.0 RC2 (2026-10-06) and V3.0 working edition (undated),Supersedes · V3.0 RC2 (2026-10-06) and V3.0 working edition (undated),change-log / supersedes text naming the RC2 edition: historical context [stale term: RC2]
P-A,GEM_BRAND_BrandGuidelines_PartA_v3.0_20261009.pptx,C HISTORICAL / EXPLANATORY - PRESERVED,slide79.xml,1,"Change log · V3.0 labels; RC2, 2026-10-06: synchronized with Part B and Part C RC2 and the V3 Approval Register (authority order, twelve roles, VAL IDs, S07 way","Change log · V3.0 labels; RC2, 2026-10-06: synchronized with Part B and Part C RC2 and the V3 Approval Register (authority order, twelve roles, VAL IDs, S07 way",change-log / supersedes text naming the RC2 edition: historical context [stale term: RC2]
P-B,GEM_BRAND_DigitalDesignSystem_PartB_v3.0_20261009.pptx,A STALE RELEASE-STATE LABEL - UPDATED,"slide10.xml,slide11.xml,slide12.xml,slide13.xml,slide14.xml,slide15.xml,slide16.xml,slide17.xml,slide18.xml,slide19.xml,",34,V3.0 RC2 · working specification,V3.0 · specification,running footer
P-B,GEM_BRAND_DigitalDesignSystem_PartB_v3.0_20261009.pptx,A STALE RELEASE-STATE LABEL - UPDATED,slide1.xml,1,V3.0 RC2 · WORKING SPECIFICATION · NOT RELEASED (AC20 PENDING) · GEM-DDS-V3.0-RC2 · ISSUED 2026-10-06,V3.0 · OWNER AUTHORIZED FINAL BRAND-SYSTEM BASELINE · GEM-DDS-V3.0 · ISSUED 2026-10-09,cover edition line
P-B,GEM_BRAND_DigitalDesignSystem_PartB_v3.0_20261009.pptx,A STALE RELEASE-STATE LABEL - UPDATED,slide4.xml,1,A. Brand Guidelines V3.0 RC2,A. Brand Guidelines V3.0,part list
P-B,GEM_BRAND_DigitalDesignSystem_PartB_v3.0_20261009.pptx,A STALE RELEASE-STATE LABEL - UPDATED,slide4.xml,1,B. Digital Design System V3.0 RC2,B. Digital Design System V3.0,part list
P-B,GEM_BRAND_DigitalDesignSystem_PartB_v3.0_20261009.pptx,A STALE RELEASE-STATE LABEL - UPDATED,slide4.xml,1,C. Production Standards V3.0 RC2,C. Production Standards V3.0,part list
P-B,GEM_BRAND_DigitalDesignSystem_PartB_v3.0_20261009.pptx,A STALE RELEASE-STATE LABEL - UPDATED,slide4.xml,1,"Issued as RC2 · WORKING EDITION / PENDING PRODUCTION VALIDATION (DS04, AC17)","Issued as V3.0 · WORKING EDITION / PENDING PRODUCTION VALIDATION (DS04, AC17)",RC2 label; Part C's own production-standard edition state preserved
P-B,GEM_BRAND_DigitalDesignSystem_PartB_v3.0_20261009.pptx,A STALE RELEASE-STATE LABEL - UPDATED,slide30.xml,1,gem-tokens.v3.0-rc2.json / .css,gem-tokens.v3.0.json / .css,token file names follow the promoted package
P-B,GEM_BRAND_DigitalDesignSystem_PartB_v3.0_20261009.pptx,A STALE RELEASE-STATE LABEL - UPDATED,slide30.xml,1,gem-tokens.v3.0-rc2.json and .css,gem-tokens.v3.0.json and .css,token file names
P-B,GEM_BRAND_DigitalDesignSystem_PartB_v3.0_20261009.pptx,A STALE RELEASE-STATE LABEL - UPDATED,slide30.xml,1,Versioning: semantic 3.0.0-rc.2 (document edition V3.0 RC2).,Versioning: semantic 3.0.0 (document edition V3.0).,token package semver and edition
P-B,GEM_BRAND_DigitalDesignSystem_PartB_v3.0_20261009.pptx,A STALE RELEASE-STATE LABEL - UPDATED,slide31.xml,1,"Part C issued as RC2, physical evidence open","Part C issued as V3.0, physical evidence open",RC2 label
P-B,GEM_BRAND_DigitalDesignSystem_PartB_v3.0_20261009.pptx,A STALE RELEASE-STATE LABEL - UPDATED,slide31.xml,1,All role holders TBD; release authorization pending (AC20),Role holders TBD (AC19 formally deferred); release authorization issued with formal deferrals (AC20),AC20 status superseded by FA01
P-B,GEM_BRAND_DigitalDesignSystem_PartB_v3.0_20261009.pptx,A STALE RELEASE-STATE LABEL - UPDATED,slide33.xml,1,3.0.0-rc.2 · V3.0 RC2 (this edition),3.0.0 · V3.0 (this edition),version history
P-B,GEM_BRAND_DigitalDesignSystem_PartB_v3.0_20261009.pptx,A STALE RELEASE-STATE LABEL - UPDATED,slide34.xml,1,· GEM-DDS-V3.0-RC2,· GEM-DDS-V3.0,document ID
P-B,GEM_BRAND_DigitalDesignSystem_PartB_v3.0_20261009.pptx,A STALE RELEASE-STATE LABEL - UPDATED,slide34.xml,1,· V3.0 RC2 (Release Candidate 2) · semantic 3.0.0-rc.2,· V3.0 (final brand-system baseline) · semantic 3.0.0,version label
P-B,GEM_BRAND_DigitalDesignSystem_PartB_v3.0_20261009.pptx,A STALE RELEASE-STATE LABEL - UPDATED,slide34.xml,1,· WORKING SPECIFICATION · NOT RELEASED,"· OWNER AUTHORIZED FINAL BRAND-SYSTEM BASELINE · SPECIFICATION ONLY, NO COMPONENT IMPLEMENTATION",edition state
P-B,GEM_BRAND_DigitalDesignSystem_PartB_v3.0_20261009.pptx,A STALE RELEASE-STATE LABEL - UPDATED,slide34.xml,1,=Issue date · 2026-10-06,Issue date · 2026-10-09,release date (exact run only; change-log history untouched)
P-B,GEM_BRAND_DigitalDesignSystem_PartB_v3.0_20261009.pptx,A STALE RELEASE-STATE LABEL - UPDATED,slide34.xml,1,· Brand Owner · AC20 PENDING,· Brand Owner · AC20 AUTHORIZED WITH FORMAL DEFERRALS,approver status
P-B,GEM_BRAND_DigitalDesignSystem_PartB_v3.0_20261009.pptx,A STALE RELEASE-STATE LABEL - UPDATED,slide34.xml,1,· RC2 synchronized with Parts A and C · evidence gates open,"· Owner authorized baseline, synchronized with Parts A and C · formal deferrals recorded; release-checklist items (slide 33) deferred, not closed · evidence gates open or deferred",release status
P-B,GEM_BRAND_DigitalDesignSystem_PartB_v3.0_20261009.pptx,A STALE RELEASE-STATE LABEL - UPDATED,slide34.xml,1,· GEM-BG-V3.0-RC2 (Part A) · GEM-PS-V3.0-RC2 (Part C),· GEM-BG-V3.0 (Part A) · GEM-PS-V3.0 (Part C),related document IDs
P-B,GEM_BRAND_DigitalDesignSystem_PartB_v3.0_20261009.pptx,A STALE RELEASE-STATE LABEL - UPDATED,slide34.xml,1,3.0.0-rc.2 · 2026-10-06 · RC2 synchronization,"3.0.0 · 2026-10-09 · release labels only; no content, token or layout change. 3.0.0-rc.2 · 2026-10-06 · RC2 synchronization",change-log entry for this promotion
P-B,GEM_BRAND_DigitalDesignSystem_PartB_v3.0_20261009.pptx,A STALE RELEASE-STATE LABEL - UPDATED,notesSlide1.xml,1,"Editable source of the GEM Digital Design System V3.0, Release Candidate 2 (RC2), synchronized with Part A RC2, Part C RC2 and the V3 Final Brand Approval Regis","Editable source of the GEM Digital Design System V3.0, the owner-authorized final brand-system baseline, synchronized with Part A, Part C and the V3 Final Brand Approval Register",speaker note
P-B,GEM_BRAND_DigitalDesignSystem_PartB_v3.0_20261009.pptx,A STALE RELEASE-STATE LABEL - UPDATED,notesSlide4.xml,1,"Part C exists as Release Candidate 2; it is a working edition pending production validation (AC17), not a production-approved standard.","Part C exists as V3.0; its production-standard edition state is working edition pending production validation (AC17), not a production-approved standard.",speaker note
P-B,GEM_BRAND_DigitalDesignSystem_PartB_v3.0_20261009.pptx,C HISTORICAL / EXPLANATORY - PRESERVED,notesSlide35.xml,1,"Reference flow assembled from existing components only (Field, DatePicker, QuantityStepper, Select, RoomCard, Tabs, Button, Link, Alert, SpecificationTable). Pu","Reference flow assembled from existing components only (Field, DatePicker, QuantityStepper, Select, RoomCard, Tabs, Button, Link, Alert, SpecificationTable). Pu",repository path of a historical working folder [stale term: RC2]
P-B,GEM_BRAND_DigitalDesignSystem_PartB_v3.0_20261009.pptx,B STILL-VALID QUALIFIER - PRESERVED,notesSlide4.xml,1,"Authority order shared verbatim with Part A slide 3 and Part C slide 2 (RF01, RF02, DS01). Part C exists as V3.0; its production-standard edition state is worki","Authority order shared verbatim with Part A slide 3 and Part C slide 2 (RF01, RF02, DS01). Part C exists as V3.0; its production-standard edition state is worki",Part C production-standard edition state per its own rule (production validation pending) [stale term: working edition]
P-B,GEM_BRAND_DigitalDesignSystem_PartB_v3.0_20261009.pptx,B STILL-VALID QUALIFIER - PRESERVED,slide2.xml,1,Also required: CONCEPT / NOT PRODUCTION ARTWORK · PENDING PRODUCTION MASTER · PENDING LOCALIZATION APPROVAL · PROJECT-SPECIFIC / REQUIRES SITE VALIDATION. Editi,Also required: CONCEPT / NOT PRODUCTION ARTWORK · PENDING PRODUCTION MASTER · PENDING LOCALIZATION APPROVAL · PROJECT-SPECIFIC / REQUIRES SITE VALIDATION. Editi,still-valid qualifier: the underlying validation is not performed (FA01 deferrals) [stale term: WORKING EDITION]
P-B,GEM_BRAND_DigitalDesignSystem_PartB_v3.0_20261009.pptx,C HISTORICAL / EXPLANATORY - PRESERVED,slide34.xml,1,"Supersedes · V3.0 working specification, 3.0.0-draft (undated)","Supersedes · V3.0 working specification, 3.0.0-draft (undated)",supersedes line naming earlier editions: historical context [stale term: working specification]
P-B,GEM_BRAND_DigitalDesignSystem_PartB_v3.0_20261009.pptx,C HISTORICAL / EXPLANATORY - PRESERVED,slide34.xml,1,"3.0.0 · 2026-10-09 · release labels only; no content, token or layout change. 3.0.0-rc.2 · 2026-10-06 · RC2 synchronization with Parts A and C and the register:","3.0.0 · 2026-10-09 · release labels only; no content, token or layout change. 3.0.0-rc.2 · 2026-10-06 · RC2 synchronization with Parts A and C and the register:",change-log / supersedes text naming the RC2 edition: historical context [stale term: 3.0.0-rc]
P-B,GEM_BRAND_DigitalDesignSystem_PartB_v3.0_20261009.pptx,B STILL-VALID QUALIFIER - PRESERVED,slide4.xml,1,"Issued as V3.0 · WORKING EDITION / PENDING PRODUCTION VALIDATION (DS04, AC17)","Issued as V3.0 · WORKING EDITION / PENDING PRODUCTION VALIDATION (DS04, AC17)",still-valid qualifier: the underlying validation is not performed (FA01 deferrals) [stale term: WORKING EDITION]
P-C,GEM_BRAND_ProductionStandards_PartC_v3.0_20261009.pptx,A STALE RELEASE-STATE LABEL - UPDATED,"slide2.xml,slide3.xml,slide4.xml,slide5.xml",4,V3.0 RC2 · PART C · WORKING EDITION,V3.0 · PART C · EDITION,running header (section tag)
P-C,GEM_BRAND_ProductionStandards_PartC_v3.0_20261009.pptx,A STALE RELEASE-STATE LABEL - UPDATED,"slide10.xml,slide11.xml,slide12.xml,slide13.xml,slide14.xml,slide15.xml,slide16.xml,slide17.xml,slide19.xml,slide20.xml,",66,V3.0 RC2 · PART C,V3.0 · PART C,running header
P-C,GEM_BRAND_ProductionStandards_PartC_v3.0_20261009.pptx,A STALE RELEASE-STATE LABEL - UPDATED,slide1.xml,1,Production Standards V3.0 — Release Candidate 2,Production Standards V3.0,cover title line (name of the slide)
P-C,GEM_BRAND_ProductionStandards_PartC_v3.0_20261009.pptx,A STALE RELEASE-STATE LABEL - UPDATED,slide1.xml,1,RELEASE CANDIDATE 2,V3.0 · FINAL BRAND-SYSTEM BASELINE,cover edition tag
P-C,GEM_BRAND_ProductionStandards_PartC_v3.0_20261009.pptx,A STALE RELEASE-STATE LABEL - UPDATED,slide1.xml,1,"Release conditions incomplete · release authorization [REQUIRES OWNER] (AC20) · logo from supplied vector kit, acceptance PENDING (VAL-02) · Document ID GEM-PS-","Production release conditions incomplete · release authorization (AC20) issued with formal deferrals · logo from supplied vector kit, acceptance PENDING (VAL-02) · Document ID GEM-PS-V3.0 · V3.0 · iss",cover status line; production-validation qualifier preserved
P-C,GEM_BRAND_ProductionStandards_PartC_v3.0_20261009.pptx,A STALE RELEASE-STATE LABEL - UPDATED,slide75.xml,1,SEVENTEEN OPEN,SEVENTEEN LISTED,AC20 is no longer an open gate
P-C,GEM_BRAND_ProductionStandards_PartC_v3.0_20261009.pptx,A STALE RELEASE-STATE LABEL - UPDATED,slide75.xml,1,Final release authorization · AC20,Final authorization · AC20 · issued,AC20 status superseded by FA01
P-C,GEM_BRAND_ProductionStandards_PartC_v3.0_20261009.pptx,A STALE RELEASE-STATE LABEL - UPDATED,slide76.xml,1,Open · AC20,"Authorized · AC20, formal deferrals",gate 6 status superseded by FA01; gates 1 to 5 stay Open
P-C,GEM_BRAND_ProductionStandards_PartC_v3.0_20261009.pptx,A STALE RELEASE-STATE LABEL - UPDATED,slide76.xml,1,Until all six are met: V3.0 RC2 · WORKING EDITION / PENDING PRODUCTION VALIDATION,Until all six are met: V3.0 · WORKING EDITION / PENDING PRODUCTION VALIDATION,RC2 label; Part C's own production-standard rule preserved
P-C,GEM_BRAND_ProductionStandards_PartC_v3.0_20261009.pptx,A STALE RELEASE-STATE LABEL - UPDATED,slide77.xml,1,GEM-PS-V3.0-RC2,GEM-PS-V3.0,document ID
P-C,GEM_BRAND_ProductionStandards_PartC_v3.0_20261009.pptx,A STALE RELEASE-STATE LABEL - UPDATED,slide77.xml,1,V3.0 RC2 (Release Candidate 2),V3.0 (final brand-system baseline),version label
P-C,GEM_BRAND_ProductionStandards_PartC_v3.0_20261009.pptx,A STALE RELEASE-STATE LABEL - UPDATED,slide77.xml,1,WORKING EDITION · NOT RELEASED,AUTHORIZED · WORKING EDITION,edition state; production-standard state preserved
P-C,GEM_BRAND_ProductionStandards_PartC_v3.0_20261009.pptx,A STALE RELEASE-STATE LABEL - UPDATED,slide77.xml,1,=2026-10-06,2026-10-09,release date (exact run only; change-log history untouched)
P-C,GEM_BRAND_ProductionStandards_PartC_v3.0_20261009.pptx,A STALE RELEASE-STATE LABEL - UPDATED,slide77.xml,1,Brand Owner · AC20 PENDING,Brand Owner · AC20 AUTHORIZED,approver status
P-C,GEM_BRAND_ProductionStandards_PartC_v3.0_20261009.pptx,A STALE RELEASE-STATE LABEL - UPDATED,slide77.xml,1,Release status: RC2 synchronized with Part A and Part B RC2 · evidence gates open,Release status: owner authorized baseline · formal deferrals recorded · gates open or deferred,release status
P-C,GEM_BRAND_ProductionStandards_PartC_v3.0_20261009.pptx,A STALE RELEASE-STATE LABEL - UPDATED,slide77.xml,1,Supersedes: Release Candidate 1 (undated) · Related: GEM-BG-V3.0-RC2 (Part A) · GEM-DDS-V3.0-RC2 (Part B),"Supersedes: V3.0 RC2 (2026-10-06), RC1 (undated) · Related: GEM-BG-V3.0 (Part A) · GEM-DDS-V3.0 (Part B)",supersedes / related IDs
P-C,GEM_BRAND_ProductionStandards_PartC_v3.0_20261009.pptx,A STALE RELEASE-STATE LABEL - UPDATED,slide77.xml,1,"Change log · RC2, 2026-10-06:","Change log · V3.0 labels; RC2, 2026-10-06:",change-log entry for this promotion
P-C,GEM_BRAND_ProductionStandards_PartC_v3.0_20261009.pptx,A STALE RELEASE-STATE LABEL - UPDATED,slide78.xml,1,RELEASE CANDIDATE 2 · WORKING EDITION / PENDING PRODUCTION VALIDATION,V3.0 · WORKING EDITION / PENDING PRODUCTION VALIDATION,back cover; RC label; production-standard state preserved
P-C,GEM_BRAND_ProductionStandards_PartC_v3.0_20261009.pptx,A STALE RELEASE-STATE LABEL - UPDATED,notesSlide1.xml,1,"Edition: V3.0 Release Candidate 2 (RC2), a working edition synchronized with Part A and Part B RC2 and the V3 Final Brand Approval Register.","Edition: V3.0, the owner-authorized final brand-system baseline, synchronized with Part A and Part B and the V3 Final Brand Approval Register. Its production-standard edition state remains working edi",speaker note
P-C,GEM_BRAND_ProductionStandards_PartC_v3.0_20261009.pptx,A STALE RELEASE-STATE LABEL - UPDATED,notesSlide76.xml,1,"This edition is Release Candidate 2, a working edition. No gate is closed; gate IDs follow the register.",This edition is the V3.0 owner-authorized baseline; its production-standard edition state remains working edition pending production validation. No evidence gate is closed by that authorization; gate ,speaker note
P-C,GEM_BRAND_ProductionStandards_PartC_v3.0_20261009.pptx,A STALE RELEASE-STATE LABEL - UPDATED,core.xml,1,Release Candidate 1</dc:title>,V3.0 — Part C</dc:title>,document title metadata carried a stale RC1 label
P-C,GEM_BRAND_ProductionStandards_PartC_v3.0_20261009.pptx,B STILL-VALID QUALIFIER - PRESERVED,notesSlide1.xml,1,"Cover. Part C governs physical production and supplier release. Edition: V3.0, the owner-authorized final brand-system baseline, synchronized with Part A and Pa","Cover. Part C governs physical production and supplier release. Edition: V3.0, the owner-authorized final brand-system baseline, synchronized with Part A and Pa",Part C production-standard edition state per its own rule (production validation pending) [stale term: working edition]
P-C,GEM_BRAND_ProductionStandards_PartC_v3.0_20261009.pptx,B STILL-VALID QUALIFIER - PRESERVED,notesSlide76.xml,1,This edition is the V3.0 owner-authorized baseline; its production-standard edition state remains working edition pending production validation. No evidence gat,This edition is the V3.0 owner-authorized baseline; its production-standard edition state remains working edition pending production validation. No evidence gat,Part C production-standard edition state per its own rule (production validation pending) [stale term: working edition]
P-C,GEM_BRAND_ProductionStandards_PartC_v3.0_20261009.pptx,B STILL-VALID QUALIFIER - PRESERVED,slide1.xml,1,WORKING EDITION / PENDING PRODUCTION VALIDATION,WORKING EDITION / PENDING PRODUCTION VALIDATION,still-valid qualifier: the underlying validation is not performed (FA01 deferrals) [stale term: WORKING EDITION]
P-C,GEM_BRAND_ProductionStandards_PartC_v3.0_20261009.pptx,C HISTORICAL / EXPLANATORY - PRESERVED,slide3.xml,1,Edition states: WORKING EDITION → RELEASE CANDIDATE (RC) → APPROVED PRODUCTION STANDARD. An RC is a synchronized working edition issued for validation; it becom,Edition states: WORKING EDITION → RELEASE CANDIDATE (RC) → APPROVED PRODUCTION STANDARD. An RC is a synchronized working edition issued for validation; it becom,Part C vocabulary of edition states (explanatory) [stale term: WORKING EDITION]
P-C,GEM_BRAND_ProductionStandards_PartC_v3.0_20261009.pptx,B STILL-VALID QUALIFIER - PRESERVED,slide44.xml,1,"Layout follows Part A. Print process and stock follow the print and materials standards. Templates are an OPEN DELIVERABLE (AB10, AB11, W01–W10): a Letterhead S","Layout follows Part A. Print process and stock follow the print and materials standards. Templates are an OPEN DELIVERABLE (AB10, AB11, W01–W10): a Letterhead S",still-valid qualifier: the underlying validation is not performed (FA01 deferrals) [stale term: WORKING APPLICATION]
P-C,GEM_BRAND_ProductionStandards_PartC_v3.0_20261009.pptx,C HISTORICAL / EXPLANATORY - PRESERVED,slide57.xml,1,"If it is not in the manifest, it is not released.","If it is not in the manifest, it is not released.","production-file release rule (a file not in the manifest is not released), not an edition-state label [stale term: not released]"
P-C,GEM_BRAND_ProductionStandards_PartC_v3.0_20261009.pptx,C HISTORICAL / EXPLANATORY - PRESERVED,slide62.xml,1,DISPOSITION: READY · HOLD · CORRECT AND RECHECK. Any failed mandatory item: the production file is not released.,DISPOSITION: READY · HOLD · CORRECT AND RECHECK. Any failed mandatory item: the production file is not released.,"production-file release rule (a file not in the manifest is not released), not an edition-state label [stale term: not released]"
P-C,GEM_BRAND_ProductionStandards_PartC_v3.0_20261009.pptx,C HISTORICAL / EXPLANATORY - PRESERVED,slide75.xml,1,"Gate IDs follow the register's Validation & Evidence sheet (VAL-01 to VAL-21; VAL-18 is not allocated) and the release checkpoints AC17, AC19 and AC20. Digital ","Gate IDs follow the register's Validation & Evidence sheet (VAL-01 to VAL-21; VAL-18 is not allocated) and the release checkpoints AC17, AC19 and AC20. Digital ",named historical document or explanatory reference [stale term: RC2]
P-C,GEM_BRAND_ProductionStandards_PartC_v3.0_20261009.pptx,B STILL-VALID QUALIFIER - PRESERVED,slide76.xml,1,Until all six are met: V3.0 · WORKING EDITION / PENDING PRODUCTION VALIDATION,Until all six are met: V3.0 · WORKING EDITION / PENDING PRODUCTION VALIDATION,still-valid qualifier: the underlying validation is not performed (FA01 deferrals) [stale term: WORKING EDITION]
P-C,GEM_BRAND_ProductionStandards_PartC_v3.0_20261009.pptx,B STILL-VALID QUALIFIER - PRESERVED,slide77.xml,1,AUTHORIZED · WORKING EDITION,AUTHORIZED · WORKING EDITION,Part C edition-state cell: authorized baseline; the production-standard edition state stays WORKING EDITION (slide 76 rule) [stale term: WORKING EDITION]
P-C,GEM_BRAND_ProductionStandards_PartC_v3.0_20261009.pptx,C HISTORICAL / EXPLANATORY - PRESERVED,slide77.xml,1,"Supersedes: V3.0 RC2 (2026-10-06), RC1 (undated) · Related: GEM-BG-V3.0 (Part A) · GEM-DDS-V3.0 (Part B) · V3 Approval Register","Supersedes: V3.0 RC2 (2026-10-06), RC1 (undated) · Related: GEM-BG-V3.0 (Part A) · GEM-DDS-V3.0 (Part B) · V3 Approval Register",change-log / supersedes text naming the RC2 edition: historical context [stale term: RC2]
P-C,GEM_BRAND_ProductionStandards_PartC_v3.0_20261009.pptx,C HISTORICAL / EXPLANATORY - PRESERVED,slide77.xml,1,"Change log · V3.0 labels; RC2, 2026-10-06: authority order and domain ownership (2); edition states and labels (3); register role names (4); master register row","Change log · V3.0 labels; RC2, 2026-10-06: authority order and domain ownership (2); edition states and labels (3); register role names (4); master register row",change-log / supersedes text naming the RC2 edition: historical context [stale term: RC2]
P-C,GEM_BRAND_ProductionStandards_PartC_v3.0_20261009.pptx,B STILL-VALID QUALIFIER - PRESERVED,slide78.xml,1,V3.0 · WORKING EDITION / PENDING PRODUCTION VALIDATION,V3.0 · WORKING EDITION / PENDING PRODUCTION VALIDATION,still-valid qualifier: the underlying validation is not performed (FA01 deferrals) [stale term: WORKING EDITION]
P-D,GEM_BRAND_AmenitiesPackagingConcept_PartD_v3.0_20261009.pptx,A STALE RELEASE-STATE LABEL - UPDATED,"slide10.xml,slide11.xml,slide12.xml,slide13.xml,slide14.xml,slide15.xml,slide16.xml,slide17.xml,slide18.xml,slide19.xml,",22,v1.0   WORKING EDITION,V3.0   CONCEPT PORTFOLIO,slide footer: v1.0 / working edition superseded; concept status preserved on the slide's own CONCEPT / NOT PRODUCTION ARTWORK line
P-D,GEM_BRAND_AmenitiesPackagingConcept_PartD_v3.0_20261009.pptx,A STALE RELEASE-STATE LABEL - UPDATED,"slide10.xml,slide11.xml,slide12.xml,slide13.xml,slide14.xml,slide15.xml,slide16.xml,slide17.xml,slide18.xml,slide19.xml,",22,v1.0   WORKING EDITION,V3.0   CONCEPT PORTFOLIO,shape name
P-D,GEM_BRAND_AmenitiesPackagingConcept_PartD_v3.0_20261009.pptx,A STALE RELEASE-STATE LABEL - UPDATED,slide1.xml,1,v1.0   /   06 OCTOBER 2026,V3.0   /   09 OCTOBER 2026,cover version and date
P-D,GEM_BRAND_AmenitiesPackagingConcept_PartD_v3.0_20261009.pptx,A STALE RELEASE-STATE LABEL - UPDATED,slide22.xml,1,AC20   /   OPEN,"AC20   /   AUTHORIZED, CONCEPT SCOPE ONLY",AC20 status superseded by FA01
P-D,GEM_BRAND_AmenitiesPackagingConcept_PartD_v3.0_20261009.pptx,A STALE RELEASE-STATE LABEL - UPDATED,slide22.xml,1,WORKING EDITION   /   PENDING PRODUCTION VALIDATION,V3.0 CONCEPT PORTFOLIO   /   PENDING PRODUCTION VALIDATION,edition tag; production qualifier preserved
P-D,GEM_BRAND_AmenitiesPackagingConcept_PartD_v3.0_20261009.pptx,A STALE RELEASE-STATE LABEL - UPDATED,slide23.xml,1,WORKING EDITION,V3.0 BASELINE,current-state cell for the source / change log
P-D,GEM_BRAND_AmenitiesPackagingConcept_PartD_v3.0_20261009.pptx,A STALE RELEASE-STATE LABEL - UPDATED,slide23.xml,1,REVIEW PACKAGE   /   OWNER APPROVAL AND PRODUCTION RELEASE REMAIN OPEN,V3.0 CONCEPT PORTFOLIO   /   PRODUCTION RELEASE REMAINS OPEN,package line: owner approval is now recorded; production release stays open
P-D,GEM_BRAND_AmenitiesPackagingConcept_PartD_v3.0_20261009.pptx,A STALE RELEASE-STATE LABEL - UPDATED,slide24.xml,1,Concept Product Portfolio v1.0,Concept Product Portfolio V3.0,version label
P-D,GEM_BRAND_AmenitiesPackagingConcept_PartD_v3.0_20261009.pptx,A STALE RELEASE-STATE LABEL - UPDATED,slide24.xml,1,WORKING EDITION   /   CONCEPT / NOT PRODUCTION ARTWORK,V3.0 CONCEPT PORTFOLIO   /   CONCEPT / NOT PRODUCTION ARTWORK,edition tag; concept status preserved
P-D,GEM_BRAND_AmenitiesPackagingConcept_PartD_v3.0_20261009.pptx,A STALE RELEASE-STATE LABEL - UPDATED,slide1.xml,1,v1.0   /   06 OCTOBER 2026,V3.0   /   09 OCTOBER 2026,shape name equals its text
P-D,GEM_BRAND_AmenitiesPackagingConcept_PartD_v3.0_20261009.pptx,A STALE RELEASE-STATE LABEL - UPDATED,slide24.xml,1,Concept Product Portfolio v1.0,Concept Product Portfolio V3.0,shape name equals its text
P-D,GEM_BRAND_AmenitiesPackagingConcept_PartD_v3.0_20261009.pptx,A STALE RELEASE-STATE LABEL - UPDATED,slide24.xml,1,WORKING EDITION   /   CONCEPT / NOT PRODUCTION ARTWORK,V3.0 CONCEPT PORTFOLIO   /   CONCEPT / NOT PRODUCTION ARTWORK,shape name equals its text
P-D,GEM_BRAND_AmenitiesPackagingConcept_PartD_v3.0_20261009.pptx,A STALE RELEASE-STATE LABEL - UPDATED,slide22.xml,1,AC20   /   OPEN,"AC20   /   AUTHORIZED, CONCEPT SCOPE ONLY",shape name equals its text
P-D,GEM_BRAND_AmenitiesPackagingConcept_PartD_v3.0_20261009.pptx,A STALE RELEASE-STATE LABEL - UPDATED,slide22.xml,1,WORKING EDITION   /   PENDING PRODUCTION VALIDATION,V3.0 CONCEPT PORTFOLIO   /   PENDING PRODUCTION VALIDATION,shape name equals its text
P-D,GEM_BRAND_AmenitiesPackagingConcept_PartD_v3.0_20261009.pptx,A STALE RELEASE-STATE LABEL - UPDATED,"notesSlide1.xml,notesSlide10.xml,notesSlide11.xml,notesSlide12.xml,notesSlide13.xml,notesSlide14.xml,notesSlide15.xml,no",24,"GEM Amenities and Packaging Concept Portfolio v1.0. Working edition, concept review only.","GEM Amenities and Packaging Concept Portfolio V3.0. Concept portfolio, concept review only.",speaker note prefix
P-D,GEM_BRAND_AmenitiesPackagingConcept_PartD_v3.0_20261009.pptx,A STALE RELEASE-STATE LABEL - UPDATED,"notesSlide1.xml,notesSlide10.xml,notesSlide11.xml,notesSlide12.xml,notesSlide13.xml,notesSlide14.xml,notesSlide15.xml,no",24,domain-owning RC2 Part A/B/C,domain-owning Part A/B/C,speaker note
P-D,GEM_BRAND_AmenitiesPackagingConcept_PartD_v3.0_20261009.pptx,C HISTORICAL / EXPLANATORY - PRESERVED,notesSlide22.xml,1,"GEM Amenities and Packaging Concept Portfolio V3.0. Concept portfolio, concept review only. Source: Part C pp.75–76; Register AC19, AC20, VAL-01–21. All six rel","GEM Amenities and Packaging Concept Portfolio V3.0. Concept portfolio, concept review only. Source: Part C pp.75–76; Register AC19, AC20, VAL-01–21. All six rel",gate / checkpoint identifier in explanatory or checklist text (not a pending status) [stale term: RC2]
P-D,GEM_BRAND_AmenitiesPackagingConcept_PartD_v3.0_20261009.pptx,C HISTORICAL / EXPLANATORY - PRESERVED,slide23.xml,1,RC2 rules and departures from chat,RC2 rules and departures from chat,named historical document or explanatory reference [stale term: RC2]
L-English_First_Page,GEM_BRAND_Letterhead_EnglishFirstPage_v3.0_20261009.docx,A STALE RELEASE-STATE LABEL - UPDATED,"footer1.xml,footer2.xml",2,WORKING APPLICATION / PENDING VALIDATION,,status marker in footer: working-application label superseded by the V3.0 baseline; page-number field untouched
L-English_First_Page,GEM_BRAND_Letterhead_EnglishFirstPage_v3.0_20261009.docx,A STALE RELEASE-STATE LABEL - UPDATED,core.xml,1,WORKING APPLICATION / PENDING VALIDATION; RC2 application; 2026-10-08,V3.0; 2026-10-09,document subject metadata
L-English_Continuation,GEM_BRAND_Letterhead_EnglishContinuation_v3.0_20261009.docx,A STALE RELEASE-STATE LABEL - UPDATED,footer1.xml,1,WORKING APPLICATION / PENDING VALIDATION,,status marker in footer: working-application label superseded by the V3.0 baseline; page-number field untouched
L-English_Continuation,GEM_BRAND_Letterhead_EnglishContinuation_v3.0_20261009.docx,A STALE RELEASE-STATE LABEL - UPDATED,core.xml,1,WORKING APPLICATION / PENDING VALIDATION; RC2 application; 2026-10-08,V3.0; 2026-10-09,document subject metadata
L-Executive,GEM_BRAND_Letterhead_Executive_v3.0_20261009.docx,A STALE RELEASE-STATE LABEL - UPDATED,"footer1.xml,footer2.xml",2,WORKING APPLICATION / PENDING VALIDATION,,status marker in footer: working-application label superseded by the V3.0 baseline; page-number field untouched
L-Executive,GEM_BRAND_Letterhead_Executive_v3.0_20261009.docx,A STALE RELEASE-STATE LABEL - UPDATED,core.xml,1,WORKING APPLICATION / PENDING VALIDATION; RC2 application; 2026-10-08,V3.0; 2026-10-09,document subject metadata
L-Minimal,GEM_BRAND_Letterhead_Minimal_v3.0_20261009.docx,A STALE RELEASE-STATE LABEL - UPDATED,"footer1.xml,footer2.xml",2,WORKING APPLICATION / PENDING VALIDATION,,status marker in footer: working-application label superseded by the V3.0 baseline; page-number field untouched
L-Minimal,GEM_BRAND_Letterhead_Minimal_v3.0_20261009.docx,A STALE RELEASE-STATE LABEL - UPDATED,core.xml,1,WORKING APPLICATION / PENDING VALIDATION; RC2 application; 2026-10-08,V3.0; 2026-10-09,document subject metadata
L-Arabic_First_Page,GEM_BRAND_Letterhead_ArabicFirstPageInternal_v3.0_20261009.docx,A STALE RELEASE-STATE LABEL - UPDATED,"footer1.xml,footer2.xml",2,"(<w:r><w:rPr>(?:(?!</w:rPr>).)*?</w:rPr><w:t xml:space=\""preserve\"">)(PENDING LOCALIZATION APPROVAL)(</w:t></w:r>)",\1\2\3<w:r><w:br/></w:r>\1CONTROLLED INTERNAL TEMPLATE · EXTERNAL ISSUE RESTRICTED PENDING D8 VALIDATION\3,added a third footer line stating the external-issue restriction; both D8 markings verbatim
L-Arabic_First_Page,GEM_BRAND_Letterhead_ArabicFirstPageInternal_v3.0_20261009.docx,A STALE RELEASE-STATE LABEL - UPDATED,core.xml,1,WORKING APPLICATION / PENDING VALIDATION; RC2 application; 2026-10-08,V3.0; CONTROLLED INTERNAL TEMPLATE; EXTERNAL ISSUE RESTRICTED PENDING D8 VALIDATION; 2026-10-09,document subject metadata
L-Arabic_First_Page,GEM_BRAND_Letterhead_ArabicFirstPageInternal_v3.0_20261009.docx,D RESTRICTED-ARTIFACT WARNING - PRESERVED,footer1.xml,1,WORKING APPLICATION / PENDING VALIDATIONPENDING LOCALIZATION APPROVALCONTROLLED INTERNAL TEMPLATE · EXTERNAL ISSUE RESTRICTED PENDING D8 VALIDATION,WORKING APPLICATION / PENDING VALIDATIONPENDING LOCALIZATION APPROVALCONTROLLED INTERNAL TEMPLATE · EXTERNAL ISSUE RESTRICTED PENDING D8 VALIDATION,D8 internal-use marking kept verbatim [stale term: WORKING APPLICATION]
L-Arabic_First_Page,GEM_BRAND_Letterhead_ArabicFirstPageInternal_v3.0_20261009.docx,D RESTRICTED-ARTIFACT WARNING - PRESERVED,footer2.xml,1,WORKING APPLICATION / PENDING VALIDATIONPENDING LOCALIZATION APPROVALCONTROLLED INTERNAL TEMPLATE · EXTERNAL ISSUE RESTRICTED PENDING D8 VALIDATION,WORKING APPLICATION / PENDING VALIDATIONPENDING LOCALIZATION APPROVALCONTROLLED INTERNAL TEMPLATE · EXTERNAL ISSUE RESTRICTED PENDING D8 VALIDATION,D8 internal-use marking kept verbatim [stale term: WORKING APPLICATION]
L-Arabic_Continuation,GEM_BRAND_Letterhead_ArabicContinuationInternal_v3.0_20261009.docx,A STALE RELEASE-STATE LABEL - UPDATED,footer1.xml,1,"(<w:r><w:rPr>(?:(?!</w:rPr>).)*?</w:rPr><w:t xml:space=\""preserve\"">)(PENDING LOCALIZATION APPROVAL)(</w:t></w:r>)",\1\2\3<w:r><w:br/></w:r>\1CONTROLLED INTERNAL TEMPLATE · EXTERNAL ISSUE RESTRICTED PENDING D8 VALIDATION\3,added a third footer line stating the external-issue restriction; both D8 markings verbatim
L-Arabic_Continuation,GEM_BRAND_Letterhead_ArabicContinuationInternal_v3.0_20261009.docx,A STALE RELEASE-STATE LABEL - UPDATED,core.xml,1,WORKING APPLICATION / PENDING VALIDATION; RC2 application; 2026-10-08,V3.0; CONTROLLED INTERNAL TEMPLATE; EXTERNAL ISSUE RESTRICTED PENDING D8 VALIDATION; 2026-10-09,document subject metadata
L-Arabic_Continuation,GEM_BRAND_Letterhead_ArabicContinuationInternal_v3.0_20261009.docx,D RESTRICTED-ARTIFACT WARNING - PRESERVED,footer1.xml,1,WORKING APPLICATION / PENDING VALIDATIONPENDING LOCALIZATION APPROVALCONTROLLED INTERNAL TEMPLATE · EXTERNAL ISSUE RESTRICTED PENDING D8 VALIDATION,WORKING APPLICATION / PENDING VALIDATIONPENDING LOCALIZATION APPROVALCONTROLLED INTERNAL TEMPLATE · EXTERNAL ISSUE RESTRICTED PENDING D8 VALIDATION,D8 internal-use marking kept verbatim [stale term: WORKING APPLICATION]
L-Bilingual_First_Page,GEM_BRAND_Letterhead_BilingualFirstPageInternal_v3.0_20261009.docx,A STALE RELEASE-STATE LABEL - UPDATED,"footer1.xml,footer2.xml",2,"(<w:r><w:rPr>(?:(?!</w:rPr>).)*?</w:rPr><w:t xml:space=\""preserve\"">)(PENDING LOCALIZATION APPROVAL)(</w:t></w:r>)",\1\2\3<w:r><w:br/></w:r>\1CONTROLLED INTERNAL TEMPLATE · EXTERNAL ISSUE RESTRICTED PENDING D8 VALIDATION\3,added a third footer line stating the external-issue restriction; both D8 markings verbatim
L-Bilingual_First_Page,GEM_BRAND_Letterhead_BilingualFirstPageInternal_v3.0_20261009.docx,A STALE RELEASE-STATE LABEL - UPDATED,core.xml,1,WORKING APPLICATION / PENDING VALIDATION; RC2 application; 2026-10-08,V3.0; CONTROLLED INTERNAL TEMPLATE; EXTERNAL ISSUE RESTRICTED PENDING D8 VALIDATION; 2026-10-09,document subject metadata
L-Bilingual_First_Page,GEM_BRAND_Letterhead_BilingualFirstPageInternal_v3.0_20261009.docx,D RESTRICTED-ARTIFACT WARNING - PRESERVED,footer1.xml,1,WORKING APPLICATION / PENDING VALIDATIONPENDING LOCALIZATION APPROVALCONTROLLED INTERNAL TEMPLATE · EXTERNAL ISSUE RESTRICTED PENDING D8 VALIDATION,WORKING APPLICATION / PENDING VALIDATIONPENDING LOCALIZATION APPROVALCONTROLLED INTERNAL TEMPLATE · EXTERNAL ISSUE RESTRICTED PENDING D8 VALIDATION,D8 internal-use marking kept verbatim [stale term: WORKING APPLICATION]
L-Bilingual_First_Page,GEM_BRAND_Letterhead_BilingualFirstPageInternal_v3.0_20261009.docx,D RESTRICTED-ARTIFACT WARNING - PRESERVED,footer2.xml,1,WORKING APPLICATION / PENDING VALIDATIONPENDING LOCALIZATION APPROVALCONTROLLED INTERNAL TEMPLATE · EXTERNAL ISSUE RESTRICTED PENDING D8 VALIDATION,WORKING APPLICATION / PENDING VALIDATIONPENDING LOCALIZATION APPROVALCONTROLLED INTERNAL TEMPLATE · EXTERNAL ISSUE RESTRICTED PENDING D8 VALIDATION,D8 internal-use marking kept verbatim [stale term: WORKING APPLICATION]
L-Bilingual_Continuation,GEM_BRAND_Letterhead_BilingualContinuationInternal_v3.0_20261009.docx,A STALE RELEASE-STATE LABEL - UPDATED,footer1.xml,1,"(<w:r><w:rPr>(?:(?!</w:rPr>).)*?</w:rPr><w:t xml:space=\""preserve\"">)(PENDING LOCALIZATION APPROVAL)(</w:t></w:r>)",\1\2\3<w:r><w:br/></w:r>\1CONTROLLED INTERNAL TEMPLATE · EXTERNAL ISSUE RESTRICTED PENDING D8 VALIDATION\3,added a third footer line stating the external-issue restriction; both D8 markings verbatim
L-Bilingual_Continuation,GEM_BRAND_Letterhead_BilingualContinuationInternal_v3.0_20261009.docx,A STALE RELEASE-STATE LABEL - UPDATED,core.xml,1,WORKING APPLICATION / PENDING VALIDATION; RC2 application; 2026-10-08,V3.0; CONTROLLED INTERNAL TEMPLATE; EXTERNAL ISSUE RESTRICTED PENDING D8 VALIDATION; 2026-10-09,document subject metadata
L-Bilingual_Continuation,GEM_BRAND_Letterhead_BilingualContinuationInternal_v3.0_20261009.docx,D RESTRICTED-ARTIFACT WARNING - PRESERVED,footer1.xml,1,WORKING APPLICATION / PENDING VALIDATIONPENDING LOCALIZATION APPROVALCONTROLLED INTERNAL TEMPLATE · EXTERNAL ISSUE RESTRICTED PENDING D8 VALIDATION,WORKING APPLICATION / PENDING VALIDATIONPENDING LOCALIZATION APPROVALCONTROLLED INTERNAL TEMPLATE · EXTERNAL ISSUE RESTRICTED PENDING D8 VALIDATION,D8 internal-use marking kept verbatim [stale term: WORKING APPLICATION]
T-JSON,gem-tokens.v3.0.json,A STALE RELEASE-STATE LABEL - UPDATED,gem-tokens.v3.0.json,1,version/edition/documentId/status RC2 labels,V3.0 labels,token meta/header; values unchanged (deep-diff proof: documentId; edition; issued; status; version)
T-CSS,gem-tokens.v3.0.css,A STALE RELEASE-STATE LABEL - UPDATED,gem-tokens.v3.0.css,1,version/edition/documentId/status RC2 labels,V3.0 labels,token meta/header; values unchanged (deep-diff proof: documentId; edition; issued; status; version)
T-JSON,gem-tokens.v3.0.json,C HISTORICAL / EXPLANATORY - PRESERVED,meta.derivedFrom / meta.note,1,Part B — RC2 (deck),unchanged,provenance text naming the source edition
