Artifact,Category,Promoted path,SHA256,Internal use,External issue eligibility (artifact level),Restriction,FA01 basis
Part A Brand Guidelines,A AUTHORIZED RELEASE ARTIFACT,17_release_artifacts/01_brand_guidelines/GEM_BRAND_BrandGuidelines_PartA_v3.0_20261009.pptx,ec7152f6e9075091114b97ea6c23edb4b00c0fa3f948b9e80d909fb63b1b0fb3,YES,ELIGIBLE (artifact level) after this promotion; no external issue has occurred or is authorized by RP01 itself (full PPTX only),"External issue as the full PPTX allowed after this promotion; no PDF or DOCX extract of slides 37, 38, 39, 65, 66, 68 (Arabic, D8)",FA01 10: baseline member; external NOT YET pending relabel pass (done here)
Part B Digital Design System,A AUTHORIZED RELEASE ARTIFACT,17_release_artifacts/02_digital_design_system/GEM_BRAND_DigitalDesignSystem_PartB_v3.0_20261009.pptx,b537ead6a9831d2bc9ab10f0a15499e7727b852f37275795923c61f27660c4e4,YES,ELIGIBLE (artifact level) after this promotion; no external issue has occurred or is authorized by RP01 itself (full PPTX only),"External issue as the full PPTX allowed; no PDF or DOCX extract of slide 9 (Arabic, D8); specification only, no component implementation",FA01 10: baseline member; external NOT YET pending relabel pass (done here)
Part C Production Standards,A AUTHORIZED RELEASE ARTIFACT,17_release_artifacts/03_production_standards/GEM_BRAND_ProductionStandards_PartC_v3.0_20261009.pptx,ca0afb799381d43ad7dced73e97bac2121e1f84e6a430aac216e87a232297d5e,YES,ELIGIBLE (artifact level) after this promotion; no external issue has occurred or is authorized by RP01 itself (full PPTX only),External issue as the full PPTX allowed; production-standard edition state stays WORKING EDITION / PENDING PRODUCTION VALIDATION; no supplier acceptance,FA01 10: baseline member; external NOT YET pending relabel pass (done here)
Part D Amenities & Packaging Concept Portfolio,C CONCEPT / NOT PRODUCTION ARTWORK,17_release_artifacts/04_amenities_concept/GEM_BRAND_AmenitiesPackagingConcept_PartD_v3.0_20261009.pptx,15f6685e3339330ff65e4b97d413fbef93353a387bfcdd1ad3d359d889f12d9b,YES,ELIGIBLE as a CONCEPT portfolio only (full PPTX); never as production artwork,"CONCEPT / NOT PRODUCTION ARTWORK; images with baked-in Arabic are not for external DOCX/PDF extract (D8); not supplier-ready, no dieline, no regulatory approval",FA01 10: concept portfolio only
Letterhead English First Page,A AUTHORIZED RELEASE ARTIFACT,17_release_artifacts/05_letterheads/GEM_BRAND_Letterhead_EnglishFirstPage_v3.0_20261009.docx,01be19dafc0ee3c11403ae3113bdeb2b6e6ea348d23fd5f44398dfbac79d16fd,YES,ELIGIBLE (artifact level) after this promotion; no external issue has occurred or is authorized by RP01 itself (DOCX template),"Not affected by D8; second-signatory, fields, logo and layout unchanged",FA01 10: not affected by D8
Letterhead English Continuation,A AUTHORIZED RELEASE ARTIFACT,17_release_artifacts/05_letterheads/GEM_BRAND_Letterhead_EnglishContinuation_v3.0_20261009.docx,b623acfc498236140ee036dadfe7e27ceb4e407d755ec56fffdb3febbfc7b70c,YES,ELIGIBLE (artifact level) after this promotion; no external issue has occurred or is authorized by RP01 itself (DOCX template),"Not affected by D8; second-signatory, fields, logo and layout unchanged",FA01 10: not affected by D8
Letterhead Executive,A AUTHORIZED RELEASE ARTIFACT,17_release_artifacts/05_letterheads/GEM_BRAND_Letterhead_Executive_v3.0_20261009.docx,5338df2fe8c2d81ae4de823eb7607085f9cd0fb60064cc21f8965d19d2f2519a,YES,ELIGIBLE (artifact level) after this promotion; no external issue has occurred or is authorized by RP01 itself (DOCX template),"Not affected by D8; second-signatory, fields, logo and layout unchanged",FA01 10: not affected by D8
Letterhead Minimal,A AUTHORIZED RELEASE ARTIFACT,17_release_artifacts/05_letterheads/GEM_BRAND_Letterhead_Minimal_v3.0_20261009.docx,a99ea2fca2563332cefbf7356414f9be233d8defa09b9cb27aa6c15ba6f1f7ee,YES,ELIGIBLE (artifact level) after this promotion; no external issue has occurred or is authorized by RP01 itself (DOCX template),"Not affected by D8; second-signatory, fields, logo and layout unchanged",FA01 10: not affected by D8
Letterhead Arabic First Page,B AUTHORIZED INTERNAL / RESTRICTED ARTIFACT,17_release_artifacts/05_letterheads/restricted_internal_only/GEM_BRAND_Letterhead_ArabicFirstPageInternal_v3.0_20261009.docx,17b82dd13f2e0c6c18f3be7859ab7636e33f9a3095a28065d4290c3a398ed2b5,"YES, controlled internal use only, D8 markings on every page",NO,CONTROLLED INTERNAL USE ONLY; external issue as DOCX or PDF restricted pending D8 validation; D8 markings kept on every page,FA01 10 and 07: AFFECTED BY D8
Letterhead Arabic Continuation,B AUTHORIZED INTERNAL / RESTRICTED ARTIFACT,17_release_artifacts/05_letterheads/restricted_internal_only/GEM_BRAND_Letterhead_ArabicContinuationInternal_v3.0_20261009.docx,b5584f62219eaa5d5a16c317341fb10fd7a70792088a7ae56dad21e040eea2df,"YES, controlled internal use only, D8 markings on every page",NO,CONTROLLED INTERNAL USE ONLY; external issue as DOCX or PDF restricted pending D8 validation; D8 markings kept on every page,FA01 10 and 07: AFFECTED BY D8
Letterhead Bilingual First Page,B AUTHORIZED INTERNAL / RESTRICTED ARTIFACT,17_release_artifacts/05_letterheads/restricted_internal_only/GEM_BRAND_Letterhead_BilingualFirstPageInternal_v3.0_20261009.docx,1f807acc999a4358fb3ec0380178c279fc2d3b9c2b25fac1eb50dba1ee22e59a,"YES, controlled internal use only, D8 markings on every page",NO,CONTROLLED INTERNAL USE ONLY; external issue as DOCX or PDF restricted pending D8 validation; D8 markings kept on every page,FA01 10 and 07: AFFECTED BY D8
Letterhead Bilingual Continuation,B AUTHORIZED INTERNAL / RESTRICTED ARTIFACT,17_release_artifacts/05_letterheads/restricted_internal_only/GEM_BRAND_Letterhead_BilingualContinuationInternal_v3.0_20261009.docx,8844eab0348ff7aa646f187ed393bb155f24e4cfeb2cb8ec93c5eb96528c3a2a,"YES, controlled internal use only, D8 markings on every page",NO,CONTROLLED INTERNAL USE ONLY; external issue as DOCX or PDF restricted pending D8 validation; D8 markings kept on every page,FA01 10 and 07: AFFECTED BY D8
Token package gem-tokens.v3.0.json,A AUTHORIZED RELEASE ARTIFACT,17_release_artifacts/07_tokens/gem-tokens.v3.0.json,c629ac4508e426f7dcc1140743333d217c721a2dfcc1549b0c215b0a31dfe8c0,YES,ELIGIBLE as documentation of the token values; no component implementation authorized,Token values unchanged; no component implementation authorized,FA01 10: digital components
Token package gem-tokens.v3.0.css,A AUTHORIZED RELEASE ARTIFACT,17_release_artifacts/07_tokens/gem-tokens.v3.0.css,0c9dfce3597b42e4579a73737135f80a0fe8ad47d5f2902cb83f78e9b7e95851,YES,ELIGIBLE as documentation of the token values; no component implementation authorized,Token values unchanged; no component implementation authorized,FA01 10: digital components
Official Logo Kit (GEM_Brand_Assets_v1.0),D WORKING ASSET / PRODUCTION-MASTER ACCEPTANCE PENDING,"GEM_Brand_Assets_v1.0/ (referenced in place, not copied)",04_official_kit/SHA256SUMS.txt 16a74da8930ec28f46bf17b352db12d47a84da42557ad494b220bb2aeb1a9d05,YES (working use),RESTRICTED: not released or labelled as a production master,WORKING ASSETS; acceptance as production master PENDING (VAL-02 deferred),FA01 10: logo kit RESTRICTED
Production vectors (kit SVG/EPS/PDF masters),D WORKING ASSET,GEM_Brand_Assets_v1.0/ (in place),see kit checksum list,YES (working use),NO as production masters,"Not accepted production masters (VAL-02, AC07 deferred)",FA01 10
PDF release artifacts,NONE GENERATED,n/a,n/a,n/a,NO,FA01 authorizes no PDF for external issue; none was generated; the PPTX and DOCX files are authoritative,FA01 10: PDF release artifacts
"Part A slides 37, 38, 39, 65, 66, 68; Part B slide 9 (Arabic)",B RESTRICTED EXTRACT,inside the Part A and Part B PPTX,n/a,YES,Full PPTX only; NO PDF or DOCX extract,AFFECTED BY D8: an extract is not issued externally until the D8 tests pass,FA01 07
Part D images with Arabic inside the picture,B RESTRICTED EXTRACT,inside the Part D PPTX,n/a,YES,Full concept PPTX only; NO PDF or DOCX extract,No text layer; Arabic not approved; D8,FA01 07
