Path (under 17_release_artifacts),Artifact,Category,SHA256,Bytes
01_brand_guidelines/GEM_BRAND_BrandGuidelines_PartA_v3.0_20261009.pptx,Part A Brand Guidelines,A AUTHORIZED RELEASE ARTIFACT,ec7152f6e9075091114b97ea6c23edb4b00c0fa3f948b9e80d909fb63b1b0fb3,8411328
02_digital_design_system/GEM_BRAND_DigitalDesignSystem_PartB_v3.0_20261009.pptx,Part B Digital Design System,A AUTHORIZED RELEASE ARTIFACT,b537ead6a9831d2bc9ab10f0a15499e7727b852f37275795923c61f27660c4e4,161424
03_production_standards/GEM_BRAND_ProductionStandards_PartC_v3.0_20261009.pptx,Part C Production Standards,A AUTHORIZED RELEASE ARTIFACT,ca0afb799381d43ad7dced73e97bac2121e1f84e6a430aac216e87a232297d5e,950957
04_amenities_concept/GEM_BRAND_AmenitiesPackagingConcept_PartD_v3.0_20261009.pptx,Part D Amenities & Packaging Concept Portfolio,C CONCEPT / NOT PRODUCTION ARTWORK,15f6685e3339330ff65e4b97d413fbef93353a387bfcdd1ad3d359d889f12d9b,29078473
05_letterheads/GEM_BRAND_Letterhead_EnglishFirstPage_v3.0_20261009.docx,Letterhead English First Page,A AUTHORIZED RELEASE ARTIFACT,01be19dafc0ee3c11403ae3113bdeb2b6e6ea348d23fd5f44398dfbac79d16fd,380388
05_letterheads/GEM_BRAND_Letterhead_EnglishContinuation_v3.0_20261009.docx,Letterhead English Continuation,A AUTHORIZED RELEASE ARTIFACT,b623acfc498236140ee036dadfe7e27ceb4e407d755ec56fffdb3febbfc7b70c,316408
05_letterheads/GEM_BRAND_Letterhead_Executive_v3.0_20261009.docx,Letterhead Executive,A AUTHORIZED RELEASE ARTIFACT,5338df2fe8c2d81ae4de823eb7607085f9cd0fb60064cc21f8965d19d2f2519a,380407
05_letterheads/GEM_BRAND_Letterhead_Minimal_v3.0_20261009.docx,Letterhead Minimal,A AUTHORIZED RELEASE ARTIFACT,a99ea2fca2563332cefbf7356414f9be233d8defa09b9cb27aa6c15ba6f1f7ee,372535
05_letterheads/restricted_internal_only/GEM_BRAND_Letterhead_ArabicFirstPageInternal_v3.0_20261009.docx,Letterhead Arabic First Page,B AUTHORIZED INTERNAL / RESTRICTED ARTIFACT,17b82dd13f2e0c6c18f3be7859ab7636e33f9a3095a28065d4290c3a398ed2b5,381003
05_letterheads/restricted_internal_only/GEM_BRAND_Letterhead_ArabicContinuationInternal_v3.0_20261009.docx,Letterhead Arabic Continuation,B AUTHORIZED INTERNAL / RESTRICTED ARTIFACT,b5584f62219eaa5d5a16c317341fb10fd7a70792088a7ae56dad21e040eea2df,316815
05_letterheads/restricted_internal_only/GEM_BRAND_Letterhead_BilingualFirstPageInternal_v3.0_20261009.docx,Letterhead Bilingual First Page,B AUTHORIZED INTERNAL / RESTRICTED ARTIFACT,1f807acc999a4358fb3ec0380178c279fc2d3b9c2b25fac1eb50dba1ee22e59a,381312
05_letterheads/restricted_internal_only/GEM_BRAND_Letterhead_BilingualContinuationInternal_v3.0_20261009.docx,Letterhead Bilingual Continuation,B AUTHORIZED INTERNAL / RESTRICTED ARTIFACT,8844eab0348ff7aa646f187ed393bb155f24e4cfeb2cb8ec93c5eb96528c3a2a,316944
07_tokens/gem-tokens.v3.0.json,Token package gem-tokens.v3.0.json,A AUTHORIZED RELEASE ARTIFACT,c629ac4508e426f7dcc1140743333d217c721a2dfcc1549b0c215b0a31dfe8c0,25068
07_tokens/gem-tokens.v3.0.css,Token package gem-tokens.v3.0.css,A AUTHORIZED RELEASE ARTIFACT,0c9dfce3597b42e4579a73737135f80a0fe8ad47d5f2902cb83f78e9b7e95851,10346
07_tokens/README.md,Token package README,A (documentation),3e8a7884541f6f90a9b03e778d136402598a93a5e8baa9602799b49d869577f8,1459
06_brand_assets/README.md,Logo kit pointer and checksum verification,D (pointer),d49d0e4991d5f9f3d2da76a935f5178b1cdac4fa6a4babafbf4a2c776bc6eef7,883
08_release_index/RELEASE_INDEX.md,Release index,index,e970de6de5c2506bc0c0ef798344ac8a7fb4631aedd1e8c0e4b007cf0e95f573,1877
