Artifact,Page/slide,Final class,Automatic class,Differing pixels,Diff bbox (px @72dpi),Human review note
L-Arabic_Continuation,1,EXPECTED RELEASE-LABEL CHANGE ONLY,EXPECTED RELEASE-LABEL CHANGE ONLY,5425 px (1.081%),"bbox (71, 734, 523, 802)",
L-Arabic_First_Page,1,EXPECTED RELEASE-LABEL CHANGE ONLY,EXPECTED RELEASE-LABEL CHANGE ONLY,5425 px (1.081%),"bbox (71, 734, 523, 802)",
L-Bilingual_Continuation,1,EXPECTED RELEASE-LABEL CHANGE ONLY,EXPECTED RELEASE-LABEL CHANGE ONLY,5425 px (1.081%),"bbox (71, 734, 523, 802)",
L-Bilingual_First_Page,1,EXPECTED RELEASE-LABEL CHANGE ONLY,EXPECTED RELEASE-LABEL CHANGE ONLY,5425 px (1.081%),"bbox (71, 734, 523, 802)",
L-English_Continuation,1,EXPECTED RELEASE-LABEL CHANGE ONLY,EXPECTED RELEASE-LABEL CHANGE ONLY,680 px (0.136%),"bbox (71, 797, 269, 803)",
L-English_First_Page,1,EXPECTED RELEASE-LABEL CHANGE ONLY,EXPECTED RELEASE-LABEL CHANGE ONLY,680 px (0.136%),"bbox (71, 797, 269, 803)",
L-Executive,1,EXPECTED RELEASE-LABEL CHANGE ONLY,EXPECTED RELEASE-LABEL CHANGE ONLY,680 px (0.136%),"bbox (71, 797, 269, 803)",
L-Minimal,1,EXPECTED RELEASE-LABEL CHANGE ONLY,EXPECTED RELEASE-LABEL CHANGE ONLY,680 px (0.136%),"bbox (71, 797, 269, 803)",
P-A,1,EXPECTED RELEASE-LABEL CHANGE ONLY,EXPECTED RELEASE-LABEL CHANGE ONLY,4577 px (0.882%),"bbox (64, 479, 727, 507)",
P-A,2,EXPECTED RELEASE-LABEL CHANGE ONLY,EXPECTED RELEASE-LABEL CHANGE ONLY,858 px (0.165%),"bbox (264, 497, 453, 504)",
P-A,3,EXPECTED RELEASE-LABEL CHANGE ONLY,EXPECTED RELEASE-LABEL CHANGE ONLY,1794 px (0.346%),"bbox (264, 406, 800, 504)",
P-A,4,EXPECTED RELEASE-LABEL CHANGE ONLY,EXPECTED RELEASE-LABEL CHANGE ONLY,858 px (0.165%),"bbox (264, 497, 453, 504)",
P-A,5,PIXEL IDENTICAL,PIXEL IDENTICAL,0 px,,
P-A,6,EXPECTED RELEASE-LABEL CHANGE ONLY,EXPECTED RELEASE-LABEL CHANGE ONLY,539 px (0.104%),"bbox (264, 497, 398, 504)",
P-A,7,EXPECTED RELEASE-LABEL CHANGE ONLY,EXPECTED RELEASE-LABEL CHANGE ONLY,571 px (0.110%),"bbox (264, 497, 398, 504)",
P-A,8,PIXEL IDENTICAL,PIXEL IDENTICAL,0 px,,
P-A,9,PIXEL IDENTICAL,PIXEL IDENTICAL,0 px,,
P-A,10,EXPECTED RELEASE-LABEL CHANGE ONLY,EXPECTED RELEASE-LABEL CHANGE ONLY,571 px (0.110%),"bbox (264, 497, 398, 504)",
P-A,11,PIXEL IDENTICAL,PIXEL IDENTICAL,0 px,,
P-A,12,EXPECTED RELEASE-LABEL CHANGE ONLY,EXPECTED RELEASE-LABEL CHANGE ONLY,571 px (0.110%),"bbox (264, 497, 398, 504)",
P-A,13,EXPECTED RELEASE-LABEL CHANGE ONLY,EXPECTED RELEASE-LABEL CHANGE ONLY,571 px (0.110%),"bbox (264, 497, 398, 504)",
P-A,14,EXPECTED RELEASE-LABEL CHANGE ONLY,EXPECTED RELEASE-LABEL CHANGE ONLY,539 px (0.104%),"bbox (264, 497, 398, 504)",
P-A,15,EXPECTED RELEASE-LABEL CHANGE ONLY,EXPECTED RELEASE-LABEL CHANGE ONLY,571 px (0.110%),"bbox (264, 497, 398, 504)",
P-A,16,EXPECTED RELEASE-LABEL CHANGE ONLY,EXPECTED RELEASE-LABEL CHANGE ONLY,571 px (0.110%),"bbox (264, 497, 398, 504)",
P-A,17,EXPECTED RELEASE-LABEL CHANGE ONLY,EXPECTED RELEASE-LABEL CHANGE ONLY,539 px (0.104%),"bbox (264, 497, 398, 504)",
P-A,18,PIXEL IDENTICAL,PIXEL IDENTICAL,0 px,,
P-A,19,EXPECTED RELEASE-LABEL CHANGE ONLY,EXPECTED RELEASE-LABEL CHANGE ONLY,542 px (0.104%),"bbox (264, 497, 392, 504)",
P-A,20,EXPECTED RELEASE-LABEL CHANGE ONLY,EXPECTED RELEASE-LABEL CHANGE ONLY,542 px (0.104%),"bbox (264, 497, 392, 504)",
P-A,21,EXPECTED RELEASE-LABEL CHANGE ONLY,EXPECTED RELEASE-LABEL CHANGE ONLY,509 px (0.098%),"bbox (264, 497, 392, 504)",
P-A,22,EXPECTED RELEASE-LABEL CHANGE ONLY,EXPECTED RELEASE-LABEL CHANGE ONLY,542 px (0.104%),"bbox (264, 497, 392, 504)",
P-A,23,EXPECTED RELEASE-LABEL CHANGE ONLY,EXPECTED RELEASE-LABEL CHANGE ONLY,509 px (0.098%),"bbox (264, 497, 392, 504)",
P-A,24,EXPECTED RELEASE-LABEL CHANGE ONLY,EXPECTED RELEASE-LABEL CHANGE ONLY,542 px (0.104%),"bbox (264, 497, 392, 504)",
P-A,25,PIXEL IDENTICAL,PIXEL IDENTICAL,0 px,,
P-A,26,EXPECTED RELEASE-LABEL CHANGE ONLY,EXPECTED RELEASE-LABEL CHANGE ONLY,873 px (0.168%),"bbox (264, 497, 462, 504)",
P-A,27,EXPECTED RELEASE-LABEL CHANGE ONLY,EXPECTED RELEASE-LABEL CHANGE ONLY,873 px (0.168%),"bbox (264, 497, 462, 504)",
P-A,28,PIXEL IDENTICAL,PIXEL IDENTICAL,0 px,,
P-A,29,EXPECTED RELEASE-LABEL CHANGE ONLY,EXPECTED RELEASE-LABEL CHANGE ONLY,873 px (0.168%),"bbox (264, 497, 462, 504)",
P-A,30,EXPECTED RELEASE-LABEL CHANGE ONLY,EXPECTED RELEASE-LABEL CHANGE ONLY,873 px (0.168%),"bbox (264, 497, 462, 504)",
P-A,31,EXPECTED RELEASE-LABEL CHANGE ONLY,EXPECTED RELEASE-LABEL CHANGE ONLY,873 px (0.168%),"bbox (264, 497, 462, 504)",
P-A,32,EXPECTED RELEASE-LABEL CHANGE ONLY,EXPECTED RELEASE-LABEL CHANGE ONLY,898 px (0.173%),"bbox (264, 497, 479, 504)",
P-A,33,EXPECTED RELEASE-LABEL CHANGE ONLY,EXPECTED RELEASE-LABEL CHANGE ONLY,954 px (0.184%),"bbox (264, 497, 479, 504)",
P-A,34,EXPECTED RELEASE-LABEL CHANGE ONLY,EXPECTED RELEASE-LABEL CHANGE ONLY,1055 px (0.203%),"bbox (264, 497, 512, 504)",
P-A,35,EXPECTED RELEASE-LABEL CHANGE ONLY,EXPECTED RELEASE-LABEL CHANGE ONLY,1123 px (0.216%),"bbox (264, 497, 512, 505)",
P-A,36,EXPECTED RELEASE-LABEL CHANGE ONLY,EXPECTED RELEASE-LABEL CHANGE ONLY,1123 px (0.216%),"bbox (264, 497, 512, 505)",
P-A,37,EXPECTED RELEASE-LABEL CHANGE ONLY,EXPECTED RELEASE-LABEL CHANGE ONLY,878 px (0.169%),"bbox (264, 497, 474, 504)",
P-A,38,EXPECTED RELEASE-LABEL CHANGE ONLY,EXPECTED RELEASE-LABEL CHANGE ONLY,940 px (0.181%),"bbox (264, 497, 474, 504)",
P-A,39,EXPECTED RELEASE-LABEL CHANGE ONLY,EXPECTED RELEASE-LABEL CHANGE ONLY,940 px (0.181%),"bbox (264, 497, 474, 504)",
P-A,40,EXPECTED RELEASE-LABEL CHANGE ONLY,EXPECTED RELEASE-LABEL CHANGE ONLY,1272 px (0.245%),"bbox (264, 497, 532, 504)",
P-A,41,EXPECTED RELEASE-LABEL CHANGE ONLY,EXPECTED RELEASE-LABEL CHANGE ONLY,1154 px (0.222%),"bbox (264, 497, 532, 504)",
P-A,42,EXPECTED RELEASE-LABEL CHANGE ONLY,EXPECTED RELEASE-LABEL CHANGE ONLY,1337 px (0.258%),"bbox (264, 480, 573, 487)",
P-A,43,EXPECTED RELEASE-LABEL CHANGE ONLY,EXPECTED RELEASE-LABEL CHANGE ONLY,1441 px (0.278%),"bbox (264, 480, 573, 488)",
P-A,44,EXPECTED RELEASE-LABEL CHANGE ONLY,EXPECTED RELEASE-LABEL CHANGE ONLY,1091 px (0.210%),"bbox (264, 497, 512, 504)",
P-A,45,EXPECTED RELEASE-LABEL CHANGE ONLY,EXPECTED RELEASE-LABEL CHANGE ONLY,1448 px (0.279%),"bbox (264, 497, 574, 504)",
P-A,46,PIXEL IDENTICAL,PIXEL IDENTICAL,0 px,,
P-A,47,PIXEL IDENTICAL,PIXEL IDENTICAL,0 px,,
P-A,48,PIXEL IDENTICAL,PIXEL IDENTICAL,0 px,,
P-A,49,PIXEL IDENTICAL,PIXEL IDENTICAL,0 px,,
P-A,50,PIXEL IDENTICAL,PIXEL IDENTICAL,0 px,,
P-A,51,EXPECTED RELEASE-LABEL CHANGE ONLY,EXPECTED RELEASE-LABEL CHANGE ONLY,1101 px (0.212%),"bbox (264, 497, 528, 504)",
P-A,52,PIXEL IDENTICAL,PIXEL IDENTICAL,0 px,,
P-A,53,EXPECTED RELEASE-LABEL CHANGE ONLY,EXPECTED RELEASE-LABEL CHANGE ONLY,1033 px (0.199%),"bbox (264, 497, 496, 504)",
P-A,54,EXPECTED RELEASE-LABEL CHANGE ONLY,EXPECTED RELEASE-LABEL CHANGE ONLY,961 px (0.185%),"bbox (264, 497, 496, 504)",
P-A,55,EXPECTED RELEASE-LABEL CHANGE ONLY,EXPECTED RELEASE-LABEL CHANGE ONLY,1015 px (0.196%),"bbox (264, 497, 500, 506)",
P-A,56,EXPECTED RELEASE-LABEL CHANGE ONLY,EXPECTED RELEASE-LABEL CHANGE ONLY,1047 px (0.202%),"bbox (264, 497, 498, 504)",
P-A,57,PIXEL IDENTICAL,PIXEL IDENTICAL,0 px,,
P-A,58,PIXEL IDENTICAL,PIXEL IDENTICAL,0 px,,
P-A,59,PIXEL IDENTICAL,PIXEL IDENTICAL,0 px,,
P-A,60,EXPECTED RELEASE-LABEL CHANGE ONLY,EXPECTED RELEASE-LABEL CHANGE ONLY,1161 px (0.224%),"bbox (264, 497, 516, 505)",
P-A,61,EXPECTED RELEASE-LABEL CHANGE ONLY,EXPECTED RELEASE-LABEL CHANGE ONLY,1097 px (0.211%),"bbox (264, 497, 516, 504)",
P-A,62,EXPECTED RELEASE-LABEL CHANGE ONLY,EXPECTED RELEASE-LABEL CHANGE ONLY,1161 px (0.224%),"bbox (264, 497, 516, 505)",
P-A,63,EXPECTED RELEASE-LABEL CHANGE ONLY,EXPECTED RELEASE-LABEL CHANGE ONLY,1097 px (0.211%),"bbox (264, 497, 516, 504)",
P-A,64,PIXEL IDENTICAL,PIXEL IDENTICAL,0 px,,
P-A,65,EXPECTED RELEASE-LABEL CHANGE ONLY,EXPECTED RELEASE-LABEL CHANGE ONLY,1277 px (0.246%),"bbox (264, 497, 542, 504)",
P-A,66,EXPECTED RELEASE-LABEL CHANGE ONLY,EXPECTED RELEASE-LABEL CHANGE ONLY,1037 px (0.200%),"bbox (264, 497, 515, 504)",
P-A,67,EXPECTED RELEASE-LABEL CHANGE ONLY,EXPECTED RELEASE-LABEL CHANGE ONLY,1259 px (0.243%),"bbox (264, 497, 535, 504)",
P-A,68,PIXEL IDENTICAL,PIXEL IDENTICAL,0 px,,
P-A,69,EXPECTED RELEASE-LABEL CHANGE ONLY,EXPECTED RELEASE-LABEL CHANGE ONLY,1061 px (0.204%),"bbox (264, 497, 506, 504)",
P-A,70,PIXEL IDENTICAL,PIXEL IDENTICAL,0 px,,
P-A,71,EXPECTED RELEASE-LABEL CHANGE ONLY,EXPECTED RELEASE-LABEL CHANGE ONLY,1317 px (0.254%),"bbox (264, 497, 549, 504)",
P-A,72,EXPECTED RELEASE-LABEL CHANGE ONLY,EXPECTED RELEASE-LABEL CHANGE ONLY,4538 px (0.874%),"bbox (64, 441, 902, 504)",
P-A,73,EXPECTED RELEASE-LABEL CHANGE ONLY,EXPECTED RELEASE-LABEL CHANGE ONLY,1089 px (0.210%),"bbox (264, 497, 502, 504)",
P-A,74,EXPECTED RELEASE-LABEL CHANGE ONLY,EXPECTED RELEASE-LABEL CHANGE ONLY,1028 px (0.198%),"bbox (264, 497, 500, 504)",
P-A,75,EXPECTED RELEASE-LABEL CHANGE ONLY,EXPECTED RELEASE-LABEL CHANGE ONLY,1175 px (0.226%),"bbox (264, 497, 508, 504)",
P-A,76,EXPECTED RELEASE-LABEL CHANGE ONLY,EXPECTED RELEASE-LABEL CHANGE ONLY,680 px (0.131%),"bbox (264, 497, 417, 504)",
P-A,77,EXPECTED RELEASE-LABEL CHANGE ONLY,EXPECTED RELEASE-LABEL CHANGE ONLY,1311 px (0.253%),"bbox (264, 497, 544, 507)",
P-A,78,EXPECTED RELEASE-LABEL CHANGE ONLY,VISIBLE REGRESSION,3563 px (0.687%),"bbox (264, 216, 905, 504)","automatic flag (large diff box); human side-by-side review: only the intended status wording changed and re-flowed inside its own text box; no overflow, clipping or unrelated change"
P-A,79,EXPECTED RELEASE-LABEL CHANGE ONLY,VISIBLE REGRESSION,15332 px (2.954%),"bbox (64, 152, 916, 504)","automatic flag (large diff box); human side-by-side review: only the intended status wording changed and re-flowed inside its own text box; no overflow, clipping or unrelated change"
P-A,80,EXPECTED RELEASE-LABEL CHANGE ONLY,EXPECTED RELEASE-LABEL CHANGE ONLY,1159 px (0.223%),"bbox (187, 496, 487, 507)",
P-B,1,EXPECTED RELEASE-LABEL CHANGE ONLY,EXPECTED RELEASE-LABEL CHANGE ONLY,3014 px (0.581%),"bbox (99, 69, 853, 80)",
P-B,2,EXPECTED RELEASE-LABEL CHANGE ONLY,EXPECTED RELEASE-LABEL CHANGE ONLY,580 px (0.112%),"bbox (238, 497, 386, 507)",
P-B,3,EXPECTED RELEASE-LABEL CHANGE ONLY,EXPECTED RELEASE-LABEL CHANGE ONLY,583 px (0.112%),"bbox (238, 497, 387, 507)",
P-B,4,EXPECTED RELEASE-LABEL CHANGE ONLY,VISIBLE REGRESSION,1604 px (0.309%),"bbox (195, 181, 839, 507)","automatic flag (large diff box); human side-by-side review: only the intended status wording changed and re-flowed inside its own text box; no overflow, clipping or unrelated change"
P-B,5,EXPECTED RELEASE-LABEL CHANGE ONLY,EXPECTED RELEASE-LABEL CHANGE ONLY,1808 px (0.348%),"bbox (238, 497, 676, 507)",
P-B,6,EXPECTED RELEASE-LABEL CHANGE ONLY,EXPECTED RELEASE-LABEL CHANGE ONLY,585 px (0.113%),"bbox (238, 497, 387, 507)",
P-B,7,EXPECTED RELEASE-LABEL CHANGE ONLY,EXPECTED RELEASE-LABEL CHANGE ONLY,2129 px (0.410%),"bbox (238, 497, 744, 507)",
P-B,8,EXPECTED RELEASE-LABEL CHANGE ONLY,EXPECTED RELEASE-LABEL CHANGE ONLY,593 px (0.114%),"bbox (238, 497, 387, 507)",
P-B,9,EXPECTED RELEASE-LABEL CHANGE ONLY,EXPECTED RELEASE-LABEL CHANGE ONLY,591 px (0.114%),"bbox (238, 496, 387, 507)",
P-B,10,EXPECTED RELEASE-LABEL CHANGE ONLY,EXPECTED RELEASE-LABEL CHANGE ONLY,610 px (0.118%),"bbox (238, 497, 392, 507)",
P-B,11,EXPECTED RELEASE-LABEL CHANGE ONLY,EXPECTED RELEASE-LABEL CHANGE ONLY,590 px (0.114%),"bbox (238, 497, 391, 507)",
P-B,12,EXPECTED RELEASE-LABEL CHANGE ONLY,EXPECTED RELEASE-LABEL CHANGE ONLY,1961 px (0.378%),"bbox (238, 497, 696, 507)",
P-B,13,EXPECTED RELEASE-LABEL CHANGE ONLY,EXPECTED RELEASE-LABEL CHANGE ONLY,2640 px (0.509%),"bbox (238, 497, 821, 507)",
P-B,14,EXPECTED RELEASE-LABEL CHANGE ONLY,EXPECTED RELEASE-LABEL CHANGE ONLY,1452 px (0.280%),"bbox (238, 497, 583, 507)",
P-B,15,EXPECTED RELEASE-LABEL CHANGE ONLY,EXPECTED RELEASE-LABEL CHANGE ONLY,2089 px (0.403%),"bbox (238, 497, 722, 507)",
P-B,16,EXPECTED RELEASE-LABEL CHANGE ONLY,EXPECTED RELEASE-LABEL CHANGE ONLY,2324 px (0.448%),"bbox (238, 497, 763, 507)",
P-B,17,EXPECTED RELEASE-LABEL CHANGE ONLY,EXPECTED RELEASE-LABEL CHANGE ONLY,596 px (0.115%),"bbox (238, 497, 392, 507)",
P-B,18,EXPECTED RELEASE-LABEL CHANGE ONLY,EXPECTED RELEASE-LABEL CHANGE ONLY,607 px (0.117%),"bbox (238, 497, 392, 507)",
P-B,19,EXPECTED RELEASE-LABEL CHANGE ONLY,EXPECTED RELEASE-LABEL CHANGE ONLY,1924 px (0.371%),"bbox (238, 497, 716, 507)",
P-B,20,EXPECTED RELEASE-LABEL CHANGE ONLY,EXPECTED RELEASE-LABEL CHANGE ONLY,2709 px (0.522%),"bbox (238, 480, 875, 490)",
P-B,21,EXPECTED RELEASE-LABEL CHANGE ONLY,EXPECTED RELEASE-LABEL CHANGE ONLY,1568 px (0.302%),"bbox (238, 497, 628, 507)",
P-B,22,EXPECTED RELEASE-LABEL CHANGE ONLY,EXPECTED RELEASE-LABEL CHANGE ONLY,609 px (0.117%),"bbox (238, 497, 392, 507)",
P-B,23,EXPECTED RELEASE-LABEL CHANGE ONLY,EXPECTED RELEASE-LABEL CHANGE ONLY,611 px (0.118%),"bbox (238, 497, 392, 507)",
P-B,24,EXPECTED RELEASE-LABEL CHANGE ONLY,EXPECTED RELEASE-LABEL CHANGE ONLY,603 px (0.116%),"bbox (238, 497, 392, 507)",
P-B,25,EXPECTED RELEASE-LABEL CHANGE ONLY,EXPECTED RELEASE-LABEL CHANGE ONLY,2171 px (0.418%),"bbox (238, 497, 773, 507)",
P-B,26,EXPECTED RELEASE-LABEL CHANGE ONLY,EXPECTED RELEASE-LABEL CHANGE ONLY,2171 px (0.418%),"bbox (238, 497, 773, 507)",
P-B,27,EXPECTED RELEASE-LABEL CHANGE ONLY,EXPECTED RELEASE-LABEL CHANGE ONLY,2384 px (0.459%),"bbox (238, 497, 811, 507)",
P-B,28,EXPECTED RELEASE-LABEL CHANGE ONLY,EXPECTED RELEASE-LABEL CHANGE ONLY,2484 px (0.479%),"bbox (238, 496, 781, 507)",
P-B,29,EXPECTED RELEASE-LABEL CHANGE ONLY,EXPECTED RELEASE-LABEL CHANGE ONLY,2617 px (0.504%),"bbox (238, 497, 801, 507)",
P-B,30,EXPECTED RELEASE-LABEL CHANGE ONLY,VISIBLE REGRESSION,18495 px (3.564%),"bbox (80, 142, 901, 507)","automatic flag (large diff box); human side-by-side review: only the intended status wording changed and re-flowed inside its own text box; no overflow, clipping or unrelated change"
P-B,31,EXPECTED RELEASE-LABEL CHANGE ONLY,VISIBLE REGRESSION,4536 px (0.874%),"bbox (238, 299, 882, 507)","automatic flag (large diff box); human side-by-side review: only the intended status wording changed and re-flowed inside its own text box; no overflow, clipping or unrelated change"
P-B,32,EXPECTED RELEASE-LABEL CHANGE ONLY,EXPECTED RELEASE-LABEL CHANGE ONLY,3166 px (0.610%),"bbox (64, 497, 901, 524)",
P-B,33,EXPECTED RELEASE-LABEL CHANGE ONLY,VISIBLE REGRESSION,1629 px (0.314%),"bbox (238, 143, 716, 507)","automatic flag (large diff box); human side-by-side review: only the intended status wording changed and re-flowed inside its own text box; no overflow, clipping or unrelated change"
P-B,34,EXPECTED RELEASE-LABEL CHANGE ONLY,VISIBLE REGRESSION,24959 px (4.810%),"bbox (71, 147, 904, 507)","automatic flag (large diff box); human side-by-side review: only the intended status wording changed and re-flowed inside its own text box; no overflow, clipping or unrelated change"
P-B,35,EXPECTED RELEASE-LABEL CHANGE ONLY,EXPECTED RELEASE-LABEL CHANGE ONLY,2152 px (0.415%),"bbox (238, 496, 749, 507)",
P-C,1,EXPECTED RELEASE-LABEL CHANGE ONLY,VISIBLE REGRESSION,5734 px (1.105%),"bbox (64, 176, 706, 507)","automatic flag (large diff box); human side-by-side review: only the intended status wording changed and re-flowed inside its own text box; no overflow, clipping or unrelated change"
P-C,2,EXPECTED RELEASE-LABEL CHANGE ONLY,EXPECTED RELEASE-LABEL CHANGE ONLY,854 px (0.165%),"bbox (302, 497, 512, 504)",
P-C,3,EXPECTED RELEASE-LABEL CHANGE ONLY,EXPECTED RELEASE-LABEL CHANGE ONLY,794 px (0.153%),"bbox (303, 497, 511, 504)",
P-C,4,EXPECTED RELEASE-LABEL CHANGE ONLY,EXPECTED RELEASE-LABEL CHANGE ONLY,854 px (0.165%),"bbox (302, 497, 512, 504)",
P-C,5,EXPECTED RELEASE-LABEL CHANGE ONLY,EXPECTED RELEASE-LABEL CHANGE ONLY,794 px (0.153%),"bbox (303, 497, 511, 504)",
P-C,6,PIXEL IDENTICAL,PIXEL IDENTICAL,0 px,,
P-C,7,EXPECTED RELEASE-LABEL CHANGE ONLY,EXPECTED RELEASE-LABEL CHANGE ONLY,670 px (0.129%),"bbox (302, 497, 453, 504)",
P-C,8,EXPECTED RELEASE-LABEL CHANGE ONLY,EXPECTED RELEASE-LABEL CHANGE ONLY,631 px (0.122%),"bbox (303, 497, 453, 504)",
P-C,9,EXPECTED RELEASE-LABEL CHANGE ONLY,EXPECTED RELEASE-LABEL CHANGE ONLY,670 px (0.129%),"bbox (302, 497, 453, 504)",
P-C,10,EXPECTED RELEASE-LABEL CHANGE ONLY,EXPECTED RELEASE-LABEL CHANGE ONLY,670 px (0.129%),"bbox (302, 497, 453, 504)",
P-C,11,EXPECTED RELEASE-LABEL CHANGE ONLY,EXPECTED RELEASE-LABEL CHANGE ONLY,630 px (0.121%),"bbox (302, 497, 444, 504)",
P-C,12,EXPECTED RELEASE-LABEL CHANGE ONLY,EXPECTED RELEASE-LABEL CHANGE ONLY,591 px (0.114%),"bbox (303, 497, 444, 504)",
P-C,13,EXPECTED RELEASE-LABEL CHANGE ONLY,EXPECTED RELEASE-LABEL CHANGE ONLY,630 px (0.121%),"bbox (302, 497, 444, 504)",
P-C,14,EXPECTED RELEASE-LABEL CHANGE ONLY,EXPECTED RELEASE-LABEL CHANGE ONLY,597 px (0.115%),"bbox (303, 497, 444, 504)",
P-C,15,EXPECTED RELEASE-LABEL CHANGE ONLY,EXPECTED RELEASE-LABEL CHANGE ONLY,796 px (0.153%),"bbox (302, 497, 478, 504)",
P-C,16,EXPECTED RELEASE-LABEL CHANGE ONLY,EXPECTED RELEASE-LABEL CHANGE ONLY,744 px (0.143%),"bbox (303, 497, 478, 504)",
P-C,17,EXPECTED RELEASE-LABEL CHANGE ONLY,EXPECTED RELEASE-LABEL CHANGE ONLY,796 px (0.153%),"bbox (302, 497, 478, 504)",
P-C,18,PIXEL IDENTICAL,PIXEL IDENTICAL,0 px,,
P-C,19,EXPECTED RELEASE-LABEL CHANGE ONLY,EXPECTED RELEASE-LABEL CHANGE ONLY,703 px (0.135%),"bbox (302, 497, 456, 504)",
P-C,20,EXPECTED RELEASE-LABEL CHANGE ONLY,EXPECTED RELEASE-LABEL CHANGE ONLY,652 px (0.126%),"bbox (303, 497, 456, 504)",
P-C,21,EXPECTED RELEASE-LABEL CHANGE ONLY,EXPECTED RELEASE-LABEL CHANGE ONLY,703 px (0.135%),"bbox (302, 497, 456, 504)",
P-C,22,EXPECTED RELEASE-LABEL CHANGE ONLY,EXPECTED RELEASE-LABEL CHANGE ONLY,538 px (0.104%),"bbox (303, 497, 431, 504)",
P-C,23,EXPECTED RELEASE-LABEL CHANGE ONLY,EXPECTED RELEASE-LABEL CHANGE ONLY,754 px (0.145%),"bbox (302, 497, 463, 504)",
P-C,24,EXPECTED RELEASE-LABEL CHANGE ONLY,EXPECTED RELEASE-LABEL CHANGE ONLY,701 px (0.135%),"bbox (303, 497, 463, 504)",
P-C,25,EXPECTED RELEASE-LABEL CHANGE ONLY,EXPECTED RELEASE-LABEL CHANGE ONLY,704 px (0.136%),"bbox (303, 497, 463, 504)",
P-C,26,PIXEL IDENTICAL,PIXEL IDENTICAL,0 px,,
P-C,27,EXPECTED RELEASE-LABEL CHANGE ONLY,EXPECTED RELEASE-LABEL CHANGE ONLY,736 px (0.142%),"bbox (302, 497, 467, 505)",
P-C,28,EXPECTED RELEASE-LABEL CHANGE ONLY,EXPECTED RELEASE-LABEL CHANGE ONLY,689 px (0.133%),"bbox (303, 497, 467, 504)",
P-C,29,EXPECTED RELEASE-LABEL CHANGE ONLY,EXPECTED RELEASE-LABEL CHANGE ONLY,736 px (0.142%),"bbox (302, 497, 467, 505)",
P-C,30,EXPECTED RELEASE-LABEL CHANGE ONLY,EXPECTED RELEASE-LABEL CHANGE ONLY,736 px (0.142%),"bbox (302, 497, 467, 505)",
P-C,31,EXPECTED RELEASE-LABEL CHANGE ONLY,EXPECTED RELEASE-LABEL CHANGE ONLY,689 px (0.133%),"bbox (303, 497, 467, 504)",
P-C,32,EXPECTED RELEASE-LABEL CHANGE ONLY,EXPECTED RELEASE-LABEL CHANGE ONLY,736 px (0.142%),"bbox (302, 497, 467, 505)",
P-C,33,EXPECTED RELEASE-LABEL CHANGE ONLY,EXPECTED RELEASE-LABEL CHANGE ONLY,693 px (0.134%),"bbox (303, 497, 467, 504)",
P-C,34,EXPECTED RELEASE-LABEL CHANGE ONLY,EXPECTED RELEASE-LABEL CHANGE ONLY,736 px (0.142%),"bbox (302, 497, 467, 505)",
P-C,35,EXPECTED RELEASE-LABEL CHANGE ONLY,EXPECTED RELEASE-LABEL CHANGE ONLY,689 px (0.133%),"bbox (303, 497, 467, 504)",
P-C,36,EXPECTED RELEASE-LABEL CHANGE ONLY,EXPECTED RELEASE-LABEL CHANGE ONLY,736 px (0.142%),"bbox (302, 497, 467, 505)",
P-C,37,PIXEL IDENTICAL,PIXEL IDENTICAL,0 px,,
P-C,38,EXPECTED RELEASE-LABEL CHANGE ONLY,EXPECTED RELEASE-LABEL CHANGE ONLY,848 px (0.163%),"bbox (302, 497, 486, 504)",
P-C,39,EXPECTED RELEASE-LABEL CHANGE ONLY,EXPECTED RELEASE-LABEL CHANGE ONLY,848 px (0.163%),"bbox (302, 497, 486, 504)",
P-C,40,EXPECTED RELEASE-LABEL CHANGE ONLY,EXPECTED RELEASE-LABEL CHANGE ONLY,801 px (0.154%),"bbox (303, 497, 486, 504)",
P-C,41,EXPECTED RELEASE-LABEL CHANGE ONLY,EXPECTED RELEASE-LABEL CHANGE ONLY,848 px (0.163%),"bbox (302, 497, 486, 504)",
P-C,42,EXPECTED RELEASE-LABEL CHANGE ONLY,EXPECTED RELEASE-LABEL CHANGE ONLY,801 px (0.154%),"bbox (303, 497, 486, 504)",
P-C,43,EXPECTED RELEASE-LABEL CHANGE ONLY,EXPECTED RELEASE-LABEL CHANGE ONLY,848 px (0.163%),"bbox (302, 497, 486, 504)",
P-C,44,EXPECTED RELEASE-LABEL CHANGE ONLY,EXPECTED RELEASE-LABEL CHANGE ONLY,836 px (0.161%),"bbox (302, 497, 484, 504)",
P-C,45,EXPECTED RELEASE-LABEL CHANGE ONLY,EXPECTED RELEASE-LABEL CHANGE ONLY,785 px (0.151%),"bbox (303, 497, 484, 504)",
P-C,46,PIXEL IDENTICAL,PIXEL IDENTICAL,0 px,,
P-C,47,EXPECTED RELEASE-LABEL CHANGE ONLY,EXPECTED RELEASE-LABEL CHANGE ONLY,617 px (0.119%),"bbox (302, 497, 451, 504)",
P-C,48,EXPECTED RELEASE-LABEL CHANGE ONLY,EXPECTED RELEASE-LABEL CHANGE ONLY,574 px (0.111%),"bbox (303, 497, 451, 504)",
P-C,49,EXPECTED RELEASE-LABEL CHANGE ONLY,EXPECTED RELEASE-LABEL CHANGE ONLY,617 px (0.119%),"bbox (302, 497, 451, 504)",
P-C,50,EXPECTED RELEASE-LABEL CHANGE ONLY,EXPECTED RELEASE-LABEL CHANGE ONLY,574 px (0.111%),"bbox (303, 497, 451, 504)",
P-C,51,EXPECTED RELEASE-LABEL CHANGE ONLY,EXPECTED RELEASE-LABEL CHANGE ONLY,617 px (0.119%),"bbox (302, 497, 451, 504)",
P-C,52,EXPECTED RELEASE-LABEL CHANGE ONLY,EXPECTED RELEASE-LABEL CHANGE ONLY,427 px (0.082%),"bbox (303, 497, 411, 507)",
P-C,53,EXPECTED RELEASE-LABEL CHANGE ONLY,EXPECTED RELEASE-LABEL CHANGE ONLY,457 px (0.088%),"bbox (302, 497, 411, 507)",
P-C,54,EXPECTED RELEASE-LABEL CHANGE ONLY,EXPECTED RELEASE-LABEL CHANGE ONLY,457 px (0.088%),"bbox (302, 497, 411, 507)",
P-C,55,EXPECTED RELEASE-LABEL CHANGE ONLY,EXPECTED RELEASE-LABEL CHANGE ONLY,427 px (0.082%),"bbox (303, 497, 411, 507)",
P-C,56,EXPECTED RELEASE-LABEL CHANGE ONLY,EXPECTED RELEASE-LABEL CHANGE ONLY,812 px (0.156%),"bbox (303, 497, 495, 504)",
P-C,57,EXPECTED RELEASE-LABEL CHANGE ONLY,EXPECTED RELEASE-LABEL CHANGE ONLY,868 px (0.167%),"bbox (302, 497, 495, 504)",
P-C,58,EXPECTED RELEASE-LABEL CHANGE ONLY,EXPECTED RELEASE-LABEL CHANGE ONLY,815 px (0.157%),"bbox (303, 497, 495, 504)",
P-C,59,PIXEL IDENTICAL,PIXEL IDENTICAL,0 px,,
P-C,60,EXPECTED RELEASE-LABEL CHANGE ONLY,EXPECTED RELEASE-LABEL CHANGE ONLY,754 px (0.145%),"bbox (302, 497, 470, 504)",
P-C,61,EXPECTED RELEASE-LABEL CHANGE ONLY,EXPECTED RELEASE-LABEL CHANGE ONLY,760 px (0.146%),"bbox (302, 497, 468, 504)",
P-C,62,EXPECTED RELEASE-LABEL CHANGE ONLY,EXPECTED RELEASE-LABEL CHANGE ONLY,730 px (0.141%),"bbox (302, 497, 469, 504)",
P-C,63,EXPECTED RELEASE-LABEL CHANGE ONLY,EXPECTED RELEASE-LABEL CHANGE ONLY,748 px (0.144%),"bbox (302, 497, 470, 504)",
P-C,64,EXPECTED RELEASE-LABEL CHANGE ONLY,EXPECTED RELEASE-LABEL CHANGE ONLY,744 px (0.143%),"bbox (302, 497, 468, 504)",
P-C,65,EXPECTED RELEASE-LABEL CHANGE ONLY,EXPECTED RELEASE-LABEL CHANGE ONLY,743 px (0.143%),"bbox (302, 497, 467, 504)",
P-C,66,EXPECTED RELEASE-LABEL CHANGE ONLY,EXPECTED RELEASE-LABEL CHANGE ONLY,739 px (0.142%),"bbox (302, 497, 470, 504)",
P-C,67,EXPECTED RELEASE-LABEL CHANGE ONLY,EXPECTED RELEASE-LABEL CHANGE ONLY,764 px (0.147%),"bbox (302, 497, 470, 504)",
P-C,68,EXPECTED RELEASE-LABEL CHANGE ONLY,EXPECTED RELEASE-LABEL CHANGE ONLY,731 px (0.141%),"bbox (302, 497, 465, 504)",
P-C,69,EXPECTED RELEASE-LABEL CHANGE ONLY,EXPECTED RELEASE-LABEL CHANGE ONLY,722 px (0.139%),"bbox (302, 497, 465, 506)",
P-C,70,EXPECTED RELEASE-LABEL CHANGE ONLY,EXPECTED RELEASE-LABEL CHANGE ONLY,759 px (0.146%),"bbox (302, 497, 469, 504)",
P-C,71,EXPECTED RELEASE-LABEL CHANGE ONLY,EXPECTED RELEASE-LABEL CHANGE ONLY,735 px (0.142%),"bbox (302, 497, 468, 504)",
P-C,72,EXPECTED RELEASE-LABEL CHANGE ONLY,EXPECTED RELEASE-LABEL CHANGE ONLY,775 px (0.149%),"bbox (302, 497, 472, 504)",
P-C,73,EXPECTED RELEASE-LABEL CHANGE ONLY,EXPECTED RELEASE-LABEL CHANGE ONLY,762 px (0.147%),"bbox (302, 497, 470, 504)",
P-C,74,EXPECTED RELEASE-LABEL CHANGE ONLY,EXPECTED RELEASE-LABEL CHANGE ONLY,738 px (0.142%),"bbox (302, 497, 470, 504)",
P-C,75,EXPECTED RELEASE-LABEL CHANGE ONLY,VISIBLE REGRESSION,2525 px (0.487%),"bbox (302, 70, 663, 505)","automatic flag (large diff box); human side-by-side review: only the intended status wording changed and re-flowed inside its own text box; no overflow, clipping or unrelated change"
P-C,76,EXPECTED RELEASE-LABEL CHANGE ONLY,VISIBLE REGRESSION,2289 px (0.441%),"bbox (212, 249, 808, 504)","automatic flag (large diff box); human side-by-side review: only the intended status wording changed and re-flowed inside its own text box; no overflow, clipping or unrelated change"
P-C,77,EXPECTED RELEASE-LABEL CHANGE ONLY,VISIBLE REGRESSION,17254 px (3.325%),"bbox (64, 176, 887, 504)","automatic flag (large diff box); human side-by-side review: only the intended status wording changed and re-flowed inside its own text box; no overflow, clipping or unrelated change"
P-C,78,EXPECTED RELEASE-LABEL CHANGE ONLY,EXPECTED RELEASE-LABEL CHANGE ONLY,3668 px (0.707%),"bbox (64, 288, 659, 299)",
P-D,1,EXPECTED RELEASE-LABEL CHANGE ONLY,EXPECTED RELEASE-LABEL CHANGE ONLY,771 px (0.095%),"bbox (74, 458, 224, 467)",
P-D,2,EXPECTED RELEASE-LABEL CHANGE ONLY,EXPECTED RELEASE-LABEL CHANGE ONLY,559 px (0.069%),"bbox (999, 643, 1127, 649)",
P-D,3,EXPECTED RELEASE-LABEL CHANGE ONLY,EXPECTED RELEASE-LABEL CHANGE ONLY,514 px (0.063%),"bbox (999, 643, 1127, 649)",
P-D,4,EXPECTED RELEASE-LABEL CHANGE ONLY,EXPECTED RELEASE-LABEL CHANGE ONLY,559 px (0.069%),"bbox (999, 643, 1127, 649)",
P-D,5,EXPECTED RELEASE-LABEL CHANGE ONLY,EXPECTED RELEASE-LABEL CHANGE ONLY,559 px (0.069%),"bbox (999, 643, 1127, 649)",
P-D,6,EXPECTED RELEASE-LABEL CHANGE ONLY,EXPECTED RELEASE-LABEL CHANGE ONLY,559 px (0.069%),"bbox (999, 643, 1127, 649)",
P-D,7,EXPECTED RELEASE-LABEL CHANGE ONLY,EXPECTED RELEASE-LABEL CHANGE ONLY,559 px (0.069%),"bbox (999, 643, 1127, 649)",
P-D,8,EXPECTED RELEASE-LABEL CHANGE ONLY,EXPECTED RELEASE-LABEL CHANGE ONLY,559 px (0.069%),"bbox (999, 643, 1127, 649)",
P-D,9,EXPECTED RELEASE-LABEL CHANGE ONLY,EXPECTED RELEASE-LABEL CHANGE ONLY,514 px (0.063%),"bbox (999, 643, 1127, 649)",
P-D,10,EXPECTED RELEASE-LABEL CHANGE ONLY,EXPECTED RELEASE-LABEL CHANGE ONLY,559 px (0.069%),"bbox (999, 643, 1127, 649)",
P-D,11,EXPECTED RELEASE-LABEL CHANGE ONLY,EXPECTED RELEASE-LABEL CHANGE ONLY,559 px (0.069%),"bbox (999, 643, 1127, 649)",
P-D,12,EXPECTED RELEASE-LABEL CHANGE ONLY,EXPECTED RELEASE-LABEL CHANGE ONLY,559 px (0.069%),"bbox (999, 643, 1127, 649)",
P-D,13,EXPECTED RELEASE-LABEL CHANGE ONLY,EXPECTED RELEASE-LABEL CHANGE ONLY,559 px (0.069%),"bbox (999, 643, 1127, 649)",
P-D,14,EXPECTED RELEASE-LABEL CHANGE ONLY,EXPECTED RELEASE-LABEL CHANGE ONLY,559 px (0.069%),"bbox (999, 643, 1127, 649)",
P-D,15,EXPECTED RELEASE-LABEL CHANGE ONLY,EXPECTED RELEASE-LABEL CHANGE ONLY,514 px (0.063%),"bbox (999, 643, 1127, 649)",
P-D,16,EXPECTED RELEASE-LABEL CHANGE ONLY,EXPECTED RELEASE-LABEL CHANGE ONLY,559 px (0.069%),"bbox (999, 643, 1127, 649)",
P-D,17,EXPECTED RELEASE-LABEL CHANGE ONLY,EXPECTED RELEASE-LABEL CHANGE ONLY,559 px (0.069%),"bbox (999, 643, 1127, 649)",
P-D,18,EXPECTED RELEASE-LABEL CHANGE ONLY,EXPECTED RELEASE-LABEL CHANGE ONLY,514 px (0.063%),"bbox (999, 643, 1127, 649)",
P-D,19,EXPECTED RELEASE-LABEL CHANGE ONLY,EXPECTED RELEASE-LABEL CHANGE ONLY,559 px (0.069%),"bbox (999, 643, 1127, 649)",
P-D,20,EXPECTED RELEASE-LABEL CHANGE ONLY,EXPECTED RELEASE-LABEL CHANGE ONLY,559 px (0.069%),"bbox (999, 643, 1127, 649)",
P-D,21,EXPECTED RELEASE-LABEL CHANGE ONLY,EXPECTED RELEASE-LABEL CHANGE ONLY,559 px (0.069%),"bbox (999, 643, 1127, 649)",
P-D,22,EXPECTED RELEASE-LABEL CHANGE ONLY,EXPECTED RELEASE-LABEL CHANGE ONLY,3539 px (0.436%),"bbox (73, 499, 1127, 649)",
P-D,23,EXPECTED RELEASE-LABEL CHANGE ONLY,VISIBLE REGRESSION,3620 px (0.446%),"bbox (72, 376, 1127, 649)","automatic flag (large diff box); human side-by-side review: only the intended status wording changed and re-flowed inside its own text box; no overflow, clipping or unrelated change"
P-D,24,EXPECTED RELEASE-LABEL CHANGE ONLY,EXPECTED RELEASE-LABEL CHANGE ONLY,2139 px (0.264%),"bbox (78, 557, 462, 643)",
