Item ID,Document,Slide,Object / category,Owner classification,Decorative flag,Approved title / alt-text reference,Method / note,Owner disposition,Applied in HR01 candidate?,Owner,Status
OD01-AC-T01,Part A,1,Slide title,TITLE REQUIRED — approved,n/a,Brand Guidelines V3.0 — Part A: Master Brand Guidelines,off-slide title placeholder (OD-G02),APPROVED AS PROPOSED,yes,"Mashal (Accessibility Content Owner, OD-G10); disposition stated in session",DISPOSITIONED
OD01-AC-T02,Part A,12,Slide title,TITLE REQUIRED — approved,n/a,Positioning,off-slide title placeholder (OD-G02),APPROVED AS PROPOSED,yes,"Mashal (Accessibility Content Owner, OD-G10); disposition stated in session",DISPOSITIONED
OD01-AC-T03,Part A,19,Slide title,TITLE REQUIRED — approved,n/a,Verbal identity: tone,off-slide title placeholder (OD-G02),APPROVED AS PROPOSED,yes,"Mashal (Accessibility Content Owner, OD-G10); disposition stated in session",DISPOSITIONED
OD01-AC-T04,Part A,20,Slide title,TITLE REQUIRED — approved,n/a,Vocabulary: use,off-slide title placeholder (OD-G02),APPROVED AS PROPOSED,yes,"Mashal (Accessibility Content Owner, OD-G10); disposition stated in session",DISPOSITIONED
OD01-AC-T05,Part A,23,Slide title,TITLE REQUIRED — approved,n/a,Taglines and signature language,off-slide title placeholder (OD-G02),APPROVED AS PROPOSED,yes,"Mashal (Accessibility Content Owner, OD-G10); disposition stated in session",DISPOSITIONED
OD01-AC-T06,Part A,26,Slide title,TITLE REQUIRED — approved,n/a,Primary horizontal signature,off-slide title placeholder (OD-G02),APPROVED AS PROPOSED,yes,"Mashal (Accessibility Content Owner, OD-G10); disposition stated in session",DISPOSITIONED
OD01-AC-T07,Part A,28,Slide title,TITLE REQUIRED — approved,n/a,Logo construction,off-slide title placeholder (OD-G02),APPROVED AS PROPOSED,yes,"Mashal (Accessibility Content Owner, OD-G10); disposition stated in session",DISPOSITIONED
OD01-AC-T08,Part A,29,Slide title,TITLE REQUIRED — approved,n/a,Clearspace and size,off-slide title placeholder (OD-G02),APPROVED AS PROPOSED,yes,"Mashal (Accessibility Content Owner, OD-G10); disposition stated in session",DISPOSITIONED
OD01-AC-T09,Part A,30,Slide title,TITLE REQUIRED — approved,n/a,Logo misuse: never,off-slide title placeholder (OD-G02),APPROVED AS PROPOSED,yes,"Mashal (Accessibility Content Owner, OD-G10); disposition stated in session",DISPOSITIONED
OD01-AC-T10,Part A,32,Slide title,TITLE REQUIRED — approved,n/a,Colour: the field,off-slide title placeholder (OD-G02),APPROVED AS PROPOSED,yes,"Mashal (Accessibility Content Owner, OD-G10); disposition stated in session",DISPOSITIONED
OD01-AC-T11,Part A,34,Slide title,TITLE REQUIRED — approved,n/a,"Typography: Jost, display and headings",off-slide title placeholder (OD-G02),APPROVED AS PROPOSED,yes,"Mashal (Accessibility Content Owner, OD-G10); disposition stated in session",DISPOSITIONED
OD01-AC-T12,Part A,35,Slide title,TITLE REQUIRED — approved,n/a,"Typography: Inter, body and interface",off-slide title placeholder (OD-G02),APPROVED AS PROPOSED,yes,"Mashal (Accessibility Content Owner, OD-G10); disposition stated in session",DISPOSITIONED
OD01-AC-T13,Part A,38,Slide title,TITLE REQUIRED — approved,n/a,Bilingual composition (concept),off-slide title placeholder (OD-G02),APPROVED AS PROPOSED,yes,"Mashal (Accessibility Content Owner, OD-G10); disposition stated in session",DISPOSITIONED
OD01-AC-T14,Part A,42,Slide title,TITLE REQUIRED — approved,n/a,Graphic language: four forms,off-slide title placeholder (OD-G02),APPROVED AS PROPOSED,yes,"Mashal (Accessibility Content Owner, OD-G10); disposition stated in session",DISPOSITIONED
OD01-AC-T15,Part A,48,Slide title,TITLE REQUIRED — approved,n/a,Photography: nine subjects (reference studies),off-slide title placeholder (OD-G02),APPROVED AS PROPOSED,yes,"Mashal (Accessibility Content Owner, OD-G10); disposition stated in session",DISPOSITIONED
OD01-AC-T16,Part A,49,Slide title,TITLE REQUIRED — approved,n/a,Photography: do and don't (reference),off-slide title placeholder (OD-G02),APPROVED AS PROPOSED,yes,"Mashal (Accessibility Content Owner, OD-G10); disposition stated in session",DISPOSITIONED
OD01-AC-T17,Part A,53,Slide title,TITLE REQUIRED — approved,n/a,Digital expression: homepage and booking (concept),off-slide title placeholder (OD-G02),APPROVED AS PROPOSED,yes,"Mashal (Accessibility Content Owner, OD-G10); disposition stated in session",DISPOSITIONED
OD01-AC-T18,Part A,54,Slide title,TITLE REQUIRED — approved,n/a,"Digital expression: mobile, concierge, B2B (concept)",off-slide title placeholder (OD-G02),APPROVED AS PROPOSED,yes,"Mashal (Accessibility Content Owner, OD-G10); disposition stated in session",DISPOSITIONED
OD01-AC-T19,Part A,56,Slide title,TITLE REQUIRED — approved,n/a,"Arrival: key card, sleeve, welcome, digital (concept)",off-slide title placeholder (OD-G02),APPROVED AS PROPOSED,yes,"Mashal (Accessibility Content Owner, OD-G10); disposition stated in session",DISPOSITIONED
OD01-AC-T20,Part A,58,Slide title,TITLE REQUIRED — approved,n/a,Dining: table detail (reference),off-slide title placeholder (OD-G02),APPROVED AS PROPOSED,yes,"Mashal (Accessibility Content Owner, OD-G10); disposition stated in session",DISPOSITIONED
OD01-AC-T21,Part A,62,Slide title,TITLE REQUIRED — approved,n/a,Pilot amenity family (concept),off-slide title placeholder (OD-G02),APPROVED AS PROPOSED,yes,"Mashal (Accessibility Content Owner, OD-G10); disposition stated in session",DISPOSITIONED
OD01-AC-T22,Part A,63,Slide title,TITLE REQUIRED — approved,n/a,Materials and finishes: direction,off-slide title placeholder (OD-G02),APPROVED AS PROPOSED,yes,"Mashal (Accessibility Content Owner, OD-G10); disposition stated in session",DISPOSITIONED
OD01-AC-T23,Part A,65,Slide title,TITLE REQUIRED — approved,n/a,Wayfinding and environment: principles (concept),off-slide title placeholder (OD-G02),APPROVED AS PROPOSED,yes,"Mashal (Accessibility Content Owner, OD-G10); disposition stated in session",DISPOSITIONED
OD01-AC-T24,Part A,67,Slide title,TITLE REQUIRED — approved,n/a,Corporate and B2B (concept),off-slide title placeholder (OD-G02),APPROVED AS PROPOSED,yes,"Mashal (Accessibility Content Owner, OD-G10); disposition stated in session",DISPOSITIONED
OD01-AC-T25,Part A,76,Slide title,TITLE REQUIRED — approved,n/a,Do and don't: summary,off-slide title placeholder (OD-G02),APPROVED AS PROPOSED,yes,"Mashal (Accessibility Content Owner, OD-G10); disposition stated in session",DISPOSITIONED
OD01-AC-T26,Part A,77,Slide title,TITLE REQUIRED — approved,n/a,Quick reference,off-slide title placeholder (OD-G02),APPROVED AS PROPOSED,yes,"Mashal (Accessibility Content Owner, OD-G10); disposition stated in session",DISPOSITIONED
OD01-AC-T27,Part A,80,Slide title,TITLE REQUIRED — approved,n/a,"Hospitality, in perfect proportion",off-slide title placeholder (OD-G02),APPROVED AS PROPOSED,yes,"Mashal (Accessibility Content Owner, OD-G10); disposition stated in session",DISPOSITIONED
OD01-AC-T28,Part C,1,Slide title,TITLE REQUIRED — approved,n/a,Production Standards V3.0 — Release Candidate 2,off-slide title placeholder (OD-G02),APPROVED AS PROPOSED,yes,"Mashal (Accessibility Content Owner, OD-G10); disposition stated in session",DISPOSITIONED
OD01-AC-T29,Part C,10,Slide title,TITLE REQUIRED — approved,n/a,Clearspace and minimum size,off-slide title placeholder (OD-G02),APPROVED AS PROPOSED,yes,"Mashal (Accessibility Content Owner, OD-G10); disposition stated in session",DISPOSITIONED
OD01-AC-T30,Part C,14,Slide title,TITLE REQUIRED — approved,n/a,Ink and black,off-slide title placeholder (OD-G02),APPROVED AS PROPOSED,yes,"Mashal (Accessibility Content Owner, OD-G10); disposition stated in session",DISPOSITIONED
OD01-AC-A01,Part D,1,Informative picture (shape id 17),INFORMATIVE — ALT TEXT REQUIRED,n/a,Concept image: GEM shampoo bottle with a black pump and a dark label showing the GEM wordmark and the product name in English and Arabic.,alt text (concept image; Arabic label text not transcribed),APPROVED AS PROPOSED,yes,"Mashal (Accessibility Content Owner, OD-G10); disposition stated in session",DISPOSITIONED
OD01-AC-A02,Part D,3,Informative picture (shape id 23),INFORMATIVE — ALT TEXT REQUIRED,n/a,"Concept image: four GEM amenity bottles (shampoo, conditioner, body wash, body lotion) on a stone bathroom counter beside a folded towel, a plant and a soap dish.",alt text (concept image; Arabic label text not transcribed),APPROVED AS PROPOSED,yes,"Mashal (Accessibility Content Owner, OD-G10); disposition stated in session",DISPOSITIONED
OD01-AC-A03,Part D,4,Informative picture (shape id 39),INFORMATIVE — ALT TEXT REQUIRED,n/a,"Concept image: GEM shampoo bottle, dark label.",alt text (concept image; Arabic label text not transcribed),APPROVED AS PROPOSED,yes,"Mashal (Accessibility Content Owner, OD-G10); disposition stated in session",DISPOSITIONED
OD01-AC-A04,Part D,4,Informative picture (shape id 44),INFORMATIVE — ALT TEXT REQUIRED,n/a,"Concept image: GEM conditioner bottle, dark label.",alt text (concept image; Arabic label text not transcribed),APPROVED AS PROPOSED,yes,"Mashal (Accessibility Content Owner, OD-G10); disposition stated in session",DISPOSITIONED
OD01-AC-A05,Part D,4,Informative picture (shape id 49),INFORMATIVE — ALT TEXT REQUIRED,n/a,"Concept image: GEM body wash bottle, dark label.",alt text (concept image; Arabic label text not transcribed),APPROVED AS PROPOSED,yes,"Mashal (Accessibility Content Owner, OD-G10); disposition stated in session",DISPOSITIONED
OD01-AC-A06,Part D,4,Informative picture (shape id 54),INFORMATIVE — ALT TEXT REQUIRED,n/a,"Concept image: GEM body lotion bottle, cream label.",alt text (concept image; Arabic label text not transcribed),APPROVED AS PROPOSED,yes,"Mashal (Accessibility Content Owner, OD-G10); disposition stated in session",DISPOSITIONED
OD01-AC-A07,Part D,4,Informative picture (shape id 59),INFORMATIVE — ALT TEXT REQUIRED,n/a,"Concept image: GEM hand wash bottle, cream label.",alt text (concept image; Arabic label text not transcribed),APPROVED AS PROPOSED,yes,"Mashal (Accessibility Content Owner, OD-G10); disposition stated in session",DISPOSITIONED
OD01-AC-A08,Part D,5,Informative picture (shape id 34),INFORMATIVE — ALT TEXT REQUIRED,n/a,"Concept image: GEM shampoo bottle, dark label.",alt text (concept image; Arabic label text not transcribed),APPROVED AS PROPOSED,yes,"Mashal (Accessibility Content Owner, OD-G10); disposition stated in session",DISPOSITIONED
OD01-AC-A09,Part D,5,Informative picture (shape id 52),INFORMATIVE — ALT TEXT REQUIRED,n/a,Concept image: GEM shampoo bottle on a sunlit stone ledge beside a folded white towel.,alt text (concept image; Arabic label text not transcribed),APPROVED AS PROPOSED,yes,"Mashal (Accessibility Content Owner, OD-G10); disposition stated in session",DISPOSITIONED
OD01-AC-A10,Part D,5,Informative picture (shape id 7),INFORMATIVE — ALT TEXT REQUIRED,n/a,Close-up of the shared pump cap and bottle shoulder.,alt text (concept image; Arabic label text not transcribed),APPROVED AS PROPOSED,yes,"Mashal (Accessibility Content Owner, OD-G10); disposition stated in session",DISPOSITIONED
OD01-AC-A11,Part D,6,Informative picture (shape id 34),INFORMATIVE — ALT TEXT REQUIRED,n/a,"Concept image: GEM conditioner bottle, dark label.",alt text (concept image; Arabic label text not transcribed),APPROVED AS PROPOSED,yes,"Mashal (Accessibility Content Owner, OD-G10); disposition stated in session",DISPOSITIONED
OD01-AC-A12,Part D,6,Informative picture (shape id 52),INFORMATIVE — ALT TEXT REQUIRED,n/a,Concept image: GEM conditioner bottle on a sunlit stone ledge beside a folded white towel.,alt text (concept image; Arabic label text not transcribed),APPROVED AS PROPOSED,yes,"Mashal (Accessibility Content Owner, OD-G10); disposition stated in session",DISPOSITIONED
OD01-AC-A13,Part D,6,Informative picture (shape id 7),INFORMATIVE — ALT TEXT REQUIRED,n/a,Close-up of the shared pump cap and bottle shoulder.,alt text (concept image; Arabic label text not transcribed),APPROVED AS PROPOSED,yes,"Mashal (Accessibility Content Owner, OD-G10); disposition stated in session",DISPOSITIONED
OD01-AC-A14,Part D,7,Informative picture (shape id 26),INFORMATIVE — ALT TEXT REQUIRED,n/a,"Concept image: GEM body wash bottle, dark label.",alt text (concept image; Arabic label text not transcribed),APPROVED AS PROPOSED,yes,"Mashal (Accessibility Content Owner, OD-G10); disposition stated in session",DISPOSITIONED
OD01-AC-A15,Part D,7,Informative picture (shape id 30),INFORMATIVE — ALT TEXT REQUIRED,n/a,Concept image: GEM body wash bottle held in a black wall-mounted bracket on a stone wall.,alt text (concept image; Arabic label text not transcribed),APPROVED AS PROPOSED,yes,"Mashal (Accessibility Content Owner, OD-G10); disposition stated in session",DISPOSITIONED
OD01-AC-A16,Part D,7,Informative picture (shape id 31),INFORMATIVE — ALT TEXT REQUIRED,n/a,"Concept image: GEM body wash refill container, white with a black cap and a dark label marked REFILL.",alt text (concept image; Arabic label text not transcribed),APPROVED AS PROPOSED,yes,"Mashal (Accessibility Content Owner, OD-G10); disposition stated in session",DISPOSITIONED
OD01-AC-A17,Part D,8,Informative picture (shape id 7),INFORMATIVE — ALT TEXT REQUIRED,n/a,"Concept image: GEM body lotion bottle, cream label.",alt text (concept image; Arabic label text not transcribed),APPROVED AS PROPOSED,yes,"Mashal (Accessibility Content Owner, OD-G10); disposition stated in session",DISPOSITIONED
OD01-AC-A18,Part D,9,Informative picture (shape id 24),INFORMATIVE — ALT TEXT REQUIRED,n/a,"Concept image: GEM hand wash bottle, cream label.",alt text (concept image; Arabic label text not transcribed),APPROVED AS PROPOSED,yes,"Mashal (Accessibility Content Owner, OD-G10); disposition stated in session",DISPOSITIONED
OD01-AC-A19,Part D,10,Informative picture (shape id 7),INFORMATIVE — ALT TEXT REQUIRED,n/a,"Concept image: GEM hand wash bottle, cream label.",alt text (concept image; Arabic label text not transcribed),APPROVED AS PROPOSED,yes,"Mashal (Accessibility Content Owner, OD-G10); disposition stated in session",DISPOSITIONED
OD01-AC-A20,Part D,10,Informative picture (shape id 8),INFORMATIVE — ALT TEXT REQUIRED,n/a,"Concept image: GEM body wash bottle, dark label.",alt text (concept image; Arabic label text not transcribed),APPROVED AS PROPOSED,yes,"Mashal (Accessibility Content Owner, OD-G10); disposition stated in session",DISPOSITIONED
OD01-AC-A21,Part D,13,Informative picture (shape id 17),INFORMATIVE — ALT TEXT REQUIRED,n/a,"Concept image: open GEM amenities gift box holding five bottles (shampoo, conditioner, body wash, body lotion, hand wash), its lid showing the GEM wordmark and an Arabic collection name.",alt text (concept image; Arabic label text not transcribed),APPROVED AS PROPOSED,yes,"Mashal (Accessibility Content Owner, OD-G10); disposition stated in session",DISPOSITIONED
OD01-AC-A22,Part D,19,Informative picture (shape id 17),INFORMATIVE — ALT TEXT REQUIRED,n/a,"Concept image: a cream GEM welcome card, a dark key sleeve and a key card on a stone surface.",alt text (concept image; Arabic label text not transcribed),APPROVED AS PROPOSED,yes,"Mashal (Accessibility Content Owner, OD-G10); disposition stated in session",DISPOSITIONED
OD01-AC-A23,Part D,20,Informative picture (shape id 17),INFORMATIVE — ALT TEXT REQUIRED,n/a,"Concept image: five GEM bottles (shampoo, conditioner, body wash, body lotion, hand wash) in a tray on a stone shelf beside a folded towel and a cream card.",alt text (concept image; Arabic label text not transcribed),APPROVED AS PROPOSED,yes,"Mashal (Accessibility Content Owner, OD-G10); disposition stated in session",DISPOSITIONED
OD01-AC-S001,Part A,29,"Unclassified shape (id 3, other shape)",DECORATIVE / REDUNDANT,marked decorative,,decorative flag (OD-G03),APPROVED (group decision),yes,"Mashal (Accessibility Content Owner, OD-G10); disposition stated in session",DISPOSITIONED
OD01-AC-S002,Part A,29,"Unclassified shape (id 8, hairline rule)",DECORATIVE / REDUNDANT,marked decorative,,decorative flag (OD-G03),APPROVED (group decision),yes,"Mashal (Accessibility Content Owner, OD-G10); disposition stated in session",DISPOSITIONED
OD01-AC-S003,Part A,30,"Unclassified shape (id 3, other shape)",DECORATIVE / REDUNDANT,marked decorative,,decorative flag (OD-G03),APPROVED (group decision),yes,"Mashal (Accessibility Content Owner, OD-G10); disposition stated in session",DISPOSITIONED
OD01-AC-S004,Part A,30,"Unclassified shape (id 6, other shape)",DECORATIVE / REDUNDANT,marked decorative,,decorative flag (OD-G03),APPROVED (group decision),yes,"Mashal (Accessibility Content Owner, OD-G10); disposition stated in session",DISPOSITIONED
OD01-AC-S005,Part A,30,"Unclassified shape (id 9, other shape)",DECORATIVE / REDUNDANT,marked decorative,,decorative flag (OD-G03),APPROVED (group decision),yes,"Mashal (Accessibility Content Owner, OD-G10); disposition stated in session",DISPOSITIONED
OD01-AC-S006,Part A,30,"Unclassified shape (id 12, other shape)",DECORATIVE / REDUNDANT,marked decorative,,decorative flag (OD-G03),APPROVED (group decision),yes,"Mashal (Accessibility Content Owner, OD-G10); disposition stated in session",DISPOSITIONED
OD01-AC-S007,Part A,30,"Unclassified shape (id 15, other shape)",DECORATIVE / REDUNDANT,marked decorative,,decorative flag (OD-G03),APPROVED (group decision),yes,"Mashal (Accessibility Content Owner, OD-G10); disposition stated in session",DISPOSITIONED
OD01-AC-S008,Part A,30,"Unclassified shape (id 18, other shape)",DECORATIVE / REDUNDANT,marked decorative,,decorative flag (OD-G03),APPROVED (group decision),yes,"Mashal (Accessibility Content Owner, OD-G10); disposition stated in session",DISPOSITIONED
OD01-AC-S009,Part A,30,"Unclassified shape (id 20, other shape)",DECORATIVE / REDUNDANT,marked decorative,,decorative flag (OD-G03),APPROVED (group decision),yes,"Mashal (Accessibility Content Owner, OD-G10); disposition stated in session",DISPOSITIONED
OD01-AC-S010,Part A,30,"Unclassified shape (id 22, other shape)",DECORATIVE / REDUNDANT,marked decorative,,decorative flag (OD-G03),APPROVED (group decision),yes,"Mashal (Accessibility Content Owner, OD-G10); disposition stated in session",DISPOSITIONED
OD01-AC-S011,Part A,43,"Unclassified shape (id 4, other shape)",DECORATIVE / REDUNDANT,marked decorative,,decorative flag (OD-G03),APPROVED (group decision),yes,"Mashal (Accessibility Content Owner, OD-G10); disposition stated in session",DISPOSITIONED
OD01-AC-S012,Part A,43,"Unclassified shape (id 6, hairline rule)",DECORATIVE / REDUNDANT,marked decorative,,decorative flag (OD-G03),APPROVED (group decision),yes,"Mashal (Accessibility Content Owner, OD-G10); disposition stated in session",DISPOSITIONED
OD01-AC-S013,Part A,43,"Unclassified shape (id 8, hairline rule)",DECORATIVE / REDUNDANT,marked decorative,,decorative flag (OD-G03),APPROVED (group decision),yes,"Mashal (Accessibility Content Owner, OD-G10); disposition stated in session",DISPOSITIONED
OD01-AC-S014,Part A,43,"Unclassified shape (id 10, hairline rule)",DECORATIVE / REDUNDANT,marked decorative,,decorative flag (OD-G03),APPROVED (group decision),yes,"Mashal (Accessibility Content Owner, OD-G10); disposition stated in session",DISPOSITIONED
OD01-AC-S015,Part A,43,"Unclassified shape (id 12, hairline rule)",DECORATIVE / REDUNDANT,marked decorative,,decorative flag (OD-G03),APPROVED (group decision),yes,"Mashal (Accessibility Content Owner, OD-G10); disposition stated in session",DISPOSITIONED
OD01-AC-S016,Part A,49,"Unclassified shape (id 3, other shape)",DECORATIVE / REDUNDANT,marked decorative,,decorative flag (OD-G03),APPROVED (group decision),yes,"Mashal (Accessibility Content Owner, OD-G10); disposition stated in session",DISPOSITIONED
OD01-AC-S017,Part A,49,"Unclassified shape (id 6, other shape)",DECORATIVE / REDUNDANT,marked decorative,,decorative flag (OD-G03),APPROVED (group decision),yes,"Mashal (Accessibility Content Owner, OD-G10); disposition stated in session",DISPOSITIONED
OD01-AC-S018,Part A,49,"Unclassified shape (id 13, other shape)",DECORATIVE / REDUNDANT,marked decorative,,decorative flag (OD-G03),APPROVED (group decision),yes,"Mashal (Accessibility Content Owner, OD-G10); disposition stated in session",DISPOSITIONED
OD01-AC-S019,Part A,58,"Unclassified shape (id 3, other shape)",DECORATIVE / REDUNDANT,marked decorative,,decorative flag (OD-G03),APPROVED (group decision),yes,"Mashal (Accessibility Content Owner, OD-G10); disposition stated in session",DISPOSITIONED
OD01-AC-S020,Part A,63,"Unclassified shape (id 3, other shape)",DECORATIVE / REDUNDANT,marked decorative,,decorative flag (OD-G03),APPROVED (group decision),yes,"Mashal (Accessibility Content Owner, OD-G10); disposition stated in session",DISPOSITIONED
OD01-AC-S021,Part A,63,"Unclassified shape (id 6, hairline rule)",DECORATIVE / REDUNDANT,marked decorative,,decorative flag (OD-G03),APPROVED (group decision),yes,"Mashal (Accessibility Content Owner, OD-G10); disposition stated in session",DISPOSITIONED
OD01-AC-S022,Part A,63,"Unclassified shape (id 8, hairline rule)",DECORATIVE / REDUNDANT,marked decorative,,decorative flag (OD-G03),APPROVED (group decision),yes,"Mashal (Accessibility Content Owner, OD-G10); disposition stated in session",DISPOSITIONED
OD01-AC-S023,Part A,63,"Unclassified shape (id 10, hairline rule)",DECORATIVE / REDUNDANT,marked decorative,,decorative flag (OD-G03),APPROVED (group decision),yes,"Mashal (Accessibility Content Owner, OD-G10); disposition stated in session",DISPOSITIONED
OD01-AC-S024,Part A,63,"Unclassified shape (id 12, hairline rule)",DECORATIVE / REDUNDANT,marked decorative,,decorative flag (OD-G03),APPROVED (group decision),yes,"Mashal (Accessibility Content Owner, OD-G10); disposition stated in session",DISPOSITIONED
OD01-AC-S025,Part A,63,"Unclassified shape (id 14, hairline rule)",DECORATIVE / REDUNDANT,marked decorative,,decorative flag (OD-G03),APPROVED (group decision),yes,"Mashal (Accessibility Content Owner, OD-G10); disposition stated in session",DISPOSITIONED
OD01-AC-S026,Part A,63,"Unclassified shape (id 16, hairline rule)",DECORATIVE / REDUNDANT,marked decorative,,decorative flag (OD-G03),APPROVED (group decision),yes,"Mashal (Accessibility Content Owner, OD-G10); disposition stated in session",DISPOSITIONED
OD01-AC-S027,Part A,63,"Unclassified shape (id 18, hairline rule)",DECORATIVE / REDUNDANT,marked decorative,,decorative flag (OD-G03),APPROVED (group decision),yes,"Mashal (Accessibility Content Owner, OD-G10); disposition stated in session",DISPOSITIONED
OD01-AC-S028,Part A,77,"Unclassified shape (id 7, other shape)",DECORATIVE / REDUNDANT,marked decorative,,decorative flag (OD-G03),APPROVED (group decision),yes,"Mashal (Accessibility Content Owner, OD-G10); disposition stated in session",DISPOSITIONED
OD01-AC-S029,Part A,77,"Unclassified shape (id 8, other shape)",DECORATIVE / REDUNDANT,marked decorative,,decorative flag (OD-G03),APPROVED (group decision),yes,"Mashal (Accessibility Content Owner, OD-G10); disposition stated in session",DISPOSITIONED
OD01-AC-S030,Part A,77,"Unclassified shape (id 9, other shape)",DECORATIVE / REDUNDANT,marked decorative,,decorative flag (OD-G03),APPROVED (group decision),yes,"Mashal (Accessibility Content Owner, OD-G10); disposition stated in session",DISPOSITIONED
OD01-AC-S031,Part A,77,"Unclassified shape (id 10, other shape)",DECORATIVE / REDUNDANT,marked decorative,,decorative flag (OD-G03),APPROVED (group decision),yes,"Mashal (Accessibility Content Owner, OD-G10); disposition stated in session",DISPOSITIONED
OD01-AC-S032,Part B,1,"Unclassified shape (id 2, other shape)",DECORATIVE / REDUNDANT,marked decorative,,decorative flag (OD-G03),APPROVED (group decision),yes,"Mashal (Accessibility Content Owner, OD-G10); disposition stated in session",DISPOSITIONED
OD01-AC-S033,Part B,1,"Unclassified shape (id 3, other shape)",DECORATIVE / REDUNDANT,marked decorative,,decorative flag (OD-G03),APPROVED (group decision),yes,"Mashal (Accessibility Content Owner, OD-G10); disposition stated in session",DISPOSITIONED
OD01-AC-S034,Part B,8,"Unclassified shape (id 2, hairline rule)",DECORATIVE (part of the described specimen set),marked decorative,,decorative flag (OD-G03),APPROVED (group decision),yes,"Mashal (Accessibility Content Owner, OD-G10); disposition stated in session",DISPOSITIONED
OD01-AC-S035,Part B,8,"Unclassified shape (id 5, hairline rule)","INFORMATIVE (specimen set, first shape carries the description)",n/a,Spacing scale specimen: nine squares from 4 px to 96 px.,alt text,APPROVED (one description per set),yes,"Mashal (Accessibility Content Owner, OD-G10); disposition stated in session",DISPOSITIONED
OD01-AC-S036,Part B,8,"Unclassified shape (id 7, other shape)",DECORATIVE (part of the described specimen set),marked decorative,,decorative flag (OD-G03),APPROVED (group decision),yes,"Mashal (Accessibility Content Owner, OD-G10); disposition stated in session",DISPOSITIONED
OD01-AC-S037,Part B,8,"Unclassified shape (id 9, other shape)",DECORATIVE (part of the described specimen set),marked decorative,,decorative flag (OD-G03),APPROVED (group decision),yes,"Mashal (Accessibility Content Owner, OD-G10); disposition stated in session",DISPOSITIONED
OD01-AC-S038,Part B,8,"Unclassified shape (id 11, other shape)",DECORATIVE (part of the described specimen set),marked decorative,,decorative flag (OD-G03),APPROVED (group decision),yes,"Mashal (Accessibility Content Owner, OD-G10); disposition stated in session",DISPOSITIONED
OD01-AC-S039,Part B,8,"Unclassified shape (id 13, other shape)",DECORATIVE (part of the described specimen set),marked decorative,,decorative flag (OD-G03),APPROVED (group decision),yes,"Mashal (Accessibility Content Owner, OD-G10); disposition stated in session",DISPOSITIONED
OD01-AC-S040,Part B,8,"Unclassified shape (id 15, other shape)",DECORATIVE (part of the described specimen set),marked decorative,,decorative flag (OD-G03),APPROVED (group decision),yes,"Mashal (Accessibility Content Owner, OD-G10); disposition stated in session",DISPOSITIONED
OD01-AC-S041,Part B,8,"Unclassified shape (id 17, other shape)",DECORATIVE (part of the described specimen set),marked decorative,,decorative flag (OD-G03),APPROVED (group decision),yes,"Mashal (Accessibility Content Owner, OD-G10); disposition stated in session",DISPOSITIONED
OD01-AC-S042,Part B,8,"Unclassified shape (id 19, other shape)",DECORATIVE (part of the described specimen set),marked decorative,,decorative flag (OD-G03),APPROVED (group decision),yes,"Mashal (Accessibility Content Owner, OD-G10); disposition stated in session",DISPOSITIONED
OD01-AC-S043,Part B,8,"Unclassified shape (id 21, other shape)",DECORATIVE (part of the described specimen set),marked decorative,,decorative flag (OD-G03),APPROVED (group decision),yes,"Mashal (Accessibility Content Owner, OD-G10); disposition stated in session",DISPOSITIONED
OD01-AC-S044,Part B,14,"Unclassified shape (id 2, hairline rule)",DECORATIVE (part of the described specimen set),marked decorative,,decorative flag (OD-G03),APPROVED (group decision),yes,"Mashal (Accessibility Content Owner, OD-G10); disposition stated in session",DISPOSITIONED
OD01-AC-S045,Part B,14,"Unclassified shape (id 6, other shape)","INFORMATIVE (specimen set, first shape carries the description)",n/a,Twelve-column grid specimen: twelve equal columns.,alt text,APPROVED (one description per set),yes,"Mashal (Accessibility Content Owner, OD-G10); disposition stated in session",DISPOSITIONED
OD01-AC-S046,Part B,14,"Unclassified shape (id 7, other shape)",DECORATIVE (part of the described specimen set),marked decorative,,decorative flag (OD-G03),APPROVED (group decision),yes,"Mashal (Accessibility Content Owner, OD-G10); disposition stated in session",DISPOSITIONED
OD01-AC-S047,Part B,14,"Unclassified shape (id 8, other shape)",DECORATIVE (part of the described specimen set),marked decorative,,decorative flag (OD-G03),APPROVED (group decision),yes,"Mashal (Accessibility Content Owner, OD-G10); disposition stated in session",DISPOSITIONED
OD01-AC-S048,Part B,14,"Unclassified shape (id 9, other shape)",DECORATIVE (part of the described specimen set),marked decorative,,decorative flag (OD-G03),APPROVED (group decision),yes,"Mashal (Accessibility Content Owner, OD-G10); disposition stated in session",DISPOSITIONED
OD01-AC-S049,Part B,14,"Unclassified shape (id 10, other shape)",DECORATIVE (part of the described specimen set),marked decorative,,decorative flag (OD-G03),APPROVED (group decision),yes,"Mashal (Accessibility Content Owner, OD-G10); disposition stated in session",DISPOSITIONED
OD01-AC-S050,Part B,14,"Unclassified shape (id 11, other shape)",DECORATIVE (part of the described specimen set),marked decorative,,decorative flag (OD-G03),APPROVED (group decision),yes,"Mashal (Accessibility Content Owner, OD-G10); disposition stated in session",DISPOSITIONED
OD01-AC-S051,Part B,14,"Unclassified shape (id 12, other shape)",DECORATIVE (part of the described specimen set),marked decorative,,decorative flag (OD-G03),APPROVED (group decision),yes,"Mashal (Accessibility Content Owner, OD-G10); disposition stated in session",DISPOSITIONED
OD01-AC-S052,Part B,14,"Unclassified shape (id 13, other shape)",DECORATIVE (part of the described specimen set),marked decorative,,decorative flag (OD-G03),APPROVED (group decision),yes,"Mashal (Accessibility Content Owner, OD-G10); disposition stated in session",DISPOSITIONED
OD01-AC-S053,Part B,14,"Unclassified shape (id 14, other shape)",DECORATIVE (part of the described specimen set),marked decorative,,decorative flag (OD-G03),APPROVED (group decision),yes,"Mashal (Accessibility Content Owner, OD-G10); disposition stated in session",DISPOSITIONED
OD01-AC-S054,Part B,14,"Unclassified shape (id 15, other shape)",DECORATIVE (part of the described specimen set),marked decorative,,decorative flag (OD-G03),APPROVED (group decision),yes,"Mashal (Accessibility Content Owner, OD-G10); disposition stated in session",DISPOSITIONED
OD01-AC-S055,Part B,14,"Unclassified shape (id 16, other shape)",DECORATIVE (part of the described specimen set),marked decorative,,decorative flag (OD-G03),APPROVED (group decision),yes,"Mashal (Accessibility Content Owner, OD-G10); disposition stated in session",DISPOSITIONED
OD01-AC-S056,Part B,14,"Unclassified shape (id 17, other shape)",DECORATIVE (part of the described specimen set),marked decorative,,decorative flag (OD-G03),APPROVED (group decision),yes,"Mashal (Accessibility Content Owner, OD-G10); disposition stated in session",DISPOSITIONED
OD01-AC-S057,Part B,26,"Unclassified shape (id 2, hairline rule)",DECORATIVE / REDUNDANT,marked decorative,,decorative flag (OD-G03),APPROVED (group decision),yes,"Mashal (Accessibility Content Owner, OD-G10); disposition stated in session",DISPOSITIONED
OD01-AC-S058,Part B,26,"Unclassified shape (id 10, other shape)",DECORATIVE / REDUNDANT,marked decorative,,decorative flag (OD-G03),APPROVED (group decision),yes,"Mashal (Accessibility Content Owner, OD-G10); disposition stated in session",DISPOSITIONED
OD01-AC-S059,Part B,26,"Unclassified shape (id 12, other shape)",DECORATIVE / REDUNDANT,marked decorative,,decorative flag (OD-G03),APPROVED (group decision),yes,"Mashal (Accessibility Content Owner, OD-G10); disposition stated in session",DISPOSITIONED
OD01-AC-S060,Part B,26,"Unclassified shape (id 14, other shape)",DECORATIVE / REDUNDANT,marked decorative,,decorative flag (OD-G03),APPROVED (group decision),yes,"Mashal (Accessibility Content Owner, OD-G10); disposition stated in session",DISPOSITIONED
OD01-AC-S061,Part B,26,"Unclassified shape (id 16, other shape)",DECORATIVE / REDUNDANT,marked decorative,,decorative flag (OD-G03),APPROVED (group decision),yes,"Mashal (Accessibility Content Owner, OD-G10); disposition stated in session",DISPOSITIONED
OD01-AC-S062,Part C,10,"Unclassified shape (id 3, other shape)",DECORATIVE / REDUNDANT,marked decorative,,decorative flag (OD-G03),APPROVED (group decision),yes,"Mashal (Accessibility Content Owner, OD-G10); disposition stated in session",DISPOSITIONED
OD01-AC-S063,Part C,10,"Unclassified shape (id 7, hairline rule)",DECORATIVE / REDUNDANT,marked decorative,,decorative flag (OD-G03),APPROVED (group decision),yes,"Mashal (Accessibility Content Owner, OD-G10); disposition stated in session",DISPOSITIONED
OD01-AC-S064,Part C,10,"Unclassified shape (id 9, hairline rule)",DECORATIVE / REDUNDANT,marked decorative,,decorative flag (OD-G03),APPROVED (group decision),yes,"Mashal (Accessibility Content Owner, OD-G10); disposition stated in session",DISPOSITIONED
OD01-AC-S065,Part C,10,"Unclassified shape (id 12, hairline rule)",DECORATIVE / REDUNDANT,marked decorative,,decorative flag (OD-G03),APPROVED (group decision),yes,"Mashal (Accessibility Content Owner, OD-G10); disposition stated in session",DISPOSITIONED
OD01-AC-S066,Part C,11,"Unclassified shape (id 4, other shape)",DECORATIVE / REDUNDANT,marked decorative,,decorative flag (OD-G03),APPROVED (group decision),yes,"Mashal (Accessibility Content Owner, OD-G10); disposition stated in session",DISPOSITIONED
OD01-AC-S067,Part C,11,"Unclassified shape (id 10, other shape)",DECORATIVE / REDUNDANT,marked decorative,,decorative flag (OD-G03),APPROVED (group decision),yes,"Mashal (Accessibility Content Owner, OD-G10); disposition stated in session",DISPOSITIONED
OD01-AC-S068,Part C,11,"Unclassified shape (id 16, other shape)",DECORATIVE / REDUNDANT,marked decorative,,decorative flag (OD-G03),APPROVED (group decision),yes,"Mashal (Accessibility Content Owner, OD-G10); disposition stated in session",DISPOSITIONED
OD01-AC-S069,Part C,11,"Unclassified shape (id 22, other shape)",DECORATIVE / REDUNDANT,marked decorative,,decorative flag (OD-G03),APPROVED (group decision),yes,"Mashal (Accessibility Content Owner, OD-G10); disposition stated in session",DISPOSITIONED
OD01-AC-S070,Part C,19,"Unclassified shape (id 4, other shape)",DECORATIVE / REDUNDANT,marked decorative,,decorative flag (OD-G03),APPROVED (group decision),yes,"Mashal (Accessibility Content Owner, OD-G10); disposition stated in session",DISPOSITIONED
OD01-AC-S071,Part C,19,"Unclassified shape (id 6, other shape)",DECORATIVE / REDUNDANT,marked decorative,,decorative flag (OD-G03),APPROVED (group decision),yes,"Mashal (Accessibility Content Owner, OD-G10); disposition stated in session",DISPOSITIONED
OD01-AC-S072,Part C,19,"Unclassified shape (id 8, other shape)",DECORATIVE / REDUNDANT,marked decorative,,decorative flag (OD-G03),APPROVED (group decision),yes,"Mashal (Accessibility Content Owner, OD-G10); disposition stated in session",DISPOSITIONED
OD01-AC-S073,Part C,19,"Unclassified shape (id 10, other shape)",DECORATIVE / REDUNDANT,marked decorative,,decorative flag (OD-G03),APPROVED (group decision),yes,"Mashal (Accessibility Content Owner, OD-G10); disposition stated in session",DISPOSITIONED
OD01-AC-S074,Part C,19,"Unclassified shape (id 12, other shape)",DECORATIVE / REDUNDANT,marked decorative,,decorative flag (OD-G03),APPROVED (group decision),yes,"Mashal (Accessibility Content Owner, OD-G10); disposition stated in session",DISPOSITIONED
OD01-AC-S075,Part C,19,"Unclassified shape (id 14, other shape)",DECORATIVE / REDUNDANT,marked decorative,,decorative flag (OD-G03),APPROVED (group decision),yes,"Mashal (Accessibility Content Owner, OD-G10); disposition stated in session",DISPOSITIONED
OD01-AC-S076,Part C,19,"Unclassified shape (id 16, other shape)",DECORATIVE / REDUNDANT,marked decorative,,decorative flag (OD-G03),APPROVED (group decision),yes,"Mashal (Accessibility Content Owner, OD-G10); disposition stated in session",DISPOSITIONED
OD01-AC-S077,Part C,19,"Unclassified shape (id 18, other shape)",DECORATIVE / REDUNDANT,marked decorative,,decorative flag (OD-G03),APPROVED (group decision),yes,"Mashal (Accessibility Content Owner, OD-G10); disposition stated in session",DISPOSITIONED
OD01-AC-S078,Part C,19,"Unclassified shape (id 20, other shape)",DECORATIVE / REDUNDANT,marked decorative,,decorative flag (OD-G03),APPROVED (group decision),yes,"Mashal (Accessibility Content Owner, OD-G10); disposition stated in session",DISPOSITIONED
OD01-AC-S079,Part C,19,"Unclassified shape (id 22, other shape)",DECORATIVE / REDUNDANT,marked decorative,,decorative flag (OD-G03),APPROVED (group decision),yes,"Mashal (Accessibility Content Owner, OD-G10); disposition stated in session",DISPOSITIONED
OD01-AC-S080,Part C,19,"Unclassified shape (id 24, other shape)",DECORATIVE / REDUNDANT,marked decorative,,decorative flag (OD-G03),APPROVED (group decision),yes,"Mashal (Accessibility Content Owner, OD-G10); disposition stated in session",DISPOSITIONED
OD01-AC-S081,Part C,19,"Unclassified shape (id 26, other shape)",DECORATIVE / REDUNDANT,marked decorative,,decorative flag (OD-G03),APPROVED (group decision),yes,"Mashal (Accessibility Content Owner, OD-G10); disposition stated in session",DISPOSITIONED
OD01-AC-S082,Part C,19,"Unclassified shape (id 28, other shape)",DECORATIVE / REDUNDANT,marked decorative,,decorative flag (OD-G03),APPROVED (group decision),yes,"Mashal (Accessibility Content Owner, OD-G10); disposition stated in session",DISPOSITIONED
OD01-AC-S083,Part C,19,"Unclassified shape (id 30, other shape)",DECORATIVE / REDUNDANT,marked decorative,,decorative flag (OD-G03),APPROVED (group decision),yes,"Mashal (Accessibility Content Owner, OD-G10); disposition stated in session",DISPOSITIONED
OD01-AC-S084,Part C,19,"Unclassified shape (id 32, other shape)",DECORATIVE / REDUNDANT,marked decorative,,decorative flag (OD-G03),APPROVED (group decision),yes,"Mashal (Accessibility Content Owner, OD-G10); disposition stated in session",DISPOSITIONED
OD01-AC-S085,Part C,19,"Unclassified shape (id 34, other shape)",DECORATIVE / REDUNDANT,marked decorative,,decorative flag (OD-G03),APPROVED (group decision),yes,"Mashal (Accessibility Content Owner, OD-G10); disposition stated in session",DISPOSITIONED
OD01-AC-S086,Part C,19,"Unclassified shape (id 36, other shape)",DECORATIVE / REDUNDANT,marked decorative,,decorative flag (OD-G03),APPROVED (group decision),yes,"Mashal (Accessibility Content Owner, OD-G10); disposition stated in session",DISPOSITIONED
OD01-AC-S087,Part C,19,"Unclassified shape (id 38, other shape)",DECORATIVE / REDUNDANT,marked decorative,,decorative flag (OD-G03),APPROVED (group decision),yes,"Mashal (Accessibility Content Owner, OD-G10); disposition stated in session",DISPOSITIONED
OD01-AC-S088,Part D,1,"Unclassified shape (id 5, other shape)",DECORATIVE / REDUNDANT,marked decorative,,decorative flag (OD-G03),APPROVED (group decision),yes,"Mashal (Accessibility Content Owner, OD-G10); disposition stated in session",DISPOSITIONED
OD01-AC-S089,Part D,1,"Unclassified shape (id 6, other shape)",DECORATIVE / REDUNDANT,marked decorative,,decorative flag (OD-G03),APPROVED (group decision),yes,"Mashal (Accessibility Content Owner, OD-G10); disposition stated in session",DISPOSITIONED
OD01-AC-G01,Part D,"1, 2, 5, 6, 12, 24",6 logo pictures with generic alt text,INFORMATIVE — ALT TEXT REPLACED,n/a,GEM logo,alt text (replaces 'Supplied GEM raster artwork. PENDING PRODUCTION MASTER.'),APPROVED AS PROPOSED,yes,"Mashal (Accessibility Content Owner, OD-G10); disposition stated in session",DISPOSITIONED
OD01-AC-C01,Part A,33,Beige on White run (2.2:1),PALETTE SPECIMEN (OD-G05),n/a,,owner-confirmed specimen; no change; contrast finding stays recorded as a documented exception,CONFIRMED SPECIMEN,no,"Mashal (Accessibility Content Owner, OD-G10); disposition stated in session",DISPOSITIONED
HR01-AC-X01,Part D,16,materials picture with generic 'AI-generated ... concept' alt text,INFORMATIVE — ALT TEXT REPLACED,n/a,"Concept image: stacked cream, black and tan card stocks with a blind-embossed ring on the cream sheet.",alt text,APPROVED AS PROPOSED,yes,"Mashal (Accessibility Content Owner, OD-G10); disposition stated in session",DISPOSITIONED
HR01-AC-X02,Part D,17,materials picture with generic 'AI-generated ... concept' alt text,INFORMATIVE — ALT TEXT REPLACED,n/a,Concept image: corner of a pale box with a debossed double ring on its lid.,alt text,APPROVED AS PROPOSED,yes,"Mashal (Accessibility Content Owner, OD-G10); disposition stated in session",DISPOSITIONED
