Sample ID,Selection rule,Rule text,Document,Slide,Intended order,Observed order matches?,Observer,Note,Status
RO-01,R1,All 7 slides carrying Arabic content (AX01 register: Arabic MANUAL TEST),Part A,37,"Title first, then top-to-bottom / left-to-right; Arabic-first pairs for bilingual",PASS,Mashal,Followed the intended semantic reading order (reviewer observed).,PASS
RO-02,R1,All 7 slides carrying Arabic content (AX01 register: Arabic MANUAL TEST),Part A,38,"Title first, then top-to-bottom / left-to-right; Arabic-first pairs for bilingual",PASS,Mashal,Followed the intended semantic reading order (reviewer observed).,PASS
RO-03,R1,All 7 slides carrying Arabic content (AX01 register: Arabic MANUAL TEST),Part A,39,"Title first, then top-to-bottom / left-to-right; Arabic-first pairs for bilingual",PASS,Mashal,Followed the intended semantic reading order (reviewer observed).,PASS
RO-04,R1,All 7 slides carrying Arabic content (AX01 register: Arabic MANUAL TEST),Part A,65,"Title first, then top-to-bottom / left-to-right; Arabic-first pairs for bilingual",PASS,Mashal,Followed the intended semantic reading order (reviewer observed).,PASS
RO-05,R1,All 7 slides carrying Arabic content (AX01 register: Arabic MANUAL TEST),Part A,66,"Title first, then top-to-bottom / left-to-right; Arabic-first pairs for bilingual",PASS,Mashal,Followed the intended semantic reading order (reviewer observed).,PASS
RO-06,R1,All 7 slides carrying Arabic content (AX01 register: Arabic MANUAL TEST),Part A,68,"Title first, then top-to-bottom / left-to-right; Arabic-first pairs for bilingual",PASS,Mashal,Followed the intended semantic reading order (reviewer observed).,PASS
RO-07,R1,All 7 slides carrying Arabic content (AX01 register: Arabic MANUAL TEST),Part B,9,"Title first, then top-to-bottom / left-to-right; Arabic-first pairs for bilingual",PASS,Mashal,Followed the intended semantic reading order (reviewer observed).,PASS
RO-08,R2,"Highest z-order/visual-order inversion count among the checker-flagged slides of each deck (A 72 = 42, B 3 = 20, C 73 = 125, D 21 = 100; AX01 register)",Part A,72,"Title first, then top-to-bottom / left-to-right; Arabic-first pairs for bilingual",PASS,Mashal,Followed the intended semantic reading order (reviewer observed).,PASS
RO-09,R2,"Highest z-order/visual-order inversion count among the checker-flagged slides of each deck (A 72 = 42, B 3 = 20, C 73 = 125, D 21 = 100; AX01 register)",Part B,3,"Title first, then top-to-bottom / left-to-right; Arabic-first pairs for bilingual",PASS,Mashal,Followed the intended semantic reading order (reviewer observed).,PASS
RO-10,R2,"Highest z-order/visual-order inversion count among the checker-flagged slides of each deck (A 72 = 42, B 3 = 20, C 73 = 125, D 21 = 100; AX01 register)",Part C,73,"Title first, then top-to-bottom / left-to-right; Arabic-first pairs for bilingual",PASS,Mashal,Followed the intended semantic reading order (reviewer observed).,PASS
RO-11,R2,"Highest z-order/visual-order inversion count among the checker-flagged slides of each deck (A 72 = 42, B 3 = 20, C 73 = 125, D 21 = 100; AX01 register)",Part D,21,"Title first, then top-to-bottom / left-to-right; Arabic-first pairs for bilingual",PASS,Mashal,Followed the intended semantic reading order (reviewer observed).,PASS
RO-12,R3,The two covers whose title mapping AX01 held (now an off-slide title); confirms the title is read first and nothing else moved,Part A,1,"Title first, then top-to-bottom / left-to-right; Arabic-first pairs for bilingual",PASS,Mashal,Followed the intended semantic reading order (reviewer observed).,PASS
RO-13,R3,The two covers whose title mapping AX01 held (now an off-slide title); confirms the title is read first and nothing else moved,Part C,1,"Title first, then top-to-bottom / left-to-right; Arabic-first pairs for bilingual",PASS,Mashal,Followed the intended semantic reading order (reviewer observed).,PASS
