Source path (unchanged),Source filename (unchanged),SHA-256 of source,Format,Shape,Colour,Qualifier (kit token),STREAM,ASSET,VARIANT,Controlled name — exact X12 pattern,"Controlled name if ASSET carried the noun ""Logo"" (readability test only)",Assumptions applied,Selection status
GEM_Brand_Assets_v1.0/04_official_kit/logo/horizontal/clearspace/gem-horizontal-beige-clearspace-2u-1024.png,gem-horizontal-beige-clearspace-2u-1024.png,72c72c5a2f5a4394523734fadff38cc9731403f049e5584e040d5c60fa4e84ec,PNG,Horizontal,Beige,2u clearspace 1024 px,Logo,Horizontal,BeigeClearspace2u1024,GEM_Logo_Horizontal_BeigeClearspace2u1024_vX.Y_YYYYMMDD.png,GEM_Logo_LogoHorizontal_BeigeClearspace2u1024_vX.Y_YYYYMMDD.png,A1 A2 A3 A4,NOT SELECTED — historical comparison evidence only; not a valid controlled mapping
GEM_Brand_Assets_v1.0/04_official_kit/logo/horizontal/clearspace/gem-horizontal-beige-clearspace-2u.svg,gem-horizontal-beige-clearspace-2u.svg,593624587b2debfe2acb4228a6884faa0db1503d58993814b24ee536face38ec,SVG,Horizontal,Beige,2u clearspace,Logo,Horizontal,BeigeClearspace2u,GEM_Logo_Horizontal_BeigeClearspace2u_vX.Y_YYYYMMDD.svg,GEM_Logo_LogoHorizontal_BeigeClearspace2u_vX.Y_YYYYMMDD.svg,A1 A2 A3 A4,NOT SELECTED — historical comparison evidence only; not a valid controlled mapping
GEM_Brand_Assets_v1.0/04_official_kit/logo/horizontal/clearspace/gem-horizontal-black-clearspace-2u-1024.png,gem-horizontal-black-clearspace-2u-1024.png,c7bd26f179bb0a1923cf40750f13e894d620915aff782ed898a73ef7bab02bc9,PNG,Horizontal,Black,2u clearspace 1024 px,Logo,Horizontal,BlackClearspace2u1024,GEM_Logo_Horizontal_BlackClearspace2u1024_vX.Y_YYYYMMDD.png,GEM_Logo_LogoHorizontal_BlackClearspace2u1024_vX.Y_YYYYMMDD.png,A1 A2 A3 A4,NOT SELECTED — historical comparison evidence only; not a valid controlled mapping
GEM_Brand_Assets_v1.0/04_official_kit/logo/horizontal/clearspace/gem-horizontal-black-clearspace-2u.svg,gem-horizontal-black-clearspace-2u.svg,7bc540e5736b588bd9404a217e47f8d314919a5c275437f8605fe1109a42f78c,SVG,Horizontal,Black,2u clearspace,Logo,Horizontal,BlackClearspace2u,GEM_Logo_Horizontal_BlackClearspace2u_vX.Y_YYYYMMDD.svg,GEM_Logo_LogoHorizontal_BlackClearspace2u_vX.Y_YYYYMMDD.svg,A1 A2 A3 A4,NOT SELECTED — historical comparison evidence only; not a valid controlled mapping
GEM_Brand_Assets_v1.0/04_official_kit/logo/horizontal/clearspace/gem-horizontal-ink-clearspace-2u-1024.png,gem-horizontal-ink-clearspace-2u-1024.png,260333eb2b80c2e6a5dcff6b00bdfe7f665bbde7bd366765be40ce4c29cbc018,PNG,Horizontal,Ink,2u clearspace 1024 px,Logo,Horizontal,InkClearspace2u1024,GEM_Logo_Horizontal_InkClearspace2u1024_vX.Y_YYYYMMDD.png,GEM_Logo_LogoHorizontal_InkClearspace2u1024_vX.Y_YYYYMMDD.png,A1 A2 A3 A4,NOT SELECTED — historical comparison evidence only; not a valid controlled mapping
GEM_Brand_Assets_v1.0/04_official_kit/logo/horizontal/clearspace/gem-horizontal-ink-clearspace-2u.svg,gem-horizontal-ink-clearspace-2u.svg,a1365a6447273a373b039b9316e1768f47521eb6bc463c46e625ed9a6135bbf7,SVG,Horizontal,Ink,2u clearspace,Logo,Horizontal,InkClearspace2u,GEM_Logo_Horizontal_InkClearspace2u_vX.Y_YYYYMMDD.svg,GEM_Logo_LogoHorizontal_InkClearspace2u_vX.Y_YYYYMMDD.svg,A1 A2 A3 A4,NOT SELECTED — historical comparison evidence only; not a valid controlled mapping
GEM_Brand_Assets_v1.0/04_official_kit/logo/horizontal/clearspace/gem-horizontal-white-clearspace-2u-1024.png,gem-horizontal-white-clearspace-2u-1024.png,4d71cdfc604c1cee57321ea4b73fb6d1a17e8ea1cf363a926bdf179b2ec7f5d7,PNG,Horizontal,White,2u clearspace 1024 px,Logo,Horizontal,WhiteClearspace2u1024,GEM_Logo_Horizontal_WhiteClearspace2u1024_vX.Y_YYYYMMDD.png,GEM_Logo_LogoHorizontal_WhiteClearspace2u1024_vX.Y_YYYYMMDD.png,A1 A2 A3 A4,NOT SELECTED — historical comparison evidence only; not a valid controlled mapping
GEM_Brand_Assets_v1.0/04_official_kit/logo/horizontal/clearspace/gem-horizontal-white-clearspace-2u.svg,gem-horizontal-white-clearspace-2u.svg,3ebd596ad7807242cb5a4516d9ce8666883bc380b6c59be20d2459b5bb5c943c,SVG,Horizontal,White,2u clearspace,Logo,Horizontal,WhiteClearspace2u,GEM_Logo_Horizontal_WhiteClearspace2u_vX.Y_YYYYMMDD.svg,GEM_Logo_LogoHorizontal_WhiteClearspace2u_vX.Y_YYYYMMDD.svg,A1 A2 A3 A4,NOT SELECTED — historical comparison evidence only; not a valid controlled mapping
GEM_Brand_Assets_v1.0/04_official_kit/logo/horizontal/eps/gem-horizontal-beige.eps,gem-horizontal-beige.eps,99a513305a1ce3430d672ae07128250795c7b5807b3ded3e57b60e34bf5ec0f8,EPS,Horizontal,Beige,,Logo,Horizontal,Beige,GEM_Logo_Horizontal_Beige_vX.Y_YYYYMMDD.eps,GEM_Logo_LogoHorizontal_Beige_vX.Y_YYYYMMDD.eps,A1 A2 A3 A4,NOT SELECTED — historical comparison evidence only; not a valid controlled mapping
GEM_Brand_Assets_v1.0/04_official_kit/logo/horizontal/eps/gem-horizontal-black.eps,gem-horizontal-black.eps,1e5bac8e690c02e3d4422e4fd17a6c25dab8c9e9c80977b7bb71374ddc5a3bfa,EPS,Horizontal,Black,,Logo,Horizontal,Black,GEM_Logo_Horizontal_Black_vX.Y_YYYYMMDD.eps,GEM_Logo_LogoHorizontal_Black_vX.Y_YYYYMMDD.eps,A1 A2 A3 A4,NOT SELECTED — historical comparison evidence only; not a valid controlled mapping
GEM_Brand_Assets_v1.0/04_official_kit/logo/horizontal/eps/gem-horizontal-ink.eps,gem-horizontal-ink.eps,385142630bbd659ad63044d117882cade6ae74576d0cf8af828167f20714d7dc,EPS,Horizontal,Ink,,Logo,Horizontal,Ink,GEM_Logo_Horizontal_Ink_vX.Y_YYYYMMDD.eps,GEM_Logo_LogoHorizontal_Ink_vX.Y_YYYYMMDD.eps,A1 A2 A3 A4,NOT SELECTED — historical comparison evidence only; not a valid controlled mapping
GEM_Brand_Assets_v1.0/04_official_kit/logo/horizontal/eps/gem-horizontal-white.eps,gem-horizontal-white.eps,d0d15025df6f49e4b346f77e52c963becc2246e31453a0f2c9c27f02df83cbd0,EPS,Horizontal,White,,Logo,Horizontal,White,GEM_Logo_Horizontal_White_vX.Y_YYYYMMDD.eps,GEM_Logo_LogoHorizontal_White_vX.Y_YYYYMMDD.eps,A1 A2 A3 A4,NOT SELECTED — historical comparison evidence only; not a valid controlled mapping
GEM_Brand_Assets_v1.0/04_official_kit/logo/horizontal/pdf/gem-horizontal-beige.pdf,gem-horizontal-beige.pdf,bb5947dd49622fcca297afc407e308d9388e453b43216ce19b9f2a72438a24c3,PDF,Horizontal,Beige,,Logo,Horizontal,Beige,GEM_Logo_Horizontal_Beige_vX.Y_YYYYMMDD.pdf,GEM_Logo_LogoHorizontal_Beige_vX.Y_YYYYMMDD.pdf,A1 A2 A3 A4,NOT SELECTED — historical comparison evidence only; not a valid controlled mapping
GEM_Brand_Assets_v1.0/04_official_kit/logo/horizontal/pdf/gem-horizontal-black.pdf,gem-horizontal-black.pdf,d5e24690eb97894e7b4bf3a42a6bee7130c144318c7133a64dac52c8ab579d7c,PDF,Horizontal,Black,,Logo,Horizontal,Black,GEM_Logo_Horizontal_Black_vX.Y_YYYYMMDD.pdf,GEM_Logo_LogoHorizontal_Black_vX.Y_YYYYMMDD.pdf,A1 A2 A3 A4,NOT SELECTED — historical comparison evidence only; not a valid controlled mapping
GEM_Brand_Assets_v1.0/04_official_kit/logo/horizontal/pdf/gem-horizontal-ink.pdf,gem-horizontal-ink.pdf,c3dee3ed8821dad31a47fdc7a203e2c7d60dbfd8872de2bdcee550c4bf814015,PDF,Horizontal,Ink,,Logo,Horizontal,Ink,GEM_Logo_Horizontal_Ink_vX.Y_YYYYMMDD.pdf,GEM_Logo_LogoHorizontal_Ink_vX.Y_YYYYMMDD.pdf,A1 A2 A3 A4,NOT SELECTED — historical comparison evidence only; not a valid controlled mapping
GEM_Brand_Assets_v1.0/04_official_kit/logo/horizontal/pdf/gem-horizontal-white.pdf,gem-horizontal-white.pdf,7101f5c7b91c88c7075d7c0c4363840ad2c6a5ecd19c2a3ddeff264799f7f432,PDF,Horizontal,White,,Logo,Horizontal,White,GEM_Logo_Horizontal_White_vX.Y_YYYYMMDD.pdf,GEM_Logo_LogoHorizontal_White_vX.Y_YYYYMMDD.pdf,A1 A2 A3 A4,NOT SELECTED — historical comparison evidence only; not a valid controlled mapping
GEM_Brand_Assets_v1.0/04_official_kit/logo/horizontal/png/gem-horizontal-beige-1024.png,gem-horizontal-beige-1024.png,4240eaeba25191c32aa99385d01390784d6aa373eb7f5a461fbce4b95b28dd9f,PNG,Horizontal,Beige,1024 px,Logo,Horizontal,Beige1024,GEM_Logo_Horizontal_Beige1024_vX.Y_YYYYMMDD.png,GEM_Logo_LogoHorizontal_Beige1024_vX.Y_YYYYMMDD.png,A1 A2 A3 A4,NOT SELECTED — historical comparison evidence only; not a valid controlled mapping
GEM_Brand_Assets_v1.0/04_official_kit/logo/horizontal/png/gem-horizontal-beige-2048.png,gem-horizontal-beige-2048.png,444eddf7c7088add47c838412ec4c80d9c6a81276448470bb1c4cf2616209f1d,PNG,Horizontal,Beige,2048 px,Logo,Horizontal,Beige2048,GEM_Logo_Horizontal_Beige2048_vX.Y_YYYYMMDD.png,GEM_Logo_LogoHorizontal_Beige2048_vX.Y_YYYYMMDD.png,A1 A2 A3 A4,NOT SELECTED — historical comparison evidence only; not a valid controlled mapping
GEM_Brand_Assets_v1.0/04_official_kit/logo/horizontal/png/gem-horizontal-beige-512.png,gem-horizontal-beige-512.png,2b9e12acf985f7bfc2bafd0f6a772456506429c089be4b72e4f32501384ed772,PNG,Horizontal,Beige,512 px,Logo,Horizontal,Beige512,GEM_Logo_Horizontal_Beige512_vX.Y_YYYYMMDD.png,GEM_Logo_LogoHorizontal_Beige512_vX.Y_YYYYMMDD.png,A1 A2 A3 A4,NOT SELECTED — historical comparison evidence only; not a valid controlled mapping
GEM_Brand_Assets_v1.0/04_official_kit/logo/horizontal/png/gem-horizontal-black-1024.png,gem-horizontal-black-1024.png,2321e38cc279c5942010412ce30ac31f8c5ca3d4ec589c0dbd7d7d9d78fd14f8,PNG,Horizontal,Black,1024 px,Logo,Horizontal,Black1024,GEM_Logo_Horizontal_Black1024_vX.Y_YYYYMMDD.png,GEM_Logo_LogoHorizontal_Black1024_vX.Y_YYYYMMDD.png,A1 A2 A3 A4,NOT SELECTED — historical comparison evidence only; not a valid controlled mapping
GEM_Brand_Assets_v1.0/04_official_kit/logo/horizontal/png/gem-horizontal-black-2048.png,gem-horizontal-black-2048.png,2c49e1c6bb4b9c6165881bc4d3154fb2ab9207dc0eef4e284caed119ee9928d8,PNG,Horizontal,Black,2048 px,Logo,Horizontal,Black2048,GEM_Logo_Horizontal_Black2048_vX.Y_YYYYMMDD.png,GEM_Logo_LogoHorizontal_Black2048_vX.Y_YYYYMMDD.png,A1 A2 A3 A4,NOT SELECTED — historical comparison evidence only; not a valid controlled mapping
GEM_Brand_Assets_v1.0/04_official_kit/logo/horizontal/png/gem-horizontal-black-512.png,gem-horizontal-black-512.png,eee946c9766cf8ccf4fc966ea5c3a470fe071670d38711cbfbfee8ba8a3b30a8,PNG,Horizontal,Black,512 px,Logo,Horizontal,Black512,GEM_Logo_Horizontal_Black512_vX.Y_YYYYMMDD.png,GEM_Logo_LogoHorizontal_Black512_vX.Y_YYYYMMDD.png,A1 A2 A3 A4,NOT SELECTED — historical comparison evidence only; not a valid controlled mapping
GEM_Brand_Assets_v1.0/04_official_kit/logo/horizontal/png/gem-horizontal-ink-1024.png,gem-horizontal-ink-1024.png,5d8688e06a26dc8c6762cc76ae49da5f3695a8feb20195662e05a5b9e38f8326,PNG,Horizontal,Ink,1024 px,Logo,Horizontal,Ink1024,GEM_Logo_Horizontal_Ink1024_vX.Y_YYYYMMDD.png,GEM_Logo_LogoHorizontal_Ink1024_vX.Y_YYYYMMDD.png,A1 A2 A3 A4,NOT SELECTED — historical comparison evidence only; not a valid controlled mapping
GEM_Brand_Assets_v1.0/04_official_kit/logo/horizontal/png/gem-horizontal-ink-2048.png,gem-horizontal-ink-2048.png,ce953ebf3df882323fb513228f68853f49ad0f8fe2641866b156665d02551850,PNG,Horizontal,Ink,2048 px,Logo,Horizontal,Ink2048,GEM_Logo_Horizontal_Ink2048_vX.Y_YYYYMMDD.png,GEM_Logo_LogoHorizontal_Ink2048_vX.Y_YYYYMMDD.png,A1 A2 A3 A4,NOT SELECTED — historical comparison evidence only; not a valid controlled mapping
GEM_Brand_Assets_v1.0/04_official_kit/logo/horizontal/png/gem-horizontal-ink-512.png,gem-horizontal-ink-512.png,bda39014b3661e5942bd7d12de6af9dfda2c2357b0c1dd058fd02bd3ae9d4836,PNG,Horizontal,Ink,512 px,Logo,Horizontal,Ink512,GEM_Logo_Horizontal_Ink512_vX.Y_YYYYMMDD.png,GEM_Logo_LogoHorizontal_Ink512_vX.Y_YYYYMMDD.png,A1 A2 A3 A4,NOT SELECTED — historical comparison evidence only; not a valid controlled mapping
GEM_Brand_Assets_v1.0/04_official_kit/logo/horizontal/png/gem-horizontal-white-1024.png,gem-horizontal-white-1024.png,b60c7ff8acc82ee4f500054aad1b4dc5103c31cc48a3b1ff370d46a5ada2a49c,PNG,Horizontal,White,1024 px,Logo,Horizontal,White1024,GEM_Logo_Horizontal_White1024_vX.Y_YYYYMMDD.png,GEM_Logo_LogoHorizontal_White1024_vX.Y_YYYYMMDD.png,A1 A2 A3 A4,NOT SELECTED — historical comparison evidence only; not a valid controlled mapping
GEM_Brand_Assets_v1.0/04_official_kit/logo/horizontal/png/gem-horizontal-white-2048.png,gem-horizontal-white-2048.png,9bd6dddf554377e48103e35fe8fc509db7bd3fceb76abbb342652a0e2b4c7534,PNG,Horizontal,White,2048 px,Logo,Horizontal,White2048,GEM_Logo_Horizontal_White2048_vX.Y_YYYYMMDD.png,GEM_Logo_LogoHorizontal_White2048_vX.Y_YYYYMMDD.png,A1 A2 A3 A4,NOT SELECTED — historical comparison evidence only; not a valid controlled mapping
GEM_Brand_Assets_v1.0/04_official_kit/logo/horizontal/png/gem-horizontal-white-512.png,gem-horizontal-white-512.png,9ee0f33d113f3e478759f6163794d01ada736a4a3d2b375f599be4c840a90733,PNG,Horizontal,White,512 px,Logo,Horizontal,White512,GEM_Logo_Horizontal_White512_vX.Y_YYYYMMDD.png,GEM_Logo_LogoHorizontal_White512_vX.Y_YYYYMMDD.png,A1 A2 A3 A4,NOT SELECTED — historical comparison evidence only; not a valid controlled mapping
GEM_Brand_Assets_v1.0/04_official_kit/logo/horizontal/svg/gem-horizontal-beige.svg,gem-horizontal-beige.svg,d607e00493da22fe35b25078a2671d5e02045161b4587fe156483f4e40ccb385,SVG,Horizontal,Beige,,Logo,Horizontal,Beige,GEM_Logo_Horizontal_Beige_vX.Y_YYYYMMDD.svg,GEM_Logo_LogoHorizontal_Beige_vX.Y_YYYYMMDD.svg,A1 A2 A3 A4,NOT SELECTED — historical comparison evidence only; not a valid controlled mapping
GEM_Brand_Assets_v1.0/04_official_kit/logo/horizontal/svg/gem-horizontal-black.svg,gem-horizontal-black.svg,38d89d97ab642b43f273f3dbf9df9e2084933c288ae75aca4e2abb4f11001805,SVG,Horizontal,Black,,Logo,Horizontal,Black,GEM_Logo_Horizontal_Black_vX.Y_YYYYMMDD.svg,GEM_Logo_LogoHorizontal_Black_vX.Y_YYYYMMDD.svg,A1 A2 A3 A4,NOT SELECTED — historical comparison evidence only; not a valid controlled mapping
GEM_Brand_Assets_v1.0/04_official_kit/logo/horizontal/svg/gem-horizontal-ink.svg,gem-horizontal-ink.svg,6abbd491846178d0fd81561686845fb3c4c07de8f5333450cd27aea7a441bebd,SVG,Horizontal,Ink,,Logo,Horizontal,Ink,GEM_Logo_Horizontal_Ink_vX.Y_YYYYMMDD.svg,GEM_Logo_LogoHorizontal_Ink_vX.Y_YYYYMMDD.svg,A1 A2 A3 A4,NOT SELECTED — historical comparison evidence only; not a valid controlled mapping
GEM_Brand_Assets_v1.0/04_official_kit/logo/horizontal/svg/gem-horizontal-white.svg,gem-horizontal-white.svg,3d2a9718291d566b23ad02c498e015e848b90a6e92dccbacfb2c2a1708fcce18,SVG,Horizontal,White,,Logo,Horizontal,White,GEM_Logo_Horizontal_White_vX.Y_YYYYMMDD.svg,GEM_Logo_LogoHorizontal_White_vX.Y_YYYYMMDD.svg,A1 A2 A3 A4,NOT SELECTED — historical comparison evidence only; not a valid controlled mapping
GEM_Brand_Assets_v1.0/04_official_kit/logo/stacked/clearspace/gem-stacked-beige-clearspace-2u-1024.png,gem-stacked-beige-clearspace-2u-1024.png,65fd5f1a946d84470164724cbb7f4a1e6da2c2a61f01dd15d89ec8f4cff162e8,PNG,Stacked,Beige,2u clearspace 1024 px,Logo,Stacked,BeigeClearspace2u1024,GEM_Logo_Stacked_BeigeClearspace2u1024_vX.Y_YYYYMMDD.png,GEM_Logo_LogoStacked_BeigeClearspace2u1024_vX.Y_YYYYMMDD.png,A1 A2 A3 A4,NOT SELECTED — historical comparison evidence only; not a valid controlled mapping
GEM_Brand_Assets_v1.0/04_official_kit/logo/stacked/clearspace/gem-stacked-beige-clearspace-2u.svg,gem-stacked-beige-clearspace-2u.svg,a6195794b0068462cd516e4a700f27258376e11713526a166f8afe94e206a9ca,SVG,Stacked,Beige,2u clearspace,Logo,Stacked,BeigeClearspace2u,GEM_Logo_Stacked_BeigeClearspace2u_vX.Y_YYYYMMDD.svg,GEM_Logo_LogoStacked_BeigeClearspace2u_vX.Y_YYYYMMDD.svg,A1 A2 A3 A4,NOT SELECTED — historical comparison evidence only; not a valid controlled mapping
GEM_Brand_Assets_v1.0/04_official_kit/logo/stacked/clearspace/gem-stacked-black-clearspace-2u-1024.png,gem-stacked-black-clearspace-2u-1024.png,6d77d95d729dd1b2debc73e82138c2b52dbe18ab85321d962b0fe82a215dfa05,PNG,Stacked,Black,2u clearspace 1024 px,Logo,Stacked,BlackClearspace2u1024,GEM_Logo_Stacked_BlackClearspace2u1024_vX.Y_YYYYMMDD.png,GEM_Logo_LogoStacked_BlackClearspace2u1024_vX.Y_YYYYMMDD.png,A1 A2 A3 A4,NOT SELECTED — historical comparison evidence only; not a valid controlled mapping
GEM_Brand_Assets_v1.0/04_official_kit/logo/stacked/clearspace/gem-stacked-black-clearspace-2u.svg,gem-stacked-black-clearspace-2u.svg,3891e97aa02af3733b5ba2cd0f30e5b0d3b43a899549c1550afa40e3a83ca2be,SVG,Stacked,Black,2u clearspace,Logo,Stacked,BlackClearspace2u,GEM_Logo_Stacked_BlackClearspace2u_vX.Y_YYYYMMDD.svg,GEM_Logo_LogoStacked_BlackClearspace2u_vX.Y_YYYYMMDD.svg,A1 A2 A3 A4,NOT SELECTED — historical comparison evidence only; not a valid controlled mapping
GEM_Brand_Assets_v1.0/04_official_kit/logo/stacked/clearspace/gem-stacked-ink-clearspace-2u-1024.png,gem-stacked-ink-clearspace-2u-1024.png,12bee40bb6be076e8d70b2b779016167b32961b8b517f55a443fcdcb397f17bb,PNG,Stacked,Ink,2u clearspace 1024 px,Logo,Stacked,InkClearspace2u1024,GEM_Logo_Stacked_InkClearspace2u1024_vX.Y_YYYYMMDD.png,GEM_Logo_LogoStacked_InkClearspace2u1024_vX.Y_YYYYMMDD.png,A1 A2 A3 A4,NOT SELECTED — historical comparison evidence only; not a valid controlled mapping
GEM_Brand_Assets_v1.0/04_official_kit/logo/stacked/clearspace/gem-stacked-ink-clearspace-2u.svg,gem-stacked-ink-clearspace-2u.svg,1d530f75ac375871d0a1692a6025b6ef814afd375bf774c7f809bae37e008de4,SVG,Stacked,Ink,2u clearspace,Logo,Stacked,InkClearspace2u,GEM_Logo_Stacked_InkClearspace2u_vX.Y_YYYYMMDD.svg,GEM_Logo_LogoStacked_InkClearspace2u_vX.Y_YYYYMMDD.svg,A1 A2 A3 A4,NOT SELECTED — historical comparison evidence only; not a valid controlled mapping
GEM_Brand_Assets_v1.0/04_official_kit/logo/stacked/clearspace/gem-stacked-white-clearspace-2u-1024.png,gem-stacked-white-clearspace-2u-1024.png,0fb6d3cb03ad3af828857ac05f5139b35166029872b4ed720c77eb60cb04b78c,PNG,Stacked,White,2u clearspace 1024 px,Logo,Stacked,WhiteClearspace2u1024,GEM_Logo_Stacked_WhiteClearspace2u1024_vX.Y_YYYYMMDD.png,GEM_Logo_LogoStacked_WhiteClearspace2u1024_vX.Y_YYYYMMDD.png,A1 A2 A3 A4,NOT SELECTED — historical comparison evidence only; not a valid controlled mapping
GEM_Brand_Assets_v1.0/04_official_kit/logo/stacked/clearspace/gem-stacked-white-clearspace-2u.svg,gem-stacked-white-clearspace-2u.svg,207ab66a832bb5d4493c4e281ed18b0b85cec416bd9711cb31f111a99f04afc5,SVG,Stacked,White,2u clearspace,Logo,Stacked,WhiteClearspace2u,GEM_Logo_Stacked_WhiteClearspace2u_vX.Y_YYYYMMDD.svg,GEM_Logo_LogoStacked_WhiteClearspace2u_vX.Y_YYYYMMDD.svg,A1 A2 A3 A4,NOT SELECTED — historical comparison evidence only; not a valid controlled mapping
GEM_Brand_Assets_v1.0/04_official_kit/logo/stacked/eps/gem-stacked-beige.eps,gem-stacked-beige.eps,cd4667a23bc4fa8b98cd418d8f82202451b1105e4386f900cc1674280684e614,EPS,Stacked,Beige,,Logo,Stacked,Beige,GEM_Logo_Stacked_Beige_vX.Y_YYYYMMDD.eps,GEM_Logo_LogoStacked_Beige_vX.Y_YYYYMMDD.eps,A1 A2 A3 A4,NOT SELECTED — historical comparison evidence only; not a valid controlled mapping
GEM_Brand_Assets_v1.0/04_official_kit/logo/stacked/eps/gem-stacked-black.eps,gem-stacked-black.eps,15000786f6645a548d2bd09a66424bc1c72af3e0f2bfedf9f192944e63e95449,EPS,Stacked,Black,,Logo,Stacked,Black,GEM_Logo_Stacked_Black_vX.Y_YYYYMMDD.eps,GEM_Logo_LogoStacked_Black_vX.Y_YYYYMMDD.eps,A1 A2 A3 A4,NOT SELECTED — historical comparison evidence only; not a valid controlled mapping
GEM_Brand_Assets_v1.0/04_official_kit/logo/stacked/eps/gem-stacked-ink.eps,gem-stacked-ink.eps,d47e5614ad4cadc5f6d2f5eabfb486c4e7d10a4f99e1faf4bf5e9c71df56d3e3,EPS,Stacked,Ink,,Logo,Stacked,Ink,GEM_Logo_Stacked_Ink_vX.Y_YYYYMMDD.eps,GEM_Logo_LogoStacked_Ink_vX.Y_YYYYMMDD.eps,A1 A2 A3 A4,NOT SELECTED — historical comparison evidence only; not a valid controlled mapping
GEM_Brand_Assets_v1.0/04_official_kit/logo/stacked/eps/gem-stacked-white.eps,gem-stacked-white.eps,6c8dc70e74efc4dca2a5392e81d7f99f401944f48fcbf34b80c9c47289b49935,EPS,Stacked,White,,Logo,Stacked,White,GEM_Logo_Stacked_White_vX.Y_YYYYMMDD.eps,GEM_Logo_LogoStacked_White_vX.Y_YYYYMMDD.eps,A1 A2 A3 A4,NOT SELECTED — historical comparison evidence only; not a valid controlled mapping
GEM_Brand_Assets_v1.0/04_official_kit/logo/stacked/pdf/gem-stacked-beige.pdf,gem-stacked-beige.pdf,c18435ac4d39a8a2a015d589e4597cdde4d859a8d5486e1c024cc6e9381274ba,PDF,Stacked,Beige,,Logo,Stacked,Beige,GEM_Logo_Stacked_Beige_vX.Y_YYYYMMDD.pdf,GEM_Logo_LogoStacked_Beige_vX.Y_YYYYMMDD.pdf,A1 A2 A3 A4,NOT SELECTED — historical comparison evidence only; not a valid controlled mapping
GEM_Brand_Assets_v1.0/04_official_kit/logo/stacked/pdf/gem-stacked-black.pdf,gem-stacked-black.pdf,100eefe28cdea15b89981deb0186517cb7e2bfc4cc37640c3bc7cc019f78c105,PDF,Stacked,Black,,Logo,Stacked,Black,GEM_Logo_Stacked_Black_vX.Y_YYYYMMDD.pdf,GEM_Logo_LogoStacked_Black_vX.Y_YYYYMMDD.pdf,A1 A2 A3 A4,NOT SELECTED — historical comparison evidence only; not a valid controlled mapping
GEM_Brand_Assets_v1.0/04_official_kit/logo/stacked/pdf/gem-stacked-ink.pdf,gem-stacked-ink.pdf,d06e036a7d9604cc6e241f73675d403edb07b741700a0f9fa384f55e95a7a367,PDF,Stacked,Ink,,Logo,Stacked,Ink,GEM_Logo_Stacked_Ink_vX.Y_YYYYMMDD.pdf,GEM_Logo_LogoStacked_Ink_vX.Y_YYYYMMDD.pdf,A1 A2 A3 A4,NOT SELECTED — historical comparison evidence only; not a valid controlled mapping
GEM_Brand_Assets_v1.0/04_official_kit/logo/stacked/pdf/gem-stacked-white.pdf,gem-stacked-white.pdf,47db616e01fa9029d3740b01d23f50171d305d340291cf194419e66f6a5ace88,PDF,Stacked,White,,Logo,Stacked,White,GEM_Logo_Stacked_White_vX.Y_YYYYMMDD.pdf,GEM_Logo_LogoStacked_White_vX.Y_YYYYMMDD.pdf,A1 A2 A3 A4,NOT SELECTED — historical comparison evidence only; not a valid controlled mapping
GEM_Brand_Assets_v1.0/04_official_kit/logo/stacked/png/gem-stacked-beige-1024.png,gem-stacked-beige-1024.png,29d645d31a46abe1a80236da0b557ea2d981af0afc2b984906c8eab84ccfd76f,PNG,Stacked,Beige,1024 px,Logo,Stacked,Beige1024,GEM_Logo_Stacked_Beige1024_vX.Y_YYYYMMDD.png,GEM_Logo_LogoStacked_Beige1024_vX.Y_YYYYMMDD.png,A1 A2 A3 A4,NOT SELECTED — historical comparison evidence only; not a valid controlled mapping
GEM_Brand_Assets_v1.0/04_official_kit/logo/stacked/png/gem-stacked-beige-2048.png,gem-stacked-beige-2048.png,97de0bf22cd608b01d86c1668a5885092ee9e8342fc6b05d5fecdaefe42a2e25,PNG,Stacked,Beige,2048 px,Logo,Stacked,Beige2048,GEM_Logo_Stacked_Beige2048_vX.Y_YYYYMMDD.png,GEM_Logo_LogoStacked_Beige2048_vX.Y_YYYYMMDD.png,A1 A2 A3 A4,NOT SELECTED — historical comparison evidence only; not a valid controlled mapping
GEM_Brand_Assets_v1.0/04_official_kit/logo/stacked/png/gem-stacked-beige-512.png,gem-stacked-beige-512.png,e15f40df22f9e83d44a42ea638d494d12787f87d3860582413b77fd2ee872277,PNG,Stacked,Beige,512 px,Logo,Stacked,Beige512,GEM_Logo_Stacked_Beige512_vX.Y_YYYYMMDD.png,GEM_Logo_LogoStacked_Beige512_vX.Y_YYYYMMDD.png,A1 A2 A3 A4,NOT SELECTED — historical comparison evidence only; not a valid controlled mapping
GEM_Brand_Assets_v1.0/04_official_kit/logo/stacked/png/gem-stacked-black-1024.png,gem-stacked-black-1024.png,551ddd8af6dce9b6bca55adeb5c92fc3d248654daa6c81523462a1cfbe61960b,PNG,Stacked,Black,1024 px,Logo,Stacked,Black1024,GEM_Logo_Stacked_Black1024_vX.Y_YYYYMMDD.png,GEM_Logo_LogoStacked_Black1024_vX.Y_YYYYMMDD.png,A1 A2 A3 A4,NOT SELECTED — historical comparison evidence only; not a valid controlled mapping
GEM_Brand_Assets_v1.0/04_official_kit/logo/stacked/png/gem-stacked-black-2048.png,gem-stacked-black-2048.png,3ad5a6121872326547c42e3c1f17200174d3c9c0ee77675b2e4e4a3281a9c7ed,PNG,Stacked,Black,2048 px,Logo,Stacked,Black2048,GEM_Logo_Stacked_Black2048_vX.Y_YYYYMMDD.png,GEM_Logo_LogoStacked_Black2048_vX.Y_YYYYMMDD.png,A1 A2 A3 A4,NOT SELECTED — historical comparison evidence only; not a valid controlled mapping
GEM_Brand_Assets_v1.0/04_official_kit/logo/stacked/png/gem-stacked-black-512.png,gem-stacked-black-512.png,ff6cf95a6cb075221f4e777c9e41b1a4d6f97758d9f9362243b56ba9de515a28,PNG,Stacked,Black,512 px,Logo,Stacked,Black512,GEM_Logo_Stacked_Black512_vX.Y_YYYYMMDD.png,GEM_Logo_LogoStacked_Black512_vX.Y_YYYYMMDD.png,A1 A2 A3 A4,NOT SELECTED — historical comparison evidence only; not a valid controlled mapping
GEM_Brand_Assets_v1.0/04_official_kit/logo/stacked/png/gem-stacked-ink-1024.png,gem-stacked-ink-1024.png,8c4a1cb6e6978512a0627bc73213e3f12ca515ac119c6ba7083c01bb7df3715a,PNG,Stacked,Ink,1024 px,Logo,Stacked,Ink1024,GEM_Logo_Stacked_Ink1024_vX.Y_YYYYMMDD.png,GEM_Logo_LogoStacked_Ink1024_vX.Y_YYYYMMDD.png,A1 A2 A3 A4,NOT SELECTED — historical comparison evidence only; not a valid controlled mapping
GEM_Brand_Assets_v1.0/04_official_kit/logo/stacked/png/gem-stacked-ink-2048.png,gem-stacked-ink-2048.png,831ec6bab4ab3dc6d8fa2c74f6f4765f44e4abd210379efd56ad05872a20d3c1,PNG,Stacked,Ink,2048 px,Logo,Stacked,Ink2048,GEM_Logo_Stacked_Ink2048_vX.Y_YYYYMMDD.png,GEM_Logo_LogoStacked_Ink2048_vX.Y_YYYYMMDD.png,A1 A2 A3 A4,NOT SELECTED — historical comparison evidence only; not a valid controlled mapping
GEM_Brand_Assets_v1.0/04_official_kit/logo/stacked/png/gem-stacked-ink-512.png,gem-stacked-ink-512.png,108ae66d507ece31c89e73e4e9a81b03b152a91b3dc8312c8a016498e22be800,PNG,Stacked,Ink,512 px,Logo,Stacked,Ink512,GEM_Logo_Stacked_Ink512_vX.Y_YYYYMMDD.png,GEM_Logo_LogoStacked_Ink512_vX.Y_YYYYMMDD.png,A1 A2 A3 A4,NOT SELECTED — historical comparison evidence only; not a valid controlled mapping
GEM_Brand_Assets_v1.0/04_official_kit/logo/stacked/png/gem-stacked-white-1024.png,gem-stacked-white-1024.png,42b2115cc5c91740fdaa547854ad7c24276a29bee6c0128998d768426ded21e4,PNG,Stacked,White,1024 px,Logo,Stacked,White1024,GEM_Logo_Stacked_White1024_vX.Y_YYYYMMDD.png,GEM_Logo_LogoStacked_White1024_vX.Y_YYYYMMDD.png,A1 A2 A3 A4,NOT SELECTED — historical comparison evidence only; not a valid controlled mapping
GEM_Brand_Assets_v1.0/04_official_kit/logo/stacked/png/gem-stacked-white-2048.png,gem-stacked-white-2048.png,7505962eb24a5e1f95f7e40145dd8231846aaec0b155d6507583c4ab63d27316,PNG,Stacked,White,2048 px,Logo,Stacked,White2048,GEM_Logo_Stacked_White2048_vX.Y_YYYYMMDD.png,GEM_Logo_LogoStacked_White2048_vX.Y_YYYYMMDD.png,A1 A2 A3 A4,NOT SELECTED — historical comparison evidence only; not a valid controlled mapping
GEM_Brand_Assets_v1.0/04_official_kit/logo/stacked/png/gem-stacked-white-512.png,gem-stacked-white-512.png,26dfbf619d701b399f93f2bfc2cb7b4cc5a3ad92a1036fb6307a384ae881cb2c,PNG,Stacked,White,512 px,Logo,Stacked,White512,GEM_Logo_Stacked_White512_vX.Y_YYYYMMDD.png,GEM_Logo_LogoStacked_White512_vX.Y_YYYYMMDD.png,A1 A2 A3 A4,NOT SELECTED — historical comparison evidence only; not a valid controlled mapping
GEM_Brand_Assets_v1.0/04_official_kit/logo/stacked/svg/gem-stacked-beige.svg,gem-stacked-beige.svg,3b3a3040161b49fd475d771952b11cb6f158ca022b5f224e1e1942e6ee547cd0,SVG,Stacked,Beige,,Logo,Stacked,Beige,GEM_Logo_Stacked_Beige_vX.Y_YYYYMMDD.svg,GEM_Logo_LogoStacked_Beige_vX.Y_YYYYMMDD.svg,A1 A2 A3 A4,NOT SELECTED — historical comparison evidence only; not a valid controlled mapping
GEM_Brand_Assets_v1.0/04_official_kit/logo/stacked/svg/gem-stacked-black.svg,gem-stacked-black.svg,7580eefe2af698bec21925e251af5cc33b34a66aa26015097ff27deb73c87048,SVG,Stacked,Black,,Logo,Stacked,Black,GEM_Logo_Stacked_Black_vX.Y_YYYYMMDD.svg,GEM_Logo_LogoStacked_Black_vX.Y_YYYYMMDD.svg,A1 A2 A3 A4,NOT SELECTED — historical comparison evidence only; not a valid controlled mapping
GEM_Brand_Assets_v1.0/04_official_kit/logo/stacked/svg/gem-stacked-ink.svg,gem-stacked-ink.svg,df417e35245ffcbd2c07858ba4ea09ed1567a45f635065cec6395fd74acecf29,SVG,Stacked,Ink,,Logo,Stacked,Ink,GEM_Logo_Stacked_Ink_vX.Y_YYYYMMDD.svg,GEM_Logo_LogoStacked_Ink_vX.Y_YYYYMMDD.svg,A1 A2 A3 A4,NOT SELECTED — historical comparison evidence only; not a valid controlled mapping
GEM_Brand_Assets_v1.0/04_official_kit/logo/stacked/svg/gem-stacked-white.svg,gem-stacked-white.svg,41b36d5a6302f20d32a0c3fabda7d2941c0328beea7c9a1dc29f9400f5ea46d1,SVG,Stacked,White,,Logo,Stacked,White,GEM_Logo_Stacked_White_vX.Y_YYYYMMDD.svg,GEM_Logo_LogoStacked_White_vX.Y_YYYYMMDD.svg,A1 A2 A3 A4,NOT SELECTED — historical comparison evidence only; not a valid controlled mapping
GEM_Brand_Assets_v1.0/04_official_kit/logo/symbol-nospark/clearspace/gem-symbol-nospark-beige-clearspace-2u-1024.png,gem-symbol-nospark-beige-clearspace-2u-1024.png,f6d1b29930703159515c9d36d8721af9cf74a0a91f86bd64597234ad94833724,PNG,SymbolNoSpark,Beige,2u clearspace 1024 px,Logo,SymbolNoSpark,BeigeClearspace2u1024,GEM_Logo_SymbolNoSpark_BeigeClearspace2u1024_vX.Y_YYYYMMDD.png,GEM_Logo_LogoSymbolNoSpark_BeigeClearspace2u1024_vX.Y_YYYYMMDD.png,A1 A2 A3 A4,NOT SELECTED — historical comparison evidence only; not a valid controlled mapping
GEM_Brand_Assets_v1.0/04_official_kit/logo/symbol-nospark/clearspace/gem-symbol-nospark-beige-clearspace-2u.svg,gem-symbol-nospark-beige-clearspace-2u.svg,7ec0ee6a16d7f8a8eca05904e0a6e97245519189fb8c973c520974ba816b1f6d,SVG,SymbolNoSpark,Beige,2u clearspace,Logo,SymbolNoSpark,BeigeClearspace2u,GEM_Logo_SymbolNoSpark_BeigeClearspace2u_vX.Y_YYYYMMDD.svg,GEM_Logo_LogoSymbolNoSpark_BeigeClearspace2u_vX.Y_YYYYMMDD.svg,A1 A2 A3 A4,NOT SELECTED — historical comparison evidence only; not a valid controlled mapping
GEM_Brand_Assets_v1.0/04_official_kit/logo/symbol-nospark/clearspace/gem-symbol-nospark-black-clearspace-2u-1024.png,gem-symbol-nospark-black-clearspace-2u-1024.png,45299148a713a7e6184f56b2faef98a685705fa1e4c89684f99ea9c873b49303,PNG,SymbolNoSpark,Black,2u clearspace 1024 px,Logo,SymbolNoSpark,BlackClearspace2u1024,GEM_Logo_SymbolNoSpark_BlackClearspace2u1024_vX.Y_YYYYMMDD.png,GEM_Logo_LogoSymbolNoSpark_BlackClearspace2u1024_vX.Y_YYYYMMDD.png,A1 A2 A3 A4,NOT SELECTED — historical comparison evidence only; not a valid controlled mapping
GEM_Brand_Assets_v1.0/04_official_kit/logo/symbol-nospark/clearspace/gem-symbol-nospark-black-clearspace-2u.svg,gem-symbol-nospark-black-clearspace-2u.svg,1678bb40035aeceb318d9cdf6273ece4c80c8e033a41ee825b866a5fc99da935,SVG,SymbolNoSpark,Black,2u clearspace,Logo,SymbolNoSpark,BlackClearspace2u,GEM_Logo_SymbolNoSpark_BlackClearspace2u_vX.Y_YYYYMMDD.svg,GEM_Logo_LogoSymbolNoSpark_BlackClearspace2u_vX.Y_YYYYMMDD.svg,A1 A2 A3 A4,NOT SELECTED — historical comparison evidence only; not a valid controlled mapping
GEM_Brand_Assets_v1.0/04_official_kit/logo/symbol-nospark/clearspace/gem-symbol-nospark-ink-clearspace-2u-1024.png,gem-symbol-nospark-ink-clearspace-2u-1024.png,1d1db0fa6e4a4399d115ca8440f7d389b16b27b25c345369dd6b9be917a81913,PNG,SymbolNoSpark,Ink,2u clearspace 1024 px,Logo,SymbolNoSpark,InkClearspace2u1024,GEM_Logo_SymbolNoSpark_InkClearspace2u1024_vX.Y_YYYYMMDD.png,GEM_Logo_LogoSymbolNoSpark_InkClearspace2u1024_vX.Y_YYYYMMDD.png,A1 A2 A3 A4,NOT SELECTED — historical comparison evidence only; not a valid controlled mapping
GEM_Brand_Assets_v1.0/04_official_kit/logo/symbol-nospark/clearspace/gem-symbol-nospark-ink-clearspace-2u.svg,gem-symbol-nospark-ink-clearspace-2u.svg,9f716f15b658fb656f13f7b352d635175d0d69438876db465760abc5fc2dfd9a,SVG,SymbolNoSpark,Ink,2u clearspace,Logo,SymbolNoSpark,InkClearspace2u,GEM_Logo_SymbolNoSpark_InkClearspace2u_vX.Y_YYYYMMDD.svg,GEM_Logo_LogoSymbolNoSpark_InkClearspace2u_vX.Y_YYYYMMDD.svg,A1 A2 A3 A4,NOT SELECTED — historical comparison evidence only; not a valid controlled mapping
GEM_Brand_Assets_v1.0/04_official_kit/logo/symbol-nospark/clearspace/gem-symbol-nospark-white-clearspace-2u-1024.png,gem-symbol-nospark-white-clearspace-2u-1024.png,3ab43d77d278ce15117d57b1c124523b44f5ef85419e9ce9b7d83aabdb7b1877,PNG,SymbolNoSpark,White,2u clearspace 1024 px,Logo,SymbolNoSpark,WhiteClearspace2u1024,GEM_Logo_SymbolNoSpark_WhiteClearspace2u1024_vX.Y_YYYYMMDD.png,GEM_Logo_LogoSymbolNoSpark_WhiteClearspace2u1024_vX.Y_YYYYMMDD.png,A1 A2 A3 A4,NOT SELECTED — historical comparison evidence only; not a valid controlled mapping
GEM_Brand_Assets_v1.0/04_official_kit/logo/symbol-nospark/clearspace/gem-symbol-nospark-white-clearspace-2u.svg,gem-symbol-nospark-white-clearspace-2u.svg,bd13ae29e0435402dbbb064cc82370806d5b55282790ccacb2e757a46dc4a2d7,SVG,SymbolNoSpark,White,2u clearspace,Logo,SymbolNoSpark,WhiteClearspace2u,GEM_Logo_SymbolNoSpark_WhiteClearspace2u_vX.Y_YYYYMMDD.svg,GEM_Logo_LogoSymbolNoSpark_WhiteClearspace2u_vX.Y_YYYYMMDD.svg,A1 A2 A3 A4,NOT SELECTED — historical comparison evidence only; not a valid controlled mapping
GEM_Brand_Assets_v1.0/04_official_kit/logo/symbol-nospark/eps/gem-symbol-nospark-beige.eps,gem-symbol-nospark-beige.eps,0c7e4cb68be4b2964292857b423bd801dab8af3a4423e3ec3a6aed21c99ba06e,EPS,SymbolNoSpark,Beige,,Logo,SymbolNoSpark,Beige,GEM_Logo_SymbolNoSpark_Beige_vX.Y_YYYYMMDD.eps,GEM_Logo_LogoSymbolNoSpark_Beige_vX.Y_YYYYMMDD.eps,A1 A2 A3 A4,NOT SELECTED — historical comparison evidence only; not a valid controlled mapping
GEM_Brand_Assets_v1.0/04_official_kit/logo/symbol-nospark/eps/gem-symbol-nospark-black.eps,gem-symbol-nospark-black.eps,747078cb35e6f7921f483f0555c3caaa1e38feed137dc437d9ebe2364c2a6ea8,EPS,SymbolNoSpark,Black,,Logo,SymbolNoSpark,Black,GEM_Logo_SymbolNoSpark_Black_vX.Y_YYYYMMDD.eps,GEM_Logo_LogoSymbolNoSpark_Black_vX.Y_YYYYMMDD.eps,A1 A2 A3 A4,NOT SELECTED — historical comparison evidence only; not a valid controlled mapping
GEM_Brand_Assets_v1.0/04_official_kit/logo/symbol-nospark/eps/gem-symbol-nospark-ink.eps,gem-symbol-nospark-ink.eps,6c023c023009b0272d366ac74bb38372bdfb587d6af2a3d063ceb6bcd7a5f607,EPS,SymbolNoSpark,Ink,,Logo,SymbolNoSpark,Ink,GEM_Logo_SymbolNoSpark_Ink_vX.Y_YYYYMMDD.eps,GEM_Logo_LogoSymbolNoSpark_Ink_vX.Y_YYYYMMDD.eps,A1 A2 A3 A4,NOT SELECTED — historical comparison evidence only; not a valid controlled mapping
GEM_Brand_Assets_v1.0/04_official_kit/logo/symbol-nospark/eps/gem-symbol-nospark-white.eps,gem-symbol-nospark-white.eps,3cd974f35c9a33c8b70ecf3025b6e3bac0a69a88facab0ec48db8efa38ebab3d,EPS,SymbolNoSpark,White,,Logo,SymbolNoSpark,White,GEM_Logo_SymbolNoSpark_White_vX.Y_YYYYMMDD.eps,GEM_Logo_LogoSymbolNoSpark_White_vX.Y_YYYYMMDD.eps,A1 A2 A3 A4,NOT SELECTED — historical comparison evidence only; not a valid controlled mapping
GEM_Brand_Assets_v1.0/04_official_kit/logo/symbol-nospark/pdf/gem-symbol-nospark-beige.pdf,gem-symbol-nospark-beige.pdf,3bc70bc5847bb9eb5982113b0e5532b06b7bda08648922a5eacb2b2acf2ca355,PDF,SymbolNoSpark,Beige,,Logo,SymbolNoSpark,Beige,GEM_Logo_SymbolNoSpark_Beige_vX.Y_YYYYMMDD.pdf,GEM_Logo_LogoSymbolNoSpark_Beige_vX.Y_YYYYMMDD.pdf,A1 A2 A3 A4,NOT SELECTED — historical comparison evidence only; not a valid controlled mapping
GEM_Brand_Assets_v1.0/04_official_kit/logo/symbol-nospark/pdf/gem-symbol-nospark-black.pdf,gem-symbol-nospark-black.pdf,51a44cb7e85244f6a51dd5ab0bfb1886841e0174115c2f98874eee2005a76142,PDF,SymbolNoSpark,Black,,Logo,SymbolNoSpark,Black,GEM_Logo_SymbolNoSpark_Black_vX.Y_YYYYMMDD.pdf,GEM_Logo_LogoSymbolNoSpark_Black_vX.Y_YYYYMMDD.pdf,A1 A2 A3 A4,NOT SELECTED — historical comparison evidence only; not a valid controlled mapping
GEM_Brand_Assets_v1.0/04_official_kit/logo/symbol-nospark/pdf/gem-symbol-nospark-ink.pdf,gem-symbol-nospark-ink.pdf,3f08610ca4e9f8fa4f81d8819fdc056dd5b17c4a0500eeca6f5de4912355ee58,PDF,SymbolNoSpark,Ink,,Logo,SymbolNoSpark,Ink,GEM_Logo_SymbolNoSpark_Ink_vX.Y_YYYYMMDD.pdf,GEM_Logo_LogoSymbolNoSpark_Ink_vX.Y_YYYYMMDD.pdf,A1 A2 A3 A4,NOT SELECTED — historical comparison evidence only; not a valid controlled mapping
GEM_Brand_Assets_v1.0/04_official_kit/logo/symbol-nospark/pdf/gem-symbol-nospark-white.pdf,gem-symbol-nospark-white.pdf,d0059bcc7b654403790bc2f885a8bd1ef1016c8d6d7a4bcdddf8ff67b8c779d0,PDF,SymbolNoSpark,White,,Logo,SymbolNoSpark,White,GEM_Logo_SymbolNoSpark_White_vX.Y_YYYYMMDD.pdf,GEM_Logo_LogoSymbolNoSpark_White_vX.Y_YYYYMMDD.pdf,A1 A2 A3 A4,NOT SELECTED — historical comparison evidence only; not a valid controlled mapping
GEM_Brand_Assets_v1.0/04_official_kit/logo/symbol-nospark/png/gem-symbol-nospark-beige-1024.png,gem-symbol-nospark-beige-1024.png,7efe80ff1255466ed799910d445339ea0ea8e4dd4c4f6572fbce31c5c421dfbe,PNG,SymbolNoSpark,Beige,1024 px,Logo,SymbolNoSpark,Beige1024,GEM_Logo_SymbolNoSpark_Beige1024_vX.Y_YYYYMMDD.png,GEM_Logo_LogoSymbolNoSpark_Beige1024_vX.Y_YYYYMMDD.png,A1 A2 A3 A4,NOT SELECTED — historical comparison evidence only; not a valid controlled mapping
GEM_Brand_Assets_v1.0/04_official_kit/logo/symbol-nospark/png/gem-symbol-nospark-beige-256.png,gem-symbol-nospark-beige-256.png,f6e6b109ac1e9307e92a55270f113aff416d1ea53ab6782489d3097044bc2e2d,PNG,SymbolNoSpark,Beige,256 px,Logo,SymbolNoSpark,Beige256,GEM_Logo_SymbolNoSpark_Beige256_vX.Y_YYYYMMDD.png,GEM_Logo_LogoSymbolNoSpark_Beige256_vX.Y_YYYYMMDD.png,A1 A2 A3 A4,NOT SELECTED — historical comparison evidence only; not a valid controlled mapping
GEM_Brand_Assets_v1.0/04_official_kit/logo/symbol-nospark/png/gem-symbol-nospark-beige-512.png,gem-symbol-nospark-beige-512.png,4fa7c0d88cc255a044394b55b80dd2547242d14fae1bfa4ee5dfbe9b73bf69de,PNG,SymbolNoSpark,Beige,512 px,Logo,SymbolNoSpark,Beige512,GEM_Logo_SymbolNoSpark_Beige512_vX.Y_YYYYMMDD.png,GEM_Logo_LogoSymbolNoSpark_Beige512_vX.Y_YYYYMMDD.png,A1 A2 A3 A4,NOT SELECTED — historical comparison evidence only; not a valid controlled mapping
GEM_Brand_Assets_v1.0/04_official_kit/logo/symbol-nospark/png/gem-symbol-nospark-black-1024.png,gem-symbol-nospark-black-1024.png,d9b93228dfb503177826a834829c23e659440c83509e7fa13965c78a80d50962,PNG,SymbolNoSpark,Black,1024 px,Logo,SymbolNoSpark,Black1024,GEM_Logo_SymbolNoSpark_Black1024_vX.Y_YYYYMMDD.png,GEM_Logo_LogoSymbolNoSpark_Black1024_vX.Y_YYYYMMDD.png,A1 A2 A3 A4,NOT SELECTED — historical comparison evidence only; not a valid controlled mapping
GEM_Brand_Assets_v1.0/04_official_kit/logo/symbol-nospark/png/gem-symbol-nospark-black-256.png,gem-symbol-nospark-black-256.png,bcd9d25a3c03c45ae0ddc24e8238f148a95983965ebae50bb1e2bf86fb2afe51,PNG,SymbolNoSpark,Black,256 px,Logo,SymbolNoSpark,Black256,GEM_Logo_SymbolNoSpark_Black256_vX.Y_YYYYMMDD.png,GEM_Logo_LogoSymbolNoSpark_Black256_vX.Y_YYYYMMDD.png,A1 A2 A3 A4,NOT SELECTED — historical comparison evidence only; not a valid controlled mapping
GEM_Brand_Assets_v1.0/04_official_kit/logo/symbol-nospark/png/gem-symbol-nospark-black-512.png,gem-symbol-nospark-black-512.png,96e208189d68687f192009da8c435b36ef9190781b61441fb993d0e58622f740,PNG,SymbolNoSpark,Black,512 px,Logo,SymbolNoSpark,Black512,GEM_Logo_SymbolNoSpark_Black512_vX.Y_YYYYMMDD.png,GEM_Logo_LogoSymbolNoSpark_Black512_vX.Y_YYYYMMDD.png,A1 A2 A3 A4,NOT SELECTED — historical comparison evidence only; not a valid controlled mapping
GEM_Brand_Assets_v1.0/04_official_kit/logo/symbol-nospark/png/gem-symbol-nospark-ink-1024.png,gem-symbol-nospark-ink-1024.png,36409ab40f623bcc00afcb505cfc74d99bf71ba300802e572d9ffc8c2b5cb7d5,PNG,SymbolNoSpark,Ink,1024 px,Logo,SymbolNoSpark,Ink1024,GEM_Logo_SymbolNoSpark_Ink1024_vX.Y_YYYYMMDD.png,GEM_Logo_LogoSymbolNoSpark_Ink1024_vX.Y_YYYYMMDD.png,A1 A2 A3 A4,NOT SELECTED — historical comparison evidence only; not a valid controlled mapping
GEM_Brand_Assets_v1.0/04_official_kit/logo/symbol-nospark/png/gem-symbol-nospark-ink-256.png,gem-symbol-nospark-ink-256.png,8c6f8701b21eb8c60400af628a9acd790feaa77eb4eb626437132bc46ebeaecb,PNG,SymbolNoSpark,Ink,256 px,Logo,SymbolNoSpark,Ink256,GEM_Logo_SymbolNoSpark_Ink256_vX.Y_YYYYMMDD.png,GEM_Logo_LogoSymbolNoSpark_Ink256_vX.Y_YYYYMMDD.png,A1 A2 A3 A4,NOT SELECTED — historical comparison evidence only; not a valid controlled mapping
GEM_Brand_Assets_v1.0/04_official_kit/logo/symbol-nospark/png/gem-symbol-nospark-ink-512.png,gem-symbol-nospark-ink-512.png,421217c6ca124cb6dbaf6c6d7ef421aa4d35fec1142b349edd198722fa686c27,PNG,SymbolNoSpark,Ink,512 px,Logo,SymbolNoSpark,Ink512,GEM_Logo_SymbolNoSpark_Ink512_vX.Y_YYYYMMDD.png,GEM_Logo_LogoSymbolNoSpark_Ink512_vX.Y_YYYYMMDD.png,A1 A2 A3 A4,NOT SELECTED — historical comparison evidence only; not a valid controlled mapping
GEM_Brand_Assets_v1.0/04_official_kit/logo/symbol-nospark/png/gem-symbol-nospark-white-1024.png,gem-symbol-nospark-white-1024.png,33eb82099869fc1f897f39a731b371d0e59b0c4e71e2f21dbdbf4655591f5be6,PNG,SymbolNoSpark,White,1024 px,Logo,SymbolNoSpark,White1024,GEM_Logo_SymbolNoSpark_White1024_vX.Y_YYYYMMDD.png,GEM_Logo_LogoSymbolNoSpark_White1024_vX.Y_YYYYMMDD.png,A1 A2 A3 A4,NOT SELECTED — historical comparison evidence only; not a valid controlled mapping
GEM_Brand_Assets_v1.0/04_official_kit/logo/symbol-nospark/png/gem-symbol-nospark-white-256.png,gem-symbol-nospark-white-256.png,ea197f7e9a56d1f379805f25eac858f8dcc14c45f5bf669d8f18b8bc41272ee3,PNG,SymbolNoSpark,White,256 px,Logo,SymbolNoSpark,White256,GEM_Logo_SymbolNoSpark_White256_vX.Y_YYYYMMDD.png,GEM_Logo_LogoSymbolNoSpark_White256_vX.Y_YYYYMMDD.png,A1 A2 A3 A4,NOT SELECTED — historical comparison evidence only; not a valid controlled mapping
GEM_Brand_Assets_v1.0/04_official_kit/logo/symbol-nospark/png/gem-symbol-nospark-white-512.png,gem-symbol-nospark-white-512.png,b99b9d289cab06b14738744394e625f6d9369a55c1356cdd1b46fe5769a6cb95,PNG,SymbolNoSpark,White,512 px,Logo,SymbolNoSpark,White512,GEM_Logo_SymbolNoSpark_White512_vX.Y_YYYYMMDD.png,GEM_Logo_LogoSymbolNoSpark_White512_vX.Y_YYYYMMDD.png,A1 A2 A3 A4,NOT SELECTED — historical comparison evidence only; not a valid controlled mapping
GEM_Brand_Assets_v1.0/04_official_kit/logo/symbol-nospark/svg/gem-symbol-nospark-beige.svg,gem-symbol-nospark-beige.svg,567eda383baab409511503cb0a2a3d0781877cc57942f5694cac7cfaed0f7617,SVG,SymbolNoSpark,Beige,,Logo,SymbolNoSpark,Beige,GEM_Logo_SymbolNoSpark_Beige_vX.Y_YYYYMMDD.svg,GEM_Logo_LogoSymbolNoSpark_Beige_vX.Y_YYYYMMDD.svg,A1 A2 A3 A4,NOT SELECTED — historical comparison evidence only; not a valid controlled mapping
GEM_Brand_Assets_v1.0/04_official_kit/logo/symbol-nospark/svg/gem-symbol-nospark-black.svg,gem-symbol-nospark-black.svg,e1d974cc5e0723c16da8aa1c2eb3d7e2629de273b9be307017ed9a8bbbb3668b,SVG,SymbolNoSpark,Black,,Logo,SymbolNoSpark,Black,GEM_Logo_SymbolNoSpark_Black_vX.Y_YYYYMMDD.svg,GEM_Logo_LogoSymbolNoSpark_Black_vX.Y_YYYYMMDD.svg,A1 A2 A3 A4,NOT SELECTED — historical comparison evidence only; not a valid controlled mapping
GEM_Brand_Assets_v1.0/04_official_kit/logo/symbol-nospark/svg/gem-symbol-nospark-ink.svg,gem-symbol-nospark-ink.svg,937b7ab6f0a56adf11379f06769e4affddee968fd3ce090bb9efb3c596ed1a70,SVG,SymbolNoSpark,Ink,,Logo,SymbolNoSpark,Ink,GEM_Logo_SymbolNoSpark_Ink_vX.Y_YYYYMMDD.svg,GEM_Logo_LogoSymbolNoSpark_Ink_vX.Y_YYYYMMDD.svg,A1 A2 A3 A4,NOT SELECTED — historical comparison evidence only; not a valid controlled mapping
GEM_Brand_Assets_v1.0/04_official_kit/logo/symbol-nospark/svg/gem-symbol-nospark-white.svg,gem-symbol-nospark-white.svg,b1adc5f0ed59b4355ecfa28fc3ea4cd6a5fba6a9a421e1fc97f6783707c06e2b,SVG,SymbolNoSpark,White,,Logo,SymbolNoSpark,White,GEM_Logo_SymbolNoSpark_White_vX.Y_YYYYMMDD.svg,GEM_Logo_LogoSymbolNoSpark_White_vX.Y_YYYYMMDD.svg,A1 A2 A3 A4,NOT SELECTED — historical comparison evidence only; not a valid controlled mapping
GEM_Brand_Assets_v1.0/04_official_kit/logo/symbol/clearspace/gem-symbol-beige-clearspace-2u-1024.png,gem-symbol-beige-clearspace-2u-1024.png,251dcf70887af8ec43adb95b751591ad514963f2b07b113f22dcbd0616442f23,PNG,Symbol,Beige,2u clearspace 1024 px,Logo,Symbol,BeigeClearspace2u1024,GEM_Logo_Symbol_BeigeClearspace2u1024_vX.Y_YYYYMMDD.png,GEM_Logo_LogoSymbol_BeigeClearspace2u1024_vX.Y_YYYYMMDD.png,A1 A2 A3 A4,NOT SELECTED — historical comparison evidence only; not a valid controlled mapping
GEM_Brand_Assets_v1.0/04_official_kit/logo/symbol/clearspace/gem-symbol-beige-clearspace-2u.svg,gem-symbol-beige-clearspace-2u.svg,3b21fa33640a398287f4bd66dc7a59a669651a2e301846cfa8ecf435b4535819,SVG,Symbol,Beige,2u clearspace,Logo,Symbol,BeigeClearspace2u,GEM_Logo_Symbol_BeigeClearspace2u_vX.Y_YYYYMMDD.svg,GEM_Logo_LogoSymbol_BeigeClearspace2u_vX.Y_YYYYMMDD.svg,A1 A2 A3 A4,NOT SELECTED — historical comparison evidence only; not a valid controlled mapping
GEM_Brand_Assets_v1.0/04_official_kit/logo/symbol/clearspace/gem-symbol-black-clearspace-2u-1024.png,gem-symbol-black-clearspace-2u-1024.png,cfcc1761c4fc1cfbae552d1b0dc5235a71382aeabae69e6905c173e2ccede989,PNG,Symbol,Black,2u clearspace 1024 px,Logo,Symbol,BlackClearspace2u1024,GEM_Logo_Symbol_BlackClearspace2u1024_vX.Y_YYYYMMDD.png,GEM_Logo_LogoSymbol_BlackClearspace2u1024_vX.Y_YYYYMMDD.png,A1 A2 A3 A4,NOT SELECTED — historical comparison evidence only; not a valid controlled mapping
GEM_Brand_Assets_v1.0/04_official_kit/logo/symbol/clearspace/gem-symbol-black-clearspace-2u.svg,gem-symbol-black-clearspace-2u.svg,37737079acb33ade25c80692739e8bb4fa5ee1c52362fa089cfe34b4b51065ea,SVG,Symbol,Black,2u clearspace,Logo,Symbol,BlackClearspace2u,GEM_Logo_Symbol_BlackClearspace2u_vX.Y_YYYYMMDD.svg,GEM_Logo_LogoSymbol_BlackClearspace2u_vX.Y_YYYYMMDD.svg,A1 A2 A3 A4,NOT SELECTED — historical comparison evidence only; not a valid controlled mapping
GEM_Brand_Assets_v1.0/04_official_kit/logo/symbol/clearspace/gem-symbol-ink-clearspace-2u-1024.png,gem-symbol-ink-clearspace-2u-1024.png,2d6be0f922547cc59708846f07ad245c1992e798f52b6b286baec85e987825cd,PNG,Symbol,Ink,2u clearspace 1024 px,Logo,Symbol,InkClearspace2u1024,GEM_Logo_Symbol_InkClearspace2u1024_vX.Y_YYYYMMDD.png,GEM_Logo_LogoSymbol_InkClearspace2u1024_vX.Y_YYYYMMDD.png,A1 A2 A3 A4,NOT SELECTED — historical comparison evidence only; not a valid controlled mapping
GEM_Brand_Assets_v1.0/04_official_kit/logo/symbol/clearspace/gem-symbol-ink-clearspace-2u.svg,gem-symbol-ink-clearspace-2u.svg,682e992b5d371e6e6243b1888fe4584cac40e4f1638c4a7b9704c4f49c5ea674,SVG,Symbol,Ink,2u clearspace,Logo,Symbol,InkClearspace2u,GEM_Logo_Symbol_InkClearspace2u_vX.Y_YYYYMMDD.svg,GEM_Logo_LogoSymbol_InkClearspace2u_vX.Y_YYYYMMDD.svg,A1 A2 A3 A4,NOT SELECTED — historical comparison evidence only; not a valid controlled mapping
GEM_Brand_Assets_v1.0/04_official_kit/logo/symbol/clearspace/gem-symbol-white-clearspace-2u-1024.png,gem-symbol-white-clearspace-2u-1024.png,118decf842967fc26899f0009d6e4b3a692b2b2245aaab3a4fcebd4ed30d796f,PNG,Symbol,White,2u clearspace 1024 px,Logo,Symbol,WhiteClearspace2u1024,GEM_Logo_Symbol_WhiteClearspace2u1024_vX.Y_YYYYMMDD.png,GEM_Logo_LogoSymbol_WhiteClearspace2u1024_vX.Y_YYYYMMDD.png,A1 A2 A3 A4,NOT SELECTED — historical comparison evidence only; not a valid controlled mapping
GEM_Brand_Assets_v1.0/04_official_kit/logo/symbol/clearspace/gem-symbol-white-clearspace-2u.svg,gem-symbol-white-clearspace-2u.svg,91cb3da8a8d70649d099d21a68f9cdd9252a3ff43ce5c9667d934e17df432ed2,SVG,Symbol,White,2u clearspace,Logo,Symbol,WhiteClearspace2u,GEM_Logo_Symbol_WhiteClearspace2u_vX.Y_YYYYMMDD.svg,GEM_Logo_LogoSymbol_WhiteClearspace2u_vX.Y_YYYYMMDD.svg,A1 A2 A3 A4,NOT SELECTED — historical comparison evidence only; not a valid controlled mapping
GEM_Brand_Assets_v1.0/04_official_kit/logo/symbol/eps/gem-symbol-beige.eps,gem-symbol-beige.eps,9e7dea3b75879f20768b6b61f295b6a049badf14cf1a68d4af22d17ff963a2a9,EPS,Symbol,Beige,,Logo,Symbol,Beige,GEM_Logo_Symbol_Beige_vX.Y_YYYYMMDD.eps,GEM_Logo_LogoSymbol_Beige_vX.Y_YYYYMMDD.eps,A1 A2 A3 A4,NOT SELECTED — historical comparison evidence only; not a valid controlled mapping
GEM_Brand_Assets_v1.0/04_official_kit/logo/symbol/eps/gem-symbol-black.eps,gem-symbol-black.eps,3d2956bf27a15b16187681075a29a95251e9627db1654c0c80c52f6213e837e5,EPS,Symbol,Black,,Logo,Symbol,Black,GEM_Logo_Symbol_Black_vX.Y_YYYYMMDD.eps,GEM_Logo_LogoSymbol_Black_vX.Y_YYYYMMDD.eps,A1 A2 A3 A4,NOT SELECTED — historical comparison evidence only; not a valid controlled mapping
GEM_Brand_Assets_v1.0/04_official_kit/logo/symbol/eps/gem-symbol-ink.eps,gem-symbol-ink.eps,18f698464d2dc8c225fd11edd3bfc646a9457ff023d8f3ab6431307724d440c9,EPS,Symbol,Ink,,Logo,Symbol,Ink,GEM_Logo_Symbol_Ink_vX.Y_YYYYMMDD.eps,GEM_Logo_LogoSymbol_Ink_vX.Y_YYYYMMDD.eps,A1 A2 A3 A4,NOT SELECTED — historical comparison evidence only; not a valid controlled mapping
GEM_Brand_Assets_v1.0/04_official_kit/logo/symbol/eps/gem-symbol-white.eps,gem-symbol-white.eps,badf73fdfd7aa833b91aa91208cddfd5946948204fb81bba7e9fda1573ad0239,EPS,Symbol,White,,Logo,Symbol,White,GEM_Logo_Symbol_White_vX.Y_YYYYMMDD.eps,GEM_Logo_LogoSymbol_White_vX.Y_YYYYMMDD.eps,A1 A2 A3 A4,NOT SELECTED — historical comparison evidence only; not a valid controlled mapping
GEM_Brand_Assets_v1.0/04_official_kit/logo/symbol/pdf/gem-symbol-beige.pdf,gem-symbol-beige.pdf,0feee065858fe078f4f2be79e241fe9504f21748883f40572e5da40539949562,PDF,Symbol,Beige,,Logo,Symbol,Beige,GEM_Logo_Symbol_Beige_vX.Y_YYYYMMDD.pdf,GEM_Logo_LogoSymbol_Beige_vX.Y_YYYYMMDD.pdf,A1 A2 A3 A4,NOT SELECTED — historical comparison evidence only; not a valid controlled mapping
GEM_Brand_Assets_v1.0/04_official_kit/logo/symbol/pdf/gem-symbol-black.pdf,gem-symbol-black.pdf,2c8b24871254a2748270c69a626960736b0d4eb30e2dfb33f23e9e91b9b568cc,PDF,Symbol,Black,,Logo,Symbol,Black,GEM_Logo_Symbol_Black_vX.Y_YYYYMMDD.pdf,GEM_Logo_LogoSymbol_Black_vX.Y_YYYYMMDD.pdf,A1 A2 A3 A4,NOT SELECTED — historical comparison evidence only; not a valid controlled mapping
GEM_Brand_Assets_v1.0/04_official_kit/logo/symbol/pdf/gem-symbol-ink.pdf,gem-symbol-ink.pdf,b55563026ff02991fc054a2c01e67ddb88006c18128fdf0699115f0e09cdf64a,PDF,Symbol,Ink,,Logo,Symbol,Ink,GEM_Logo_Symbol_Ink_vX.Y_YYYYMMDD.pdf,GEM_Logo_LogoSymbol_Ink_vX.Y_YYYYMMDD.pdf,A1 A2 A3 A4,NOT SELECTED — historical comparison evidence only; not a valid controlled mapping
GEM_Brand_Assets_v1.0/04_official_kit/logo/symbol/pdf/gem-symbol-white.pdf,gem-symbol-white.pdf,3474cfe00a16558d297cccb4c8d30d45d27b8306d8450a9c1169d0e4b8f0cff4,PDF,Symbol,White,,Logo,Symbol,White,GEM_Logo_Symbol_White_vX.Y_YYYYMMDD.pdf,GEM_Logo_LogoSymbol_White_vX.Y_YYYYMMDD.pdf,A1 A2 A3 A4,NOT SELECTED — historical comparison evidence only; not a valid controlled mapping
GEM_Brand_Assets_v1.0/04_official_kit/logo/symbol/png/gem-symbol-beige-1024.png,gem-symbol-beige-1024.png,c80f96ce70049884e0659f4fb1f9be4937e90247bdd7ae536ca403518b665d44,PNG,Symbol,Beige,1024 px,Logo,Symbol,Beige1024,GEM_Logo_Symbol_Beige1024_vX.Y_YYYYMMDD.png,GEM_Logo_LogoSymbol_Beige1024_vX.Y_YYYYMMDD.png,A1 A2 A3 A4,NOT SELECTED — historical comparison evidence only; not a valid controlled mapping
GEM_Brand_Assets_v1.0/04_official_kit/logo/symbol/png/gem-symbol-beige-256.png,gem-symbol-beige-256.png,46abaad30ad266e2ee096eba6e6ff6e33df92fb7e34427b50f04845841fa9d4d,PNG,Symbol,Beige,256 px,Logo,Symbol,Beige256,GEM_Logo_Symbol_Beige256_vX.Y_YYYYMMDD.png,GEM_Logo_LogoSymbol_Beige256_vX.Y_YYYYMMDD.png,A1 A2 A3 A4,NOT SELECTED — historical comparison evidence only; not a valid controlled mapping
GEM_Brand_Assets_v1.0/04_official_kit/logo/symbol/png/gem-symbol-beige-512.png,gem-symbol-beige-512.png,908dafdb35b3887a2efa832007e50832e94bdfbc731e44ba0e2ba0de6da00a1b,PNG,Symbol,Beige,512 px,Logo,Symbol,Beige512,GEM_Logo_Symbol_Beige512_vX.Y_YYYYMMDD.png,GEM_Logo_LogoSymbol_Beige512_vX.Y_YYYYMMDD.png,A1 A2 A3 A4,NOT SELECTED — historical comparison evidence only; not a valid controlled mapping
GEM_Brand_Assets_v1.0/04_official_kit/logo/symbol/png/gem-symbol-black-1024.png,gem-symbol-black-1024.png,2413f948d7d3a35c32937d1dbee9d1db91480d82d77ec6fb1041a90bb6cc12c7,PNG,Symbol,Black,1024 px,Logo,Symbol,Black1024,GEM_Logo_Symbol_Black1024_vX.Y_YYYYMMDD.png,GEM_Logo_LogoSymbol_Black1024_vX.Y_YYYYMMDD.png,A1 A2 A3 A4,NOT SELECTED — historical comparison evidence only; not a valid controlled mapping
GEM_Brand_Assets_v1.0/04_official_kit/logo/symbol/png/gem-symbol-black-256.png,gem-symbol-black-256.png,2f74473574f4e5f4409e07c0e8883790daab4b0e36481998505845580f9b7480,PNG,Symbol,Black,256 px,Logo,Symbol,Black256,GEM_Logo_Symbol_Black256_vX.Y_YYYYMMDD.png,GEM_Logo_LogoSymbol_Black256_vX.Y_YYYYMMDD.png,A1 A2 A3 A4,NOT SELECTED — historical comparison evidence only; not a valid controlled mapping
GEM_Brand_Assets_v1.0/04_official_kit/logo/symbol/png/gem-symbol-black-512.png,gem-symbol-black-512.png,65ef1913c395f91310aa033e60f9a12399a4139ea0156ec76d24c3f572724029,PNG,Symbol,Black,512 px,Logo,Symbol,Black512,GEM_Logo_Symbol_Black512_vX.Y_YYYYMMDD.png,GEM_Logo_LogoSymbol_Black512_vX.Y_YYYYMMDD.png,A1 A2 A3 A4,NOT SELECTED — historical comparison evidence only; not a valid controlled mapping
GEM_Brand_Assets_v1.0/04_official_kit/logo/symbol/png/gem-symbol-ink-1024.png,gem-symbol-ink-1024.png,6f50789b7891bf89a48a8dca9034c5710ec81bee70faebb1afbcaa4f3fa1c168,PNG,Symbol,Ink,1024 px,Logo,Symbol,Ink1024,GEM_Logo_Symbol_Ink1024_vX.Y_YYYYMMDD.png,GEM_Logo_LogoSymbol_Ink1024_vX.Y_YYYYMMDD.png,A1 A2 A3 A4,NOT SELECTED — historical comparison evidence only; not a valid controlled mapping
GEM_Brand_Assets_v1.0/04_official_kit/logo/symbol/png/gem-symbol-ink-256.png,gem-symbol-ink-256.png,f710b7cdaf53c2fb990218b3617c897baf9e09dc4562924517657c0a9512cf29,PNG,Symbol,Ink,256 px,Logo,Symbol,Ink256,GEM_Logo_Symbol_Ink256_vX.Y_YYYYMMDD.png,GEM_Logo_LogoSymbol_Ink256_vX.Y_YYYYMMDD.png,A1 A2 A3 A4,NOT SELECTED — historical comparison evidence only; not a valid controlled mapping
GEM_Brand_Assets_v1.0/04_official_kit/logo/symbol/png/gem-symbol-ink-512.png,gem-symbol-ink-512.png,9b0d9d1f8545e159b9f78747b0adffc4defe9886bbccd95da01c72fc41eff6be,PNG,Symbol,Ink,512 px,Logo,Symbol,Ink512,GEM_Logo_Symbol_Ink512_vX.Y_YYYYMMDD.png,GEM_Logo_LogoSymbol_Ink512_vX.Y_YYYYMMDD.png,A1 A2 A3 A4,NOT SELECTED — historical comparison evidence only; not a valid controlled mapping
GEM_Brand_Assets_v1.0/04_official_kit/logo/symbol/png/gem-symbol-white-1024.png,gem-symbol-white-1024.png,03a7bbcc7e4afeaf3dfa55058daa2690890dbd4cc6e9a33e9d35a0b621ca5941,PNG,Symbol,White,1024 px,Logo,Symbol,White1024,GEM_Logo_Symbol_White1024_vX.Y_YYYYMMDD.png,GEM_Logo_LogoSymbol_White1024_vX.Y_YYYYMMDD.png,A1 A2 A3 A4,NOT SELECTED — historical comparison evidence only; not a valid controlled mapping
GEM_Brand_Assets_v1.0/04_official_kit/logo/symbol/png/gem-symbol-white-256.png,gem-symbol-white-256.png,ec6fcb1b87a675f718f70f66c85948475f1e98e267f95efaab63e03692483b2a,PNG,Symbol,White,256 px,Logo,Symbol,White256,GEM_Logo_Symbol_White256_vX.Y_YYYYMMDD.png,GEM_Logo_LogoSymbol_White256_vX.Y_YYYYMMDD.png,A1 A2 A3 A4,NOT SELECTED — historical comparison evidence only; not a valid controlled mapping
GEM_Brand_Assets_v1.0/04_official_kit/logo/symbol/png/gem-symbol-white-512.png,gem-symbol-white-512.png,7dc541c3afb42f0731358ddeaeac4d7be656382674401da9c33267fca00ee3a3,PNG,Symbol,White,512 px,Logo,Symbol,White512,GEM_Logo_Symbol_White512_vX.Y_YYYYMMDD.png,GEM_Logo_LogoSymbol_White512_vX.Y_YYYYMMDD.png,A1 A2 A3 A4,NOT SELECTED — historical comparison evidence only; not a valid controlled mapping
GEM_Brand_Assets_v1.0/04_official_kit/logo/symbol/svg/gem-symbol-beige.svg,gem-symbol-beige.svg,2ee7385d24863b1629f7e470e252a05d11304dc2a6e5ca4b2b61695283b03fb5,SVG,Symbol,Beige,,Logo,Symbol,Beige,GEM_Logo_Symbol_Beige_vX.Y_YYYYMMDD.svg,GEM_Logo_LogoSymbol_Beige_vX.Y_YYYYMMDD.svg,A1 A2 A3 A4,NOT SELECTED — historical comparison evidence only; not a valid controlled mapping
GEM_Brand_Assets_v1.0/04_official_kit/logo/symbol/svg/gem-symbol-black.svg,gem-symbol-black.svg,5586ae95d717f14ceb9f1cb5e1494e8259194266d067a5740bba6e7331f9dad3,SVG,Symbol,Black,,Logo,Symbol,Black,GEM_Logo_Symbol_Black_vX.Y_YYYYMMDD.svg,GEM_Logo_LogoSymbol_Black_vX.Y_YYYYMMDD.svg,A1 A2 A3 A4,NOT SELECTED — historical comparison evidence only; not a valid controlled mapping
GEM_Brand_Assets_v1.0/04_official_kit/logo/symbol/svg/gem-symbol-ink.svg,gem-symbol-ink.svg,455fc76a158f4d15abf1fef33ce826dfaed529de80869bbef78f9ad05d23ebf5,SVG,Symbol,Ink,,Logo,Symbol,Ink,GEM_Logo_Symbol_Ink_vX.Y_YYYYMMDD.svg,GEM_Logo_LogoSymbol_Ink_vX.Y_YYYYMMDD.svg,A1 A2 A3 A4,NOT SELECTED — historical comparison evidence only; not a valid controlled mapping
GEM_Brand_Assets_v1.0/04_official_kit/logo/symbol/svg/gem-symbol-white.svg,gem-symbol-white.svg,fc63a8d9ec4bceb499045b612514fb34dff762cf8eaead0f17eaba1419aa76f1,SVG,Symbol,White,,Logo,Symbol,White,GEM_Logo_Symbol_White_vX.Y_YYYYMMDD.svg,GEM_Logo_LogoSymbol_White_vX.Y_YYYYMMDD.svg,A1 A2 A3 A4,NOT SELECTED — historical comparison evidence only; not a valid controlled mapping
GEM_Brand_Assets_v1.0/04_official_kit/logo/metrics.json,metrics.json,42ffa013d2155f4b2decbd2049055318646b27c4e7a3ab4a7cf47876c6b7e145,JSON,,,,,,,"NOT MAPPED — data file used by the kit, not a brand asset; manifest-only",,—,NOT SELECTED — historical comparison evidence only; not a valid controlled mapping
