Document,Slide,Shape,Container,tIns pt,bIns pt,Text bounds height pt (native),Box height pt,Needed = tIns+text+bIns pt,Overflow pt incl. bottom inset (needed - box),Glyph overflow pt beyond box edge (tIns+text-box; >0 = text escapes the container),Autofit?,Result
Part B,30,Text 3,filled,16.0,14.0,169.3,166.4,199.3,33.0,19.0,fixed,FLAG
Part C,77,Text 21,outlined,9.5,7.5,49.9,61.2,66.9,5.7,-1.8,fixed,FLAG
Part C,77,Text 20,filled,9.0,7.0,49.9,61.2,65.9,4.7,-2.3,fixed,FLAG
Part C,40,Text 6,outlined,5.5,3.5,30.9,42.2,39.9,-2.3,-5.8,AUTOFIT,ok
Part C,62,Text 2,outlined,3.5,1.5,14.0,21.4,19.0,-2.4,-3.9,AUTOFIT,ok
Part C,62,Text 3,outlined,3.5,1.5,14.0,21.4,19.0,-2.4,-3.9,AUTOFIT,ok
Part C,62,Text 4,outlined,3.5,1.5,14.0,21.4,19.0,-2.4,-3.9,AUTOFIT,ok
Part C,62,Text 5,outlined,3.5,1.5,14.0,21.4,19.0,-2.4,-3.9,AUTOFIT,ok
Part C,62,Text 6,outlined,3.5,1.5,14.0,21.4,19.0,-2.4,-3.9,AUTOFIT,ok
Part C,62,Text 7,outlined,3.5,1.5,14.0,21.4,19.0,-2.4,-3.9,AUTOFIT,ok
Part C,73,Text 3,outlined,4.5,2.5,14.0,23.4,21.0,-2.4,-4.9,AUTOFIT,ok
Part C,73,Text 4,outlined,4.5,2.5,14.0,23.4,21.0,-2.4,-4.9,AUTOFIT,ok
Part C,73,Text 5,outlined,4.5,2.5,14.0,23.4,21.0,-2.4,-4.9,AUTOFIT,ok
Part C,73,Text 6,outlined,4.5,2.5,14.0,23.4,21.0,-2.4,-4.9,AUTOFIT,ok
Part C,73,Text 7,outlined,4.5,2.5,14.0,23.4,21.0,-2.4,-4.9,AUTOFIT,ok
Part C,73,Text 8,outlined,4.5,2.5,14.0,23.4,21.0,-2.4,-4.9,AUTOFIT,ok
Part C,73,Text 10,outlined,4.5,2.5,14.0,23.4,21.0,-2.4,-4.9,AUTOFIT,ok
Part C,73,Text 11,outlined,4.5,2.5,14.0,23.4,21.0,-2.4,-4.9,AUTOFIT,ok
Part C,73,Text 12,outlined,4.5,2.5,14.0,23.4,21.0,-2.4,-4.9,AUTOFIT,ok
Part C,73,Text 13,outlined,4.5,2.5,14.0,23.4,21.0,-2.4,-4.9,AUTOFIT,ok
Part C,73,Text 14,outlined,4.5,2.5,14.0,23.4,21.0,-2.4,-4.9,AUTOFIT,ok
Part C,73,Text 15,outlined,4.5,2.5,14.0,23.4,21.0,-2.4,-4.9,AUTOFIT,ok
Part C,73,Text 17,outlined,4.5,2.5,14.0,23.4,21.0,-2.4,-4.9,AUTOFIT,ok
Part C,73,Text 18,outlined,4.5,2.5,14.0,23.4,21.0,-2.4,-4.9,AUTOFIT,ok
Part C,73,Text 19,outlined,4.5,2.5,14.0,23.4,21.0,-2.4,-4.9,AUTOFIT,ok
Part C,73,Text 20,outlined,4.5,2.5,14.0,23.4,21.0,-2.4,-4.9,AUTOFIT,ok
Part C,73,Text 21,outlined,4.5,2.5,14.0,23.4,21.0,-2.4,-4.9,AUTOFIT,ok
Part C,73,Text 22,outlined,4.5,2.5,14.0,23.4,21.0,-2.4,-4.9,AUTOFIT,ok
Part C,73,Text 24,outlined,4.5,2.5,14.0,23.4,21.0,-2.4,-4.9,AUTOFIT,ok
Part C,73,Text 25,outlined,4.5,2.5,14.0,23.4,21.0,-2.4,-4.9,AUTOFIT,ok
Part C,73,Text 26,outlined,4.5,2.5,14.0,23.4,21.0,-2.4,-4.9,AUTOFIT,ok
Part C,73,Text 27,outlined,4.5,2.5,14.0,23.4,21.0,-2.4,-4.9,AUTOFIT,ok
Part C,45,Text 3,outlined,8.5,6.5,34.6,52.1,49.6,-2.5,-9.0,AUTOFIT,ok
Part C,73,Text 28,outlined,4.5,2.5,14.1,23.8,21.1,-2.6,-5.1,fixed,ok
Part C,73,Text 29,outlined,4.5,2.5,14.1,23.8,21.1,-2.6,-5.1,fixed,ok
Part C,73,Text 32,outlined,4.5,2.5,14.1,23.8,21.1,-2.6,-5.1,fixed,ok
Part C,40,Text 3,outlined,5.5,3.5,14.9,26.6,23.9,-2.7,-6.2,AUTOFIT,ok
Part C,40,Text 4,outlined,5.5,3.5,14.9,26.6,23.9,-2.7,-6.2,AUTOFIT,ok
Part C,40,Text 5,outlined,5.5,3.5,14.9,26.6,23.9,-2.7,-6.2,AUTOFIT,ok
Part C,40,Text 7,outlined,5.5,3.5,14.9,26.6,23.9,-2.7,-6.2,AUTOFIT,ok
Part C,49,Text 2,outlined,6.5,4.5,14.9,28.6,25.9,-2.7,-7.2,AUTOFIT,ok
Part C,70,Text 2,outlined,4.5,2.5,14.1,23.9,21.1,-2.8,-5.3,AUTOFIT,ok
Part C,70,Text 3,outlined,4.5,2.5,14.1,23.9,21.1,-2.8,-5.3,AUTOFIT,ok
Part A,54,Text 9,filled,9.0,7.0,16.6,35.5,32.6,-2.9,-9.9,AUTOFIT,ok
Part A,54,Text 10,filled,9.0,7.0,16.6,35.5,32.6,-2.9,-9.9,AUTOFIT,ok
Part C,41,Text 2,outlined,8.5,6.5,16.6,34.5,31.6,-2.9,-9.4,AUTOFIT,ok
Part C,41,Text 3,outlined,8.5,6.5,16.6,34.5,31.6,-2.9,-9.4,AUTOFIT,ok
Part C,41,Text 4,outlined,8.5,6.5,16.6,34.5,31.6,-2.9,-9.4,AUTOFIT,ok
Part C,41,Text 5,outlined,8.5,6.5,16.6,34.5,31.6,-2.9,-9.4,AUTOFIT,ok
Part C,41,Text 6,outlined,8.5,6.5,16.6,34.5,31.6,-2.9,-9.4,fixed,ok
Part C,41,Text 7,outlined,8.5,6.5,16.6,34.5,31.6,-2.9,-9.4,AUTOFIT,ok
Part C,45,Text 4,outlined,8.5,6.5,16.6,34.5,31.6,-2.9,-9.4,AUTOFIT,ok
Part C,45,Text 5,outlined,8.5,6.5,16.6,34.5,31.6,-2.9,-9.4,AUTOFIT,ok
Part C,45,Text 6,outlined,8.5,6.5,16.6,34.5,31.6,-2.9,-9.4,AUTOFIT,ok
Part C,45,Text 7,outlined,8.5,6.5,16.6,34.5,31.6,-2.9,-9.4,AUTOFIT,ok
Part C,50,Text 2,outlined,10.5,8.5,16.6,38.5,35.6,-2.9,-11.4,AUTOFIT,ok
Part C,50,Text 3,outlined,10.5,8.5,16.6,38.5,35.6,-2.9,-11.4,AUTOFIT,ok
Part C,50,Text 4,outlined,10.5,8.5,16.6,38.5,35.6,-2.9,-11.4,AUTOFIT,ok
Part C,53,Text 2,outlined,9.5,7.5,32.9,52.8,49.9,-2.9,-10.4,AUTOFIT,ok
Part C,53,Text 4,outlined,9.5,7.5,32.9,52.8,49.9,-2.9,-10.4,AUTOFIT,ok
Part C,55,Text 2,outlined,10.5,8.5,32.9,54.8,51.9,-2.9,-11.4,AUTOFIT,ok
Part C,55,Text 3,outlined,10.5,8.5,32.9,54.8,51.9,-2.9,-11.4,AUTOFIT,ok
Part C,55,Text 4,outlined,10.5,8.5,32.9,54.8,51.9,-2.9,-11.4,AUTOFIT,ok
Part C,55,Text 5,outlined,10.5,8.5,32.9,54.8,51.9,-2.9,-11.4,AUTOFIT,ok
Part C,58,Text 2,outlined,10.5,8.5,16.6,38.5,35.6,-2.9,-11.4,AUTOFIT,ok
Part C,58,Text 3,outlined,10.5,8.5,16.6,38.5,35.6,-2.9,-11.4,AUTOFIT,ok
Part C,58,Text 4,outlined,10.5,8.5,16.6,38.5,35.6,-2.9,-11.4,AUTOFIT,ok
Part C,60,Text 2,outlined,4.5,2.5,14.1,24.0,21.1,-2.9,-5.4,AUTOFIT,ok
Part C,60,Text 3,outlined,4.5,2.5,14.1,24.0,21.1,-2.9,-5.4,AUTOFIT,ok
Part C,62,Text 8,outlined,4.5,2.5,14.1,24.0,21.1,-2.9,-5.4,AUTOFIT,ok
Part C,63,Text 2,outlined,4.5,2.5,14.1,24.0,21.1,-2.9,-5.4,AUTOFIT,ok
Part C,63,Text 3,outlined,4.5,2.5,14.1,24.0,21.1,-2.9,-5.4,AUTOFIT,ok
Part C,64,Text 2,outlined,4.5,2.5,14.1,24.0,21.1,-2.9,-5.4,AUTOFIT,ok
Part C,64,Text 3,outlined,4.5,2.5,14.1,24.0,21.1,-2.9,-5.4,AUTOFIT,ok
Part C,68,Text 2,outlined,4.5,2.5,14.1,24.0,21.1,-2.9,-5.4,AUTOFIT,ok
Part C,68,Text 3,outlined,4.5,2.5,14.1,24.0,21.1,-2.9,-5.4,AUTOFIT,ok
Part C,69,Text 2,outlined,4.5,2.5,14.1,24.0,21.1,-2.9,-5.4,AUTOFIT,ok
Part C,69,Text 3,outlined,4.5,2.5,14.1,24.0,21.1,-2.9,-5.4,AUTOFIT,ok
Part C,71,Text 2,outlined,4.5,2.5,14.1,24.0,21.1,-2.9,-5.4,AUTOFIT,ok
Part C,71,Text 3,outlined,4.5,2.5,14.1,24.0,21.1,-2.9,-5.4,AUTOFIT,ok
Part C,72,Text 2,outlined,4.5,2.5,14.1,24.0,21.1,-2.9,-5.4,AUTOFIT,ok
Part C,72,Text 3,outlined,4.5,2.5,14.1,24.0,21.1,-2.9,-5.4,AUTOFIT,ok
Part C,74,Text 2,outlined,4.5,2.5,14.1,24.0,21.1,-2.9,-5.4,AUTOFIT,ok
Part C,75,Text 2,outlined,5.5,3.5,14.1,26.0,23.1,-2.9,-6.4,AUTOFIT,ok
Part C,75,Text 3,outlined,5.5,3.5,14.1,26.0,23.1,-2.9,-6.4,AUTOFIT,ok
Part C,75,Text 4,outlined,5.5,3.5,14.1,26.0,23.1,-2.9,-6.4,AUTOFIT,ok
Part C,75,Text 5,outlined,5.5,3.5,14.1,26.0,23.1,-2.9,-6.4,AUTOFIT,ok
Part C,75,Text 6,outlined,5.5,3.5,14.1,26.0,23.1,-2.9,-6.4,AUTOFIT,ok
Part C,75,Text 7,outlined,5.5,3.5,14.1,26.0,23.1,-2.9,-6.4,AUTOFIT,ok
Part C,75,Text 8,outlined,5.5,3.5,14.1,26.0,23.1,-2.9,-6.4,AUTOFIT,ok
Part C,75,Text 9,outlined,5.5,3.5,14.1,26.0,23.1,-2.9,-6.4,AUTOFIT,ok
Part C,75,Text 10,outlined,5.5,3.5,14.1,26.0,23.1,-2.9,-6.4,AUTOFIT,ok
Part C,75,Text 11,outlined,5.5,3.5,14.1,26.0,23.1,-2.9,-6.4,AUTOFIT,ok
Part C,75,Text 12,outlined,5.5,3.5,14.1,26.0,23.1,-2.9,-6.4,AUTOFIT,ok
Part C,75,Text 13,outlined,5.5,3.5,14.1,26.0,23.1,-2.9,-6.4,AUTOFIT,ok
Part C,75,Text 14,outlined,5.5,3.5,14.1,26.0,23.1,-2.9,-6.4,AUTOFIT,ok
Part C,75,Text 15,outlined,5.5,3.5,14.1,26.0,23.1,-2.9,-6.4,AUTOFIT,ok
Part C,75,Text 16,outlined,5.5,3.5,14.1,26.0,23.1,-2.9,-6.4,AUTOFIT,ok
Part C,75,Text 17,outlined,5.5,3.5,14.1,26.0,23.1,-2.9,-6.4,AUTOFIT,ok
Part C,75,Text 18,outlined,5.5,3.5,14.1,26.0,23.1,-2.9,-6.4,AUTOFIT,ok
Part C,76,Text 21,outlined,9.5,7.5,32.9,52.8,49.9,-2.9,-10.4,AUTOFIT,ok
Part B,7,Text 3,filled,12.0,10.0,32.6,57.6,54.6,-3.0,-13.0,AUTOFIT,ok
Part B,7,Text 4,filled,12.0,10.0,32.6,57.6,54.6,-3.0,-13.0,AUTOFIT,ok
Part B,7,Text 5,filled,12.0,10.0,32.6,57.6,54.6,-3.0,-13.0,AUTOFIT,ok
Part B,7,Text 6,filled,12.2,10.2,32.6,58.1,55.1,-3.0,-13.2,AUTOFIT,ok
Part B,7,Text 7,filled,12.2,10.2,32.6,58.1,55.1,-3.0,-13.2,AUTOFIT,ok
Part B,7,Text 8,filled,12.0,11.0,32.6,58.6,55.6,-3.0,-14.0,AUTOFIT,ok
Part C,3,Text 12,outlined,3.5,1.5,32.6,40.6,37.6,-3.0,-4.5,AUTOFIT,ok
Part C,3,Text 18,outlined,3.5,1.5,32.6,40.6,37.6,-3.0,-4.5,AUTOFIT,ok
Part C,51,Text 2,outlined,9.5,7.5,15.9,35.9,32.9,-3.0,-10.5,AUTOFIT,ok
Part C,51,Text 3,outlined,9.5,7.5,15.9,35.9,32.9,-3.0,-10.5,AUTOFIT,ok
Part C,51,Text 4,outlined,9.5,7.5,15.9,35.9,32.9,-3.0,-10.5,AUTOFIT,ok
Part C,51,Text 5,outlined,9.5,7.5,15.9,35.9,32.9,-3.0,-10.5,AUTOFIT,ok
Part C,56,Text 2,outlined,14.5,12.5,29.7,59.8,56.7,-3.1,-15.6,AUTOFIT,ok
Part A,4,Text 3,filled,4.0,2.0,15.6,24.8,21.6,-3.2,-5.2,AUTOFIT,ok
Part A,4,Text 6,outlined,3.5,1.5,15.6,23.8,20.6,-3.2,-4.7,AUTOFIT,ok
Part A,4,Text 9,outlined,3.5,1.5,15.6,23.8,20.6,-3.2,-4.7,AUTOFIT,ok
Part A,4,Text 13,outlined,3.5,1.5,15.6,23.8,20.6,-3.2,-4.7,AUTOFIT,ok
Part A,54,Text 6,filled,8.0,6.0,15.6,32.8,29.6,-3.2,-9.2,AUTOFIT,ok
Part A,54,Text 20,filled,8.0,6.0,15.6,32.8,29.6,-3.2,-9.2,AUTOFIT,ok
Part C,3,Text 3,filled,4.0,2.0,15.6,24.8,21.6,-3.2,-5.2,AUTOFIT,ok
Part C,3,Text 5,outlined,3.5,1.5,15.6,23.8,20.6,-3.2,-4.7,AUTOFIT,ok
Part C,3,Text 7,outlined,3.5,1.5,15.6,23.8,20.6,-3.2,-4.7,AUTOFIT,ok
Part C,3,Text 9,outlined,3.5,1.5,15.6,23.8,20.6,-3.2,-4.7,AUTOFIT,ok
Part C,3,Text 14,outlined,3.5,1.5,15.6,23.8,20.6,-3.2,-4.7,AUTOFIT,ok
Part C,3,Text 20,outlined,3.5,1.5,15.6,23.8,20.6,-3.2,-4.7,AUTOFIT,ok
Part C,24,Text 15,outlined,6.5,4.5,15.6,29.8,26.6,-3.2,-7.7,AUTOFIT,ok
Part C,24,Text 16,outlined,6.5,4.5,15.6,29.8,26.6,-3.2,-7.7,AUTOFIT,ok
Part C,24,Text 17,outlined,6.5,4.5,15.6,29.8,26.6,-3.2,-7.7,AUTOFIT,ok
Part C,24,Text 18,outlined,6.5,4.5,15.6,29.8,26.6,-3.2,-7.7,AUTOFIT,ok
Part C,24,Text 19,outlined,6.5,4.5,15.6,29.8,26.6,-3.2,-7.7,AUTOFIT,ok
Part C,24,Text 20,outlined,6.5,4.5,15.6,29.8,26.6,-3.2,-7.7,AUTOFIT,ok
Part C,27,Text 13,outlined,6.5,4.5,15.6,29.8,26.6,-3.2,-7.7,AUTOFIT,ok
Part C,27,Text 14,outlined,6.5,4.5,15.6,29.8,26.6,-3.2,-7.7,AUTOFIT,ok
Part C,31,Text 3,outlined,6.5,4.5,15.6,29.8,26.6,-3.2,-7.7,AUTOFIT,ok
Part C,31,Text 4,outlined,6.5,4.5,15.6,29.8,26.6,-3.2,-7.7,AUTOFIT,ok
Part C,31,Text 5,outlined,6.5,4.5,15.6,29.8,26.6,-3.2,-7.7,AUTOFIT,ok
Part C,31,Text 6,outlined,6.5,4.5,15.6,29.8,26.6,-3.2,-7.7,AUTOFIT,ok
Part C,33,Text 3,outlined,7.5,5.5,15.6,31.8,28.6,-3.2,-8.7,AUTOFIT,ok
Part C,33,Text 4,outlined,7.5,5.5,15.6,31.8,28.6,-3.2,-8.7,AUTOFIT,ok
Part C,33,Text 5,outlined,7.5,5.5,15.6,31.8,28.6,-3.2,-8.7,AUTOFIT,ok
Part C,33,Text 6,outlined,7.5,5.5,15.6,31.8,28.6,-3.2,-8.7,AUTOFIT,ok
Part C,33,Text 7,outlined,7.5,5.5,15.6,31.8,28.6,-3.2,-8.7,AUTOFIT,ok
Part C,33,Text 8,outlined,7.5,5.5,15.6,31.8,28.6,-3.2,-8.7,AUTOFIT,ok
Part C,42,Text 3,outlined,7.5,5.5,15.6,31.8,28.6,-3.2,-8.7,AUTOFIT,ok
Part C,42,Text 4,outlined,7.5,5.5,15.6,31.8,28.6,-3.2,-8.7,AUTOFIT,ok
Part C,42,Text 5,outlined,7.5,5.5,15.6,31.8,28.6,-3.2,-8.7,AUTOFIT,ok
Part C,42,Text 6,outlined,7.5,5.5,15.6,31.8,28.6,-3.2,-8.7,AUTOFIT,ok
Part C,42,Text 7,outlined,7.5,5.5,15.6,31.8,28.6,-3.2,-8.7,AUTOFIT,ok
Part C,42,Text 8,outlined,7.5,5.5,15.6,31.8,28.6,-3.2,-8.7,AUTOFIT,ok
Part C,48,Text 11,outlined,6.5,4.5,15.6,29.8,26.6,-3.2,-7.7,AUTOFIT,ok
Part C,48,Text 12,outlined,6.5,4.5,15.6,29.8,26.6,-3.2,-7.7,AUTOFIT,ok
Part C,50,Text 5,outlined,6.5,4.5,15.6,29.8,26.6,-3.2,-7.7,AUTOFIT,ok
Part C,50,Text 6,outlined,6.5,4.5,15.6,29.8,26.6,-3.2,-7.7,AUTOFIT,ok
Part C,50,Text 7,outlined,6.5,4.5,15.6,29.8,26.6,-3.2,-7.7,AUTOFIT,ok
Part C,50,Text 8,outlined,6.5,4.5,15.6,29.8,26.6,-3.2,-7.7,AUTOFIT,ok
Part C,53,Text 6,outlined,6.5,4.5,15.6,29.8,26.6,-3.2,-7.7,AUTOFIT,ok
Part C,53,Text 7,outlined,6.5,4.5,15.6,29.8,26.6,-3.2,-7.7,AUTOFIT,ok
Part C,55,Text 6,outlined,6.5,4.5,15.6,29.8,26.6,-3.2,-7.7,AUTOFIT,ok
Part C,55,Text 7,outlined,6.5,4.5,15.6,29.8,26.6,-3.2,-7.7,AUTOFIT,ok
Part C,58,Text 5,outlined,6.5,4.5,15.6,29.8,26.6,-3.2,-7.7,AUTOFIT,ok
Part C,58,Text 6,outlined,6.5,4.5,15.6,29.8,26.6,-3.2,-7.7,AUTOFIT,ok
Part C,73,Text 2,filled,4.0,2.0,15.6,24.8,21.6,-3.2,-5.2,AUTOFIT,ok
Part C,73,Text 9,filled,4.0,2.0,15.6,24.8,21.6,-3.2,-5.2,AUTOFIT,ok
Part C,73,Text 16,filled,4.0,2.0,15.6,24.8,21.6,-3.2,-5.2,AUTOFIT,ok
Part C,73,Text 23,filled,4.0,2.0,15.6,24.8,21.6,-3.2,-5.2,AUTOFIT,ok
Part C,17,Text 18,outlined,8.5,6.5,36.4,54.7,51.4,-3.3,-9.8,AUTOFIT,ok
Part C,25,Text 3,outlined,10.5,8.5,17.6,39.9,36.6,-3.3,-11.8,AUTOFIT,ok
Part C,25,Text 4,outlined,10.5,8.5,17.6,39.9,36.6,-3.3,-11.8,AUTOFIT,ok
Part C,25,Text 5,outlined,10.5,8.5,17.6,39.9,36.6,-3.3,-11.8,AUTOFIT,ok
Part C,29,Text 3,filled,7.5,5.5,18.3,34.6,31.3,-3.3,-8.8,AUTOFIT,ok
Part C,29,Text 4,outlined,7.5,5.5,18.3,34.6,31.3,-3.3,-8.8,AUTOFIT,ok
Part C,29,Text 5,outlined,7.5,5.5,18.3,34.6,31.3,-3.3,-8.8,AUTOFIT,ok
Part C,29,Text 7,outlined,7.5,5.5,18.3,34.6,31.3,-3.3,-8.8,AUTOFIT,ok
Part C,29,Text 8,outlined,7.5,5.5,18.3,34.6,31.3,-3.3,-8.8,AUTOFIT,ok
Part C,29,Text 9,outlined,7.5,5.5,18.3,34.6,31.3,-3.3,-8.8,AUTOFIT,ok
Part C,56,Text 3,outlined,7.5,5.5,14.9,31.2,27.9,-3.3,-8.8,AUTOFIT,ok
Part C,56,Text 4,outlined,7.5,5.5,14.9,31.2,27.9,-3.3,-8.8,AUTOFIT,ok
Part C,56,Text 5,outlined,7.5,5.5,14.9,31.2,27.9,-3.3,-8.8,AUTOFIT,ok
Part C,56,Text 6,outlined,7.5,5.5,14.9,31.2,27.9,-3.3,-8.8,AUTOFIT,ok
Part A,53,Text 13,filled,9.0,7.0,16.6,36.2,32.6,-3.6,-10.6,AUTOFIT,ok
Part A,54,Text 4,outlined,8.5,6.5,16.6,35.2,31.6,-3.6,-10.1,AUTOFIT,ok
Part A,54,Text 5,outlined,8.5,6.5,16.6,35.2,31.6,-3.6,-10.1,AUTOFIT,ok
Part C,1,Text 4,filled,8.5,6.5,16.6,35.2,31.6,-3.6,-10.1,AUTOFIT,ok
Part C,8,Text 7,outlined,7.5,5.5,16.6,33.2,29.6,-3.6,-9.1,AUTOFIT,ok
Part C,8,Text 8,outlined,7.5,5.5,16.6,33.2,29.6,-3.6,-9.1,AUTOFIT,ok
Part C,8,Text 9,outlined,7.5,5.5,16.6,33.2,29.6,-3.6,-9.1,AUTOFIT,ok
Part C,8,Text 10,outlined,7.5,5.5,16.6,33.2,29.6,-3.6,-9.1,AUTOFIT,ok
Part C,8,Text 11,outlined,7.5,5.5,16.6,33.2,29.6,-3.6,-9.1,AUTOFIT,ok
Part C,8,Text 12,outlined,7.5,5.5,16.6,33.2,29.6,-3.6,-9.1,AUTOFIT,ok
Part C,8,Text 13,outlined,7.5,5.5,16.6,33.2,29.6,-3.6,-9.1,AUTOFIT,ok
Part C,8,Text 14,outlined,7.5,5.5,16.6,33.2,29.6,-3.6,-9.1,AUTOFIT,ok
Part C,8,Text 15,outlined,7.5,5.5,16.6,33.2,29.6,-3.6,-9.1,AUTOFIT,ok
Part C,8,Text 16,outlined,7.5,5.5,16.6,33.2,29.6,-3.6,-9.1,AUTOFIT,ok
Part C,8,Text 17,outlined,7.5,5.5,16.6,33.2,29.6,-3.6,-9.1,AUTOFIT,ok
Part C,10,Text 11,outlined,7.5,5.5,16.6,33.2,29.6,-3.6,-9.1,AUTOFIT,ok
Part C,36,Text 2,outlined,8.5,6.5,16.6,35.2,31.6,-3.6,-10.1,AUTOFIT,ok
Part C,36,Text 3,outlined,8.5,6.5,16.6,35.2,31.6,-3.6,-10.1,AUTOFIT,ok
Part C,36,Text 4,outlined,8.5,6.5,16.6,35.2,31.6,-3.6,-10.1,AUTOFIT,ok
Part C,36,Text 5,outlined,8.5,6.5,16.6,35.2,31.6,-3.6,-10.1,AUTOFIT,ok
Part C,36,Text 6,outlined,8.5,6.5,16.6,35.2,31.6,-3.6,-10.1,AUTOFIT,ok
Part C,36,Text 7,outlined,8.5,6.5,16.6,35.2,31.6,-3.6,-10.1,AUTOFIT,ok
Part C,36,Text 8,outlined,8.5,6.5,16.6,35.2,31.6,-3.6,-10.1,AUTOFIT,ok
Part C,36,Text 9,outlined,8.5,6.5,16.6,35.2,31.6,-3.6,-10.1,AUTOFIT,ok
Part B,2,Text 7,outlined,2.1,0.1,32.6,38.6,34.7,-3.9,-3.9,AUTOFIT,ok
Part B,2,Text 5,outlined,2.1,0.1,15.6,21.8,17.7,-4.1,-4.1,AUTOFIT,ok
Part B,2,Text 9,outlined,2.1,0.1,15.6,21.8,17.7,-4.1,-4.1,AUTOFIT,ok
Part B,2,Text 3,filled,2.4,0.4,15.6,22.8,18.4,-4.3,-4.8,AUTOFIT,ok
Part C,76,Text 20,filled,9.0,7.0,32.9,53.8,48.9,-4.9,-11.9,fixed,ok
Part A,26,Text 5,outlined,0.0,0.0,15.6,21.8,15.6,-6.2,-6.2,AUTOFIT,ok
Part A,26,Text 8,outlined,0.0,0.0,15.6,21.8,15.6,-6.2,-6.2,AUTOFIT,ok
Part C,56,Text 9,outlined,7.5,5.5,30.9,50.4,43.9,-6.5,-12.0,fixed,ok
Part A,26,Text 2,outlined,0.0,0.0,15.6,23.8,15.6,-8.2,-8.2,AUTOFIT,ok
Part A,68,Text 8,filled,0.0,0.0,15.6,24.8,15.6,-9.2,-9.2,AUTOFIT,ok
Part A,48,Text 5,filled,0.0,0.0,21.2,32.4,21.2,-11.2,-11.2,AUTOFIT,ok
Part A,48,Text 7,filled,0.0,0.0,21.2,32.4,21.2,-11.2,-11.2,AUTOFIT,ok
Part A,48,Text 12,filled,0.0,0.0,21.2,32.4,21.2,-11.2,-11.2,AUTOFIT,ok
Part A,48,Text 17,filled,0.0,0.0,21.2,32.4,21.2,-11.2,-11.2,AUTOFIT,ok
Part A,31,Text 11,outlined,0.5,0.0,28.0,46.5,28.5,-18.0,-18.0,AUTOFIT,ok
Part C,53,Text 3,outlined,9.5,7.5,15.9,52.8,32.9,-19.9,-27.4,AUTOFIT,ok
Part C,53,Text 5,outlined,9.5,7.5,15.9,52.8,32.9,-19.9,-27.4,AUTOFIT,ok
Part C,3,Text 16,outlined,3.5,1.5,15.6,40.6,20.6,-20.0,-21.5,AUTOFIT,ok
Part C,45,Text 2,outlined,8.5,6.5,16.6,52.1,31.6,-20.5,-27.0,AUTOFIT,ok
Part A,31,Text 14,outlined,0.5,0.0,14.0,39.0,14.5,-24.5,-24.5,AUTOFIT,ok
Part A,56,Text 6,filled,0.5,0.5,15.6,54.0,16.6,-37.4,-37.9,AUTOFIT,ok
Part B,26,Flow box 5,outlined,7.2,0.0,72.6,136.8,79.8,-57.0,-57.0,fixed,ok
Part A,57,Text 3,outlined,10.5,10.5,15.6,99.0,36.6,-62.4,-72.9,AUTOFIT,ok
Part A,57,Text 2,filled,10.0,10.0,15.6,100.0,35.6,-64.4,-74.4,AUTOFIT,ok
Part B,26,Flow box 1,outlined,7.2,0.0,61.2,136.8,68.4,-68.4,-68.4,fixed,ok
Part B,26,Flow box 3,outlined,7.2,0.0,61.2,136.8,68.4,-68.4,-68.4,fixed,ok
Part B,26,Flow box 4,outlined,7.2,0.0,61.2,136.8,68.4,-68.4,-68.4,fixed,ok
Part B,26,Flow box 2,outlined,7.2,0.0,49.8,136.8,57.0,-79.8,-79.8,fixed,ok
Part A,30,Text 16,outlined,0.5,0.5,40.3,124.0,41.3,-82.7,-83.2,AUTOFIT,ok
Part A,68,Text 2,filled,10.5,10.5,15.6,148.7,36.6,-112.1,-122.6,AUTOFIT,ok
Part A,68,Text 3,filled,10.0,10.0,15.6,149.7,35.6,-114.1,-124.1,AUTOFIT,ok
Part A,68,Text 4,filled,10.0,10.0,15.6,149.7,35.6,-114.1,-124.1,AUTOFIT,ok
Part A,67,Text 15,outlined,14.5,14.5,15.6,181.6,44.6,-137.0,-151.5,AUTOFIT,ok
