Decision ID,Title,Status,Owner,Decision,Effective scope,Does this close an evidence gate?,Affected gates,Remaining evidence,Source / authority,Date recorded
OD-G01,Arabic-first correspondence,APPROVED,Brand Owner,"For Saudi/GCC bilingual business correspondence Arabic leads and English follows. Latin technical identifiers, filenames, URLs, codes and system references stay Latin/LTR. The GEM logo is never mirrored.",Correspondence only. It does NOT broaden S07 beyond its existing wayfinding scope.,NO,VAL-07; AC10,Native Arabic linguistic review (44-item queue); continuous production RTL layouts; screen-reader order; AC10 Brand Owner decision.,"Brand Owner instruction in the OD01 task brief, 2026-10-09. No individual name, signature or time was supplied; none is invented.",2026-10-09
OD-G02,Accessibility title policy,APPROVED,Brand Owner,"Every slide needing semantic navigation should have a meaningful accessibility title. Remediation must not alter approved visible geometry merely to satisfy a native checker. Use an existing visible heading where it can safely serve; otherwise a non-visible structural title only if visually neutral, semantically accurate and geometry-neutral. Title wording that needs interpretation is provided or approved by the Accessibility Content Owner.",Future title remediation in Parts A-D candidates.,NO,VAL-08,30 unresolved slide titles still need an owner disposition; assistive-technology testing.,"Brand Owner instruction in the OD01 task brief, 2026-10-09. No individual name, signature or time was supplied; none is invented.",2026-10-09
OD-G03,Alt-text ownership,APPROVED,Brand Owner,"Informative imagery gets concise, meaningful alt text written or approved by the Accessibility Content Owner. Decorative, redundant, background and ornamental assets are marked decorative where supported. Generic filler descriptions that add no information are not acceptable.",All informative imagery in Parts A-D candidates.,NO,VAL-08,"23 Part D product-image alt-text items, 6 generic Part D alt texts and 89 unclassified shapes still need an owner disposition.","Brand Owner instruction in the OD01 task brief, 2026-10-09. No individual name, signature or time was supplied; none is invented.",2026-10-09
OD-G04,Reading order,APPROVED,Brand Owner,Final semantic reading order is validated manually through assistive-technology review. PowerPoint z-order or heuristic checker output is not changed in bulk without evidence that the resulting order is correct and visually safe.,Reading-order handling for Parts A-D candidates.,NO,VAL-07; VAL-08,Manual assistive-technology review (200 heuristic-flagged slides and 7 Arabic/bilingual slides); screen-reader test matrix (13 scenarios) not run.,"Brand Owner instruction in the OD01 task brief, 2026-10-09. No individual name, signature or time was supplied; none is invented.",2026-10-09
OD-G05,Contrast,APPROVED,Brand Owner,"The approved GEM palette is unchanged. Beige #BCACA7 on White #FFFFFF is not used for functional small text or other text needing WCAG AA contrast. The pairing may remain in palette specimens, demonstrations, decorative contexts and non-essential visual uses. The palette itself is not inferred to need change.",Palette-use policy. Treats the Beige-on-White pair on Part A slide 33 (a specimen candidate) as a policy matter.,NO,VAL-08,Contrast of 113 text runs over pictures (manual); formal exceptions; confirmation that Part A slide 33 is a specimen.,"Brand Owner instruction in the OD01 task brief, 2026-10-09. No individual name, signature or time was supplied; none is invented.",2026-10-09
OD-G06,Arabic / bilingual footer localization,APPROVED,Brand Owner,"Functional labels in Arabic and bilingual correspondence, including page labels where relevant, are localized appropriately. Tagline treatment follows the formally approved bilingual brand-language rule. No Arabic translation counts as linguistically approved until native Arabic linguistic review is complete.",Arabic and bilingual correspondence footers and functional labels.,NO,VAL-07; AC10,Native Arabic linguistic sign-off of every localized label and the tagline translation.,"Brand Owner instruction in the OD01 task brief, 2026-10-09. No individual name, signature or time was supplied; none is invented.",2026-10-09
OD-G07,Latin technical IDs,APPROVED,Brand Owner,"Technical identifiers stay in original Latin/LTR form inside Arabic and bilingual content. Latin language metadata is used where technically appropriate. Inter may be used for Latin technical identifiers only if it can be introduced without disrupting native layout, bidi behavior stays correct and native validation confirms it; otherwise the validated existing typography is preserved. No unnecessary mixed-script changes are forced.",Latin technical identifiers within Arabic and bilingual content.,NO,VAL-05; VAL-07; VAL-19; Y03,"Native validation of any Inter introduction; font licence and build verification (Y03, VAL-05).","Brand Owner instruction in the OD01 task brief, 2026-10-09. No individual name, signature or time was supplied; none is invented.",2026-10-09
OD-G08,Word section direction,APPROVED,Brand Owner,Section-level RTL is not forced for consistency where paragraph- and run-level bidi settings already give correct native behavior. Section direction changes only when native Microsoft Word evidence shows a functional issue.,Word letterhead templates.,NO,VAL-07,Windows Word and Word Online validation; multi-page continuation flow with real content.,"Brand Owner instruction in the OD01 task brief, 2026-10-09. No individual name, signature or time was supplied; none is invented.",2026-10-09
OD-G09,Native Arabic Reviewer / Localization Lead,ASSIGNED,Brand Owner,"Role assigned to Mashal: Native Arabic Reviewer / Localization Lead. Authority: translation accuracy, Saudi/GCC terminology, punctuation, numeral convention, bilingual phrasing, tone, tagline translation and linguistic sign-off. The assignment identifies the authorized reviewer. It does not complete the 44-item Arabic reviewer queue.",Role assignment. Assignee: Mashal (first name only as supplied).,NO,VAL-07; AC10; AC19 (role holder),The 44-item queue must actually be reviewed and evidenced. Whether this role is the Register role 'Arabic / Localization Lead' needs owner confirmation.,"Brand Owner instruction in the OD01 task brief, 2026-10-09. No individual name, signature or time was supplied; none is invented.",2026-10-09
OD-G10,Accessibility Content Owner / Brand Content Owner,ASSIGNED,Brand Owner,"Role assigned to Mashal: Accessibility Content Owner / Brand Content Owner. Authority: semantic slide-title decisions, image purpose, alt text, complex visual descriptions, informative/decorative/redundant classification and ambiguous accessibility-content decisions. The assignment does not resolve the 30 unresolved slide titles, the 23 Part D product-image alt-text items or the remaining ambiguous objects.",Role assignment. Assignee: Mashal (first name only as supplied). This role is not one of the 12 Register roles.,NO,VAL-08,"30 titles, 23 Part D alt-text items, 6 generic alt texts and 89 unclassified shapes still need decisions exercised and recorded.","Brand Owner instruction in the OD01 task brief, 2026-10-09. No individual name, signature or time was supplied; none is invented.",2026-10-09
OD-G11,Repository / Legal-IP visibility policy,RESOLVED — OWNER REPOSITORY VISIBILITY APPROVAL,Brand Owner,"Owner label: 'C — CURRENT PUBLIC REPOSITORY APPROVED'. The current GEM repository may remain public; public visibility is approved for the current repository and future controlled project material. This is an owner decision, not a legal opinion. It is not evidence of trademark availability, logo-artwork ownership, font licences, image/model/property rights, third-party marks, supplier legal clauses or publication rights for every asset. Note: the label 'C' is the owner's; option C in the D7 package reads 'Make repository private' and was NOT selected (see 06).","mish3labdul/GEM (origin), as named by the D7 package. The second public repository mashaelalh/GEM is not covered by this record.",NO,D7 (owner visibility decision only); VAL-03; VAL-04; VAL-05; VAL-06; Y01; Y02; Y03; Y04,All Legal/IP evidence stays open where the governing gates require it.,"Brand Owner instruction in the OD01 task brief, 2026-10-09. No individual name, signature or time was supplied; none is invented.",2026-10-09
OD-G12,AC20 final release authorization,OPEN — FINAL RELEASE AUTHORIZATION PENDING,Brand Owner,"Keep AC20 open. 'Brand Owner release authorization shall occur only after the required upstream validation, Legal/IP, localization, accessibility, production and release-consistency evidence has been satisfactorily dispositioned or formally deferred by authorized owners.'","AC20 only. No release, approval or production-ready label is authorized.",NO,AC20 (and every upstream gate it depends on),All upstream evidence; a named Brand Owner holder (Register 'Owners & Governance' requires it before AC20 authorization).,"Brand Owner instruction in the OD01 task brief, 2026-10-09. No individual name, signature or time was supplied; none is invented.",2026-10-09
