ID,Evidence requirement,Owner,Current status,Owner decision impact,Technical evidence available,Human/legal/supplier evidence missing,Next action,Can close now?
VAL-01,Signed architecture and commercial-scope decision,Brand Owner + Commercial Lead,In progress,None from OD-G01 to OD-G12,Target architecture pre-decided in the Register,Operational capability evidence; named commercial approval,Name the Commercial Lead; obtain commercial approval,NO
VAL-02,Production logo master verification,Design Custodian,"Not started (Register); vector kit received, acceptance pending",None from OD-G01 to OD-G12,Vector kit received (SVG/PDF/EPS/PNG),Brand Owner acceptance as production master; master artwork ID and version,Owner acceptance decision,NO
VAL-03,Trademark / distinctiveness legal review,Legal / IP Counsel,Not started,OD-G11: none (visibility is not legal clearance),None,Target-market clearance or documented legal advice,Commission Legal/IP review,NO
VAL-04,Logo artwork ownership / rights evidence,Brand Owner / Legal,Not started,OD-G11: none,None,Executed ownership or assignment evidence,Obtain and archive evidence,NO
VAL-05,Font licence and deployment verification,Design Custodian / Legal,In progress,OD-G07 permits Inter for Latin IDs only where natively validated; OD-G11: none,OFL material referenced in source packages; 400-only implementation (D5),Exact final builds and deployment/distribution licence verification; accepted 500-weight files,Verify licences and builds,NO
VAL-06,Image / model / property rights register,Art Direction / Legal,Not started,OD-G11: none,None,"Rights, source and usage metadata for every approved production image",Build the rights register,NO
VAL-07,Arabic / RTL native QA,Arabic / Localization Lead,Not started,"OD-G01, G04, G06, G07, G08 policy; OD-G09 reviewer assigned",AR01 native technical validation (PowerPoint and Word); AX01 metadata preserved,Native linguistic review of 44 items; screen-reader order; production RTL layouts; numeral sign-off; Windows Word and Word Online,Mashal executes the Arabic review queue,NO
VAL-08,Accessibility implementation QA,Accessibility QA,In progress,"OD-G02, G03, G04, G05 policy; OD-G10 content owner assigned","AX01 native checker before/after; 576 Category A fixes; tables, titles (24 applied), decorative flags (486)",Assistive-technology testing (EN and AR); 30 titles; 23 + 89 + 6 alt-text items; contrast over pictures; formal exceptions; independent QA,Mashal works the accessibility content queue; schedule AT testing,NO
VAL-09,Packaging pilot physical proof,Product + Procurement + Supplier QA,Not started,None from OD-G01 to OD-G12,None,"Supplier dielines, proofs and signed sample",Supplier engagement,NO
VAL-10,Packaging / product regulatory and claims review,Product / Regulatory / Legal,Not started,None from OD-G01 to OD-G12,None,"Per-SKU, per-market regulatory evidence",Regulatory review,NO
VAL-11,Supplier production acceptance,Procurement + Supplier QA,Not started,None from OD-G01 to OD-G12,None,Signed supplier acceptance,Supplier engagement,NO
VAL-12,Wayfinding fabrication / physical legibility QA,Environmental Design + Accessibility QA,Deferred,OD-G01 expressly leaves S07 at its wayfinding scope,None,Whole record (deferred until a live property brief exists),None until a property brief exists,NO
VAL-13,Digital tokens and component implementation,Digital Design + Engineering,In progress,None from OD-G01 to OD-G12,Derived token package (153 tokens),Component source; Storybook; independent implementation QA,Locate or build the living source (OD-SRC),NO
VAL-14,Motion / reduced-motion master QA,Motion / Digital Lead,In progress,None from OD-G01 to OD-G12,None,Production motion masters and reduced-motion equivalents,Validate masters,NO
VAL-15,Native presentation / PDF QA,Presentation Production / QA,Not started,None from OD-G01 to OD-G12,"Native PowerPoint and Word open/render checks of candidates (NP01, NP01-R1, AR01, AX01); no final deliverables",Save/reopen/export of final deliverables; tagged-PDF accessibility; Acrobat,Await final deliverables,NO
VAL-16,Controlled release manifest,Asset Librarian,Not started,None from OD-G01 to OD-G12,Per-package manifests and SHA-256 lists exist; no release archive,Final release archive manifest; asset-ID and checksum convention (REQUIRES OWNER),Await release archive,NO
VAL-17,Guideline usability test,Brand Governance / Independent Tester,Not started,None from OD-G01 to OD-G12,None,Independent usability test,Run once final guidelines are assembled,NO
VAL-18,NOT ALLOCATED (no such gate; not used),n/a,NOT ALLOCATED,n/a,n/a,n/a,None - do not create or close,n/a
VAL-19,Typography architecture and tracking QA,Design Custodian / Presentation QA,In progress,OD-G07 (typography of Latin IDs only),None new,Exact licensed builds; optical/native tracking QA,Optical and native QA,NO
VAL-20,"Responsive, locale and living digital-system QA",Digital Design + Engineering + Localization QA,Not started,None from OD-G01 to OD-G12,None,Implementation testing,Await implementation,NO
VAL-21,Cross-document release consistency,Brand Governance / Design Custodian,Not started,OD01 adds an owner-decision layer a future VAL-21 check must include,Automated consistency check on RC2 Parts A-C (112/112); no formal sign-off,Formal cross-document sign-off,Perform after assembly of final documents,NO
Y01,Trademark availability / registration legally reviewed,Legal / IP Counsel,Evidence Required,OD-G11: none,None,Target-market trademark clearance evidence,Commission legal review,NO
Y02,Logo artwork ownership documented,Brand Owner + Legal / IP Counsel,Evidence Required,OD-G11: none,None,Executed ownership or assignment evidence,Obtain evidence,NO
Y03,Font licences adequate for print/web/app use,Design Custodian + Legal / IP Counsel,Evidence Required,OD-G11: none; OD-G07 Inter policy,OFL material referenced,Exact build and deployment verification,Verify licences,NO
Y04,Image/model/property rights documented,Design Custodian / Art Direction + Legal / IP Counsel,Evidence Required,OD-G11: none,None,Complete rights register,Build rights register,NO
AC07,Master artwork approved,Brand Owner,Evidence Required,None from OD-G01 to OD-G12,Vector kit received,"Final vector production masters, no-spark micro mark, all configurations verified",Owner acceptance after verification,NO
AC10,Arabic system approved or formally deferred,Brand Owner,Evidence Required,OD-G09 names the reviewer; no approval or deferral exercised,AR01 technical validation,"Native RTL/localization/accessibility QA, or a formal deferral where the Register allows it",Mashal reviews; Brand Owner then decides or formally defers,NO
AC17,Production specifications approved,Brand Owner,Evidence Required,None from OD-G01 to OD-G12,None,Supplier-ready specifications and physical/fabrication validation,Supplier and fabrication evidence,NO
AC19,Governance model approved (named role holders required before release),Brand Owner,OPEN / HOLDER CONDITION INCOMPLETE (Register status: Approved with modification),"OD-G09 names 1 of the 12 canonical roles (owner-confirmed); OD-G10 is a working assignment, not a canonical role",None,"All 12 role holders named, including the Brand Owner",Owner names the remaining holders,NO
AC20,Brand Owner release authorization,Brand Owner,OPEN / FINAL RELEASE AUTHORIZATION PENDING,OD-G12 keeps it open,None,Upstream evidence closed or formally dispositioned/deferred by authorized owners where the governing system permits; named Brand Owner holder,Await upstream evidence,NO
OD-TPL,"Templates (PowerPoint master, documents, social, email, wayfinding)",Design Custodian,Open deliverable,None from OD-G01 to OD-G12,Letterhead set (working application),Remaining templates,Produce templates,NO
OD-SRC,Part B living source: tokens.json + component bundle + Storybook,Digital Design Lead / Engineering Lead,Open,None from OD-G01 to OD-G12,Editable deck source controlled,Living digital source,Locate or build,NO
