Item ID,Document,Slide,Object/category,Decision required,Current technical classification,Owner disposition,Approved title/alt-text reference,Status
OD01-AC-T01,Part A,1,Slide title: A. Visible heading exists but is not structurally recognized,"Approve title wording for this slide; implementation per OD-G02 (use an existing visible heading where safe, otherwise a visually neutral, geometry-neutral structural title). AX01 note: CONTENT / GOVERNANCE DECISION REQUIRED: the tested title mapping shifts the heading about 0.8 pt; not applied, no compensating geometry or hidden title (visible layout authoritative)",A. Visible heading exists but is not structurally recognized / NOT APPLIED (visible shift measured natively; owner decision),,,PENDING
OD01-AC-T02,Part A,12,Slide title: E. Title structure requires governance/content decision,"Approve title wording for this slide; implementation per OD-G02 (use an existing visible heading where safe, otherwise a visually neutral, geometry-neutral structural title). AX01 note: Slide has a small label (eyebrow) and several parallel statements; whether the label or a new concise title should become the title is a content decision; not changed",E. Title structure requires governance/content decision / NOT APPLIED (content owner / governance),,,PENDING
OD01-AC-T03,Part A,19,Slide title: E. Title structure requires governance/content decision,"Approve title wording for this slide; implementation per OD-G02 (use an existing visible heading where safe, otherwise a visually neutral, geometry-neutral structural title). AX01 note: Slide has a small label (eyebrow) and several parallel statements; whether the label or a new concise title should become the title is a content decision; not changed",E. Title structure requires governance/content decision / NOT APPLIED (content owner / governance),,,PENDING
OD01-AC-T04,Part A,20,Slide title: E. Title structure requires governance/content decision,"Approve title wording for this slide; implementation per OD-G02 (use an existing visible heading where safe, otherwise a visually neutral, geometry-neutral structural title). AX01 note: Slide has a small label (eyebrow) and several parallel statements; whether the label or a new concise title should become the title is a content decision; not changed",E. Title structure requires governance/content decision / NOT APPLIED (content owner / governance),,,PENDING
OD01-AC-T05,Part A,23,Slide title: E. Title structure requires governance/content decision,"Approve title wording for this slide; implementation per OD-G02 (use an existing visible heading where safe, otherwise a visually neutral, geometry-neutral structural title). AX01 note: Slide has a small label (eyebrow) and several parallel statements; whether the label or a new concise title should become the title is a content decision; not changed",E. Title structure requires governance/content decision / NOT APPLIED (content owner / governance),,,PENDING
OD01-AC-T06,Part A,26,Slide title: E. Title structure requires governance/content decision,"Approve title wording for this slide; implementation per OD-G02 (use an existing visible heading where safe, otherwise a visually neutral, geometry-neutral structural title). AX01 note: Slide has a small label (eyebrow) and several parallel statements; whether the label or a new concise title should become the title is a content decision; not changed",E. Title structure requires governance/content decision / NOT APPLIED (content owner / governance),,,PENDING
OD01-AC-T07,Part A,28,Slide title: E. Title structure requires governance/content decision,"Approve title wording for this slide; implementation per OD-G02 (use an existing visible heading where safe, otherwise a visually neutral, geometry-neutral structural title). AX01 note: Slide has a small label (eyebrow) and several parallel statements; whether the label or a new concise title should become the title is a content decision; not changed",E. Title structure requires governance/content decision / NOT APPLIED (content owner / governance),,,PENDING
OD01-AC-T08,Part A,29,Slide title: E. Title structure requires governance/content decision,"Approve title wording for this slide; implementation per OD-G02 (use an existing visible heading where safe, otherwise a visually neutral, geometry-neutral structural title). AX01 note: Slide has a small label (eyebrow) and several parallel statements; whether the label or a new concise title should become the title is a content decision; not changed",E. Title structure requires governance/content decision / NOT APPLIED (content owner / governance),,,PENDING
OD01-AC-T09,Part A,30,Slide title: E. Title structure requires governance/content decision,"Approve title wording for this slide; implementation per OD-G02 (use an existing visible heading where safe, otherwise a visually neutral, geometry-neutral structural title). AX01 note: Slide has a small label (eyebrow) and several parallel statements; whether the label or a new concise title should become the title is a content decision; not changed",E. Title structure requires governance/content decision / NOT APPLIED (content owner / governance),,,PENDING
OD01-AC-T10,Part A,32,Slide title: E. Title structure requires governance/content decision,"Approve title wording for this slide; implementation per OD-G02 (use an existing visible heading where safe, otherwise a visually neutral, geometry-neutral structural title). AX01 note: Slide has a small label (eyebrow) and several parallel statements; whether the label or a new concise title should become the title is a content decision; not changed",E. Title structure requires governance/content decision / NOT APPLIED (content owner / governance),,,PENDING
OD01-AC-T11,Part A,34,Slide title: E. Title structure requires governance/content decision,"Approve title wording for this slide; implementation per OD-G02 (use an existing visible heading where safe, otherwise a visually neutral, geometry-neutral structural title). AX01 note: Slide has a small label (eyebrow) and several parallel statements; whether the label or a new concise title should become the title is a content decision; not changed",E. Title structure requires governance/content decision / NOT APPLIED (content owner / governance),,,PENDING
OD01-AC-T12,Part A,35,Slide title: E. Title structure requires governance/content decision,"Approve title wording for this slide; implementation per OD-G02 (use an existing visible heading where safe, otherwise a visually neutral, geometry-neutral structural title). AX01 note: Slide has a small label (eyebrow) and several parallel statements; whether the label or a new concise title should become the title is a content decision; not changed",E. Title structure requires governance/content decision / NOT APPLIED (content owner / governance),,,PENDING
OD01-AC-T13,Part A,38,Slide title: E. Title structure requires governance/content decision,"Approve title wording for this slide; implementation per OD-G02 (use an existing visible heading where safe, otherwise a visually neutral, geometry-neutral structural title). AX01 note: Bilingual/Arabic slide: structural title (language, order) is a content/governance decision (S07 governs wayfinding and does not resolve it); not changed",E. Title structure requires governance/content decision / NOT APPLIED (content owner / governance),,,PENDING
OD01-AC-T14,Part A,42,Slide title: E. Title structure requires governance/content decision,"Approve title wording for this slide; implementation per OD-G02 (use an existing visible heading where safe, otherwise a visually neutral, geometry-neutral structural title). AX01 note: Slide has a small label (eyebrow) and several parallel statements; whether the label or a new concise title should become the title is a content decision; not changed",E. Title structure requires governance/content decision / NOT APPLIED (content owner / governance),,,PENDING
OD01-AC-T15,Part A,48,Slide title: E. Title structure requires governance/content decision,"Approve title wording for this slide; implementation per OD-G02 (use an existing visible heading where safe, otherwise a visually neutral, geometry-neutral structural title). AX01 note: Slide has a small label (eyebrow) and several parallel statements; whether the label or a new concise title should become the title is a content decision; not changed",E. Title structure requires governance/content decision / NOT APPLIED (content owner / governance),,,PENDING
OD01-AC-T16,Part A,49,Slide title: E. Title structure requires governance/content decision,"Approve title wording for this slide; implementation per OD-G02 (use an existing visible heading where safe, otherwise a visually neutral, geometry-neutral structural title). AX01 note: Slide has a small label (eyebrow) and several parallel statements; whether the label or a new concise title should become the title is a content decision; not changed",E. Title structure requires governance/content decision / NOT APPLIED (content owner / governance),,,PENDING
OD01-AC-T17,Part A,53,Slide title: E. Title structure requires governance/content decision,"Approve title wording for this slide; implementation per OD-G02 (use an existing visible heading where safe, otherwise a visually neutral, geometry-neutral structural title). AX01 note: Slide has a small label (eyebrow) and several parallel statements; whether the label or a new concise title should become the title is a content decision; not changed",E. Title structure requires governance/content decision / NOT APPLIED (content owner / governance),,,PENDING
OD01-AC-T18,Part A,54,Slide title: E. Title structure requires governance/content decision,"Approve title wording for this slide; implementation per OD-G02 (use an existing visible heading where safe, otherwise a visually neutral, geometry-neutral structural title). AX01 note: Slide has a small label (eyebrow) and several parallel statements; whether the label or a new concise title should become the title is a content decision; not changed",E. Title structure requires governance/content decision / NOT APPLIED (content owner / governance),,,PENDING
OD01-AC-T19,Part A,56,Slide title: E. Title structure requires governance/content decision,"Approve title wording for this slide; implementation per OD-G02 (use an existing visible heading where safe, otherwise a visually neutral, geometry-neutral structural title). AX01 note: Slide has a small label (eyebrow) and several parallel statements; whether the label or a new concise title should become the title is a content decision; not changed",E. Title structure requires governance/content decision / NOT APPLIED (content owner / governance),,,PENDING
OD01-AC-T20,Part A,58,Slide title: E. Title structure requires governance/content decision,"Approve title wording for this slide; implementation per OD-G02 (use an existing visible heading where safe, otherwise a visually neutral, geometry-neutral structural title). AX01 note: Slide has a small label (eyebrow) and several parallel statements; whether the label or a new concise title should become the title is a content decision; not changed",E. Title structure requires governance/content decision / NOT APPLIED (content owner / governance),,,PENDING
OD01-AC-T21,Part A,62,Slide title: E. Title structure requires governance/content decision,"Approve title wording for this slide; implementation per OD-G02 (use an existing visible heading where safe, otherwise a visually neutral, geometry-neutral structural title). AX01 note: Slide has a small label (eyebrow) and several parallel statements; whether the label or a new concise title should become the title is a content decision; not changed",E. Title structure requires governance/content decision / NOT APPLIED (content owner / governance),,,PENDING
OD01-AC-T22,Part A,63,Slide title: E. Title structure requires governance/content decision,"Approve title wording for this slide; implementation per OD-G02 (use an existing visible heading where safe, otherwise a visually neutral, geometry-neutral structural title). AX01 note: Slide has a small label (eyebrow) and several parallel statements; whether the label or a new concise title should become the title is a content decision; not changed",E. Title structure requires governance/content decision / NOT APPLIED (content owner / governance),,,PENDING
OD01-AC-T23,Part A,65,Slide title: E. Title structure requires governance/content decision,"Approve title wording for this slide; implementation per OD-G02 (use an existing visible heading where safe, otherwise a visually neutral, geometry-neutral structural title). AX01 note: Bilingual/Arabic slide: structural title (language, order) is a content/governance decision (S07 governs wayfinding and does not resolve it); not changed",E. Title structure requires governance/content decision / NOT APPLIED (content owner / governance),,,PENDING
OD01-AC-T24,Part A,67,Slide title: E. Title structure requires governance/content decision,"Approve title wording for this slide; implementation per OD-G02 (use an existing visible heading where safe, otherwise a visually neutral, geometry-neutral structural title). AX01 note: Slide has a small label (eyebrow) and several parallel statements; whether the label or a new concise title should become the title is a content decision; not changed",E. Title structure requires governance/content decision / NOT APPLIED (content owner / governance),,,PENDING
OD01-AC-T25,Part A,76,Slide title: E. Title structure requires governance/content decision,"Approve title wording for this slide; implementation per OD-G02 (use an existing visible heading where safe, otherwise a visually neutral, geometry-neutral structural title). AX01 note: Slide has a small label (eyebrow) and several parallel statements; whether the label or a new concise title should become the title is a content decision; not changed",E. Title structure requires governance/content decision / NOT APPLIED (content owner / governance),,,PENDING
OD01-AC-T26,Part A,77,Slide title: E. Title structure requires governance/content decision,"Approve title wording for this slide; implementation per OD-G02 (use an existing visible heading where safe, otherwise a visually neutral, geometry-neutral structural title). AX01 note: Slide has a small label (eyebrow) and several parallel statements; whether the label or a new concise title should become the title is a content decision; not changed",E. Title structure requires governance/content decision / NOT APPLIED (content owner / governance),,,PENDING
OD01-AC-T27,Part A,80,Slide title: C. Intentional closing/visual slide; hidden title may be appropriate,"Approve title wording for this slide; implementation per OD-G02 (use an existing visible heading where safe, otherwise a visually neutral, geometry-neutral structural title). AX01 note: Content owner to approve a concise title (e.g. derived from the closing tagline); not added",C. Intentional closing/visual slide; hidden title may be appropriate / NOT APPLIED (content owner / governance),,,PENDING
OD01-AC-T28,Part C,1,Slide title: A. Visible heading exists but is not structurally recognized,"Approve title wording for this slide; implementation per OD-G02 (use an existing visible heading where safe, otherwise a visually neutral, geometry-neutral structural title). AX01 note: CONTENT / GOVERNANCE DECISION REQUIRED: the tested title mapping shifts the heading about 0.8 pt; not applied, no compensating geometry or hidden title (visible layout authoritative)",A. Visible heading exists but is not structurally recognized / NOT APPLIED (visible shift measured natively; owner decision),,,PENDING
OD01-AC-T29,Part C,10,Slide title: D. Section/colour specimen slide needing a concise accessibility title,"Approve title wording for this slide; implementation per OD-G02 (use an existing visible heading where safe, otherwise a visually neutral, geometry-neutral structural title). AX01 note: Content owner to approve a title derived from the slide label; not added",D. Section/colour specimen slide needing a concise accessibility title / NOT APPLIED (content owner / governance),,,PENDING
OD01-AC-T30,Part C,14,Slide title: D. Section/colour specimen slide needing a concise accessibility title,"Approve title wording for this slide; implementation per OD-G02 (use an existing visible heading where safe, otherwise a visually neutral, geometry-neutral structural title). AX01 note: Content owner to approve a title derived from the slide label; not added",D. Section/colour specimen slide needing a concise accessibility title / NOT APPLIED (content owner / governance),,,PENDING
OD01-AC-A01,Part D,1,Informative picture (shape id 17),"Owner to write or approve concise alt text, or classify as decorative/redundant (do not describe by guess).",INFORMATIVE / Alt text required; content owner to supply (product imagery / Arabic label artwork must not be described by guess),,,PENDING
OD01-AC-A02,Part D,3,Informative picture (shape id 23),"Owner to write or approve concise alt text, or classify as decorative/redundant (do not describe by guess).",INFORMATIVE / Alt text required; content owner to supply (product imagery / Arabic label artwork must not be described by guess),,,PENDING
OD01-AC-A03,Part D,4,Informative picture (shape id 39),"Owner to write or approve concise alt text, or classify as decorative/redundant (do not describe by guess).",INFORMATIVE / Alt text required; content owner to supply (product imagery / Arabic label artwork must not be described by guess),,,PENDING
OD01-AC-A04,Part D,4,Informative picture (shape id 44),"Owner to write or approve concise alt text, or classify as decorative/redundant (do not describe by guess).",INFORMATIVE / Alt text required; content owner to supply (product imagery / Arabic label artwork must not be described by guess),,,PENDING
OD01-AC-A05,Part D,4,Informative picture (shape id 49),"Owner to write or approve concise alt text, or classify as decorative/redundant (do not describe by guess).",INFORMATIVE / Alt text required; content owner to supply (product imagery / Arabic label artwork must not be described by guess),,,PENDING
OD01-AC-A06,Part D,4,Informative picture (shape id 54),"Owner to write or approve concise alt text, or classify as decorative/redundant (do not describe by guess).",INFORMATIVE / Alt text required; content owner to supply (product imagery / Arabic label artwork must not be described by guess),,,PENDING
OD01-AC-A07,Part D,4,Informative picture (shape id 59),"Owner to write or approve concise alt text, or classify as decorative/redundant (do not describe by guess).",INFORMATIVE / Alt text required; content owner to supply (product imagery / Arabic label artwork must not be described by guess),,,PENDING
OD01-AC-A08,Part D,5,Informative picture (shape id 34),"Owner to write or approve concise alt text, or classify as decorative/redundant (do not describe by guess).",INFORMATIVE / Alt text required; content owner to supply (product imagery / Arabic label artwork must not be described by guess),,,PENDING
OD01-AC-A09,Part D,5,Informative picture (shape id 52),"Owner to write or approve concise alt text, or classify as decorative/redundant (do not describe by guess).",INFORMATIVE / Alt text required; content owner to supply (product imagery / Arabic label artwork must not be described by guess),,,PENDING
OD01-AC-A10,Part D,5,Informative picture (shape id 7),"Owner to write or approve concise alt text, or classify as decorative/redundant (do not describe by guess).",INFORMATIVE / Alt text required; content owner to supply (product imagery / Arabic label artwork must not be described by guess),,,PENDING
OD01-AC-A11,Part D,6,Informative picture (shape id 34),"Owner to write or approve concise alt text, or classify as decorative/redundant (do not describe by guess).",INFORMATIVE / Alt text required; content owner to supply (product imagery / Arabic label artwork must not be described by guess),,,PENDING
OD01-AC-A12,Part D,6,Informative picture (shape id 52),"Owner to write or approve concise alt text, or classify as decorative/redundant (do not describe by guess).",INFORMATIVE / Alt text required; content owner to supply (product imagery / Arabic label artwork must not be described by guess),,,PENDING
OD01-AC-A13,Part D,6,Informative picture (shape id 7),"Owner to write or approve concise alt text, or classify as decorative/redundant (do not describe by guess).",INFORMATIVE / Alt text required; content owner to supply (product imagery / Arabic label artwork must not be described by guess),,,PENDING
OD01-AC-A14,Part D,7,Informative picture (shape id 26),"Owner to write or approve concise alt text, or classify as decorative/redundant (do not describe by guess).",INFORMATIVE / Alt text required; content owner to supply (product imagery / Arabic label artwork must not be described by guess),,,PENDING
OD01-AC-A15,Part D,7,Informative picture (shape id 30),"Owner to write or approve concise alt text, or classify as decorative/redundant (do not describe by guess).",INFORMATIVE / Alt text required; content owner to supply (product imagery / Arabic label artwork must not be described by guess),,,PENDING
OD01-AC-A16,Part D,7,Informative picture (shape id 31),"Owner to write or approve concise alt text, or classify as decorative/redundant (do not describe by guess).",INFORMATIVE / Alt text required; content owner to supply (product imagery / Arabic label artwork must not be described by guess),,,PENDING
OD01-AC-A17,Part D,8,Informative picture (shape id 7),"Owner to write or approve concise alt text, or classify as decorative/redundant (do not describe by guess).",INFORMATIVE / Alt text required; content owner to supply (product imagery / Arabic label artwork must not be described by guess),,,PENDING
OD01-AC-A18,Part D,9,Informative picture (shape id 24),"Owner to write or approve concise alt text, or classify as decorative/redundant (do not describe by guess).",INFORMATIVE / Alt text required; content owner to supply (product imagery / Arabic label artwork must not be described by guess),,,PENDING
OD01-AC-A19,Part D,10,Informative picture (shape id 7),"Owner to write or approve concise alt text, or classify as decorative/redundant (do not describe by guess).",INFORMATIVE / Alt text required; content owner to supply (product imagery / Arabic label artwork must not be described by guess),,,PENDING
OD01-AC-A20,Part D,10,Informative picture (shape id 8),"Owner to write or approve concise alt text, or classify as decorative/redundant (do not describe by guess).",INFORMATIVE / Alt text required; content owner to supply (product imagery / Arabic label artwork must not be described by guess),,,PENDING
OD01-AC-A21,Part D,13,Informative picture (shape id 17),"Owner to write or approve concise alt text, or classify as decorative/redundant (do not describe by guess).",INFORMATIVE / Alt text required; content owner to supply (product imagery / Arabic label artwork must not be described by guess),,,PENDING
OD01-AC-A22,Part D,19,Informative picture (shape id 17),"Owner to write or approve concise alt text, or classify as decorative/redundant (do not describe by guess).",INFORMATIVE / Alt text required; content owner to supply (product imagery / Arabic label artwork must not be described by guess),,,PENDING
OD01-AC-A23,Part D,20,Informative picture (shape id 17),"Owner to write or approve concise alt text, or classify as decorative/redundant (do not describe by guess).",INFORMATIVE / Alt text required; content owner to supply (product imagery / Arabic label artwork must not be described by guess),,,PENDING
OD01-AC-S001,Part A,29,"Unclassified shape (id 3, other shape)",Owner to classify informative / decorative / redundant and supply alt text if informative.,COMPLEX VISUAL / UNKNOWN,,,PENDING
OD01-AC-S002,Part A,29,"Unclassified shape (id 8, hairline rule)",Owner to classify informative / decorative / redundant and supply alt text if informative.,COMPLEX VISUAL,,,PENDING
OD01-AC-S003,Part A,30,"Unclassified shape (id 3, other shape)",Owner to classify informative / decorative / redundant and supply alt text if informative.,COMPLEX VISUAL / UNKNOWN,,,PENDING
OD01-AC-S004,Part A,30,"Unclassified shape (id 6, other shape)",Owner to classify informative / decorative / redundant and supply alt text if informative.,COMPLEX VISUAL / UNKNOWN,,,PENDING
OD01-AC-S005,Part A,30,"Unclassified shape (id 9, other shape)",Owner to classify informative / decorative / redundant and supply alt text if informative.,COMPLEX VISUAL / UNKNOWN,,,PENDING
OD01-AC-S006,Part A,30,"Unclassified shape (id 12, other shape)",Owner to classify informative / decorative / redundant and supply alt text if informative.,COMPLEX VISUAL / UNKNOWN,,,PENDING
OD01-AC-S007,Part A,30,"Unclassified shape (id 15, other shape)",Owner to classify informative / decorative / redundant and supply alt text if informative.,COMPLEX VISUAL / UNKNOWN,,,PENDING
OD01-AC-S008,Part A,30,"Unclassified shape (id 18, other shape)",Owner to classify informative / decorative / redundant and supply alt text if informative.,COMPLEX VISUAL / UNKNOWN,,,PENDING
OD01-AC-S009,Part A,30,"Unclassified shape (id 20, other shape)",Owner to classify informative / decorative / redundant and supply alt text if informative.,COMPLEX VISUAL / UNKNOWN,,,PENDING
OD01-AC-S010,Part A,30,"Unclassified shape (id 22, other shape)",Owner to classify informative / decorative / redundant and supply alt text if informative.,COMPLEX VISUAL / UNKNOWN,,,PENDING
OD01-AC-S011,Part A,43,"Unclassified shape (id 4, other shape)",Owner to classify informative / decorative / redundant and supply alt text if informative.,COMPLEX VISUAL / UNKNOWN,,,PENDING
OD01-AC-S012,Part A,43,"Unclassified shape (id 6, hairline rule)",Owner to classify informative / decorative / redundant and supply alt text if informative.,COMPLEX VISUAL,,,PENDING
OD01-AC-S013,Part A,43,"Unclassified shape (id 8, hairline rule)",Owner to classify informative / decorative / redundant and supply alt text if informative.,COMPLEX VISUAL,,,PENDING
OD01-AC-S014,Part A,43,"Unclassified shape (id 10, hairline rule)",Owner to classify informative / decorative / redundant and supply alt text if informative.,COMPLEX VISUAL,,,PENDING
OD01-AC-S015,Part A,43,"Unclassified shape (id 12, hairline rule)",Owner to classify informative / decorative / redundant and supply alt text if informative.,COMPLEX VISUAL,,,PENDING
OD01-AC-S016,Part A,49,"Unclassified shape (id 3, other shape)",Owner to classify informative / decorative / redundant and supply alt text if informative.,COMPLEX VISUAL / UNKNOWN,,,PENDING
OD01-AC-S017,Part A,49,"Unclassified shape (id 6, other shape)",Owner to classify informative / decorative / redundant and supply alt text if informative.,COMPLEX VISUAL / UNKNOWN,,,PENDING
OD01-AC-S018,Part A,49,"Unclassified shape (id 13, other shape)",Owner to classify informative / decorative / redundant and supply alt text if informative.,COMPLEX VISUAL / UNKNOWN,,,PENDING
OD01-AC-S019,Part A,58,"Unclassified shape (id 3, other shape)",Owner to classify informative / decorative / redundant and supply alt text if informative.,COMPLEX VISUAL / UNKNOWN,,,PENDING
OD01-AC-S020,Part A,63,"Unclassified shape (id 3, other shape)",Owner to classify informative / decorative / redundant and supply alt text if informative.,COMPLEX VISUAL / UNKNOWN,,,PENDING
OD01-AC-S021,Part A,63,"Unclassified shape (id 6, hairline rule)",Owner to classify informative / decorative / redundant and supply alt text if informative.,COMPLEX VISUAL,,,PENDING
OD01-AC-S022,Part A,63,"Unclassified shape (id 8, hairline rule)",Owner to classify informative / decorative / redundant and supply alt text if informative.,COMPLEX VISUAL,,,PENDING
OD01-AC-S023,Part A,63,"Unclassified shape (id 10, hairline rule)",Owner to classify informative / decorative / redundant and supply alt text if informative.,COMPLEX VISUAL,,,PENDING
OD01-AC-S024,Part A,63,"Unclassified shape (id 12, hairline rule)",Owner to classify informative / decorative / redundant and supply alt text if informative.,COMPLEX VISUAL,,,PENDING
OD01-AC-S025,Part A,63,"Unclassified shape (id 14, hairline rule)",Owner to classify informative / decorative / redundant and supply alt text if informative.,COMPLEX VISUAL,,,PENDING
OD01-AC-S026,Part A,63,"Unclassified shape (id 16, hairline rule)",Owner to classify informative / decorative / redundant and supply alt text if informative.,COMPLEX VISUAL,,,PENDING
OD01-AC-S027,Part A,63,"Unclassified shape (id 18, hairline rule)",Owner to classify informative / decorative / redundant and supply alt text if informative.,COMPLEX VISUAL,,,PENDING
OD01-AC-S028,Part A,77,"Unclassified shape (id 7, other shape)",Owner to classify informative / decorative / redundant and supply alt text if informative.,COMPLEX VISUAL / UNKNOWN,,,PENDING
OD01-AC-S029,Part A,77,"Unclassified shape (id 8, other shape)",Owner to classify informative / decorative / redundant and supply alt text if informative.,COMPLEX VISUAL / UNKNOWN,,,PENDING
OD01-AC-S030,Part A,77,"Unclassified shape (id 9, other shape)",Owner to classify informative / decorative / redundant and supply alt text if informative.,COMPLEX VISUAL / UNKNOWN,,,PENDING
OD01-AC-S031,Part A,77,"Unclassified shape (id 10, other shape)",Owner to classify informative / decorative / redundant and supply alt text if informative.,COMPLEX VISUAL / UNKNOWN,,,PENDING
OD01-AC-S032,Part B,1,"Unclassified shape (id 2, other shape)",Owner to classify informative / decorative / redundant and supply alt text if informative.,COMPLEX VISUAL / UNKNOWN,,,PENDING
OD01-AC-S033,Part B,1,"Unclassified shape (id 3, other shape)",Owner to classify informative / decorative / redundant and supply alt text if informative.,COMPLEX VISUAL / UNKNOWN,,,PENDING
OD01-AC-S034,Part B,8,"Unclassified shape (id 2, hairline rule)",Owner to classify informative / decorative / redundant and supply alt text if informative.,COMPLEX VISUAL,,,PENDING
OD01-AC-S035,Part B,8,"Unclassified shape (id 5, hairline rule)",Owner to classify informative / decorative / redundant and supply alt text if informative.,COMPLEX VISUAL,,,PENDING
OD01-AC-S036,Part B,8,"Unclassified shape (id 7, other shape)",Owner to classify informative / decorative / redundant and supply alt text if informative.,COMPLEX VISUAL / UNKNOWN,,,PENDING
OD01-AC-S037,Part B,8,"Unclassified shape (id 9, other shape)",Owner to classify informative / decorative / redundant and supply alt text if informative.,COMPLEX VISUAL / UNKNOWN,,,PENDING
OD01-AC-S038,Part B,8,"Unclassified shape (id 11, other shape)",Owner to classify informative / decorative / redundant and supply alt text if informative.,COMPLEX VISUAL / UNKNOWN,,,PENDING
OD01-AC-S039,Part B,8,"Unclassified shape (id 13, other shape)",Owner to classify informative / decorative / redundant and supply alt text if informative.,COMPLEX VISUAL / UNKNOWN,,,PENDING
OD01-AC-S040,Part B,8,"Unclassified shape (id 15, other shape)",Owner to classify informative / decorative / redundant and supply alt text if informative.,COMPLEX VISUAL / UNKNOWN,,,PENDING
OD01-AC-S041,Part B,8,"Unclassified shape (id 17, other shape)",Owner to classify informative / decorative / redundant and supply alt text if informative.,COMPLEX VISUAL / UNKNOWN,,,PENDING
OD01-AC-S042,Part B,8,"Unclassified shape (id 19, other shape)",Owner to classify informative / decorative / redundant and supply alt text if informative.,COMPLEX VISUAL / UNKNOWN,,,PENDING
OD01-AC-S043,Part B,8,"Unclassified shape (id 21, other shape)",Owner to classify informative / decorative / redundant and supply alt text if informative.,COMPLEX VISUAL / UNKNOWN,,,PENDING
OD01-AC-S044,Part B,14,"Unclassified shape (id 2, hairline rule)",Owner to classify informative / decorative / redundant and supply alt text if informative.,COMPLEX VISUAL,,,PENDING
OD01-AC-S045,Part B,14,"Unclassified shape (id 6, other shape)",Owner to classify informative / decorative / redundant and supply alt text if informative.,COMPLEX VISUAL / UNKNOWN,,,PENDING
OD01-AC-S046,Part B,14,"Unclassified shape (id 7, other shape)",Owner to classify informative / decorative / redundant and supply alt text if informative.,COMPLEX VISUAL / UNKNOWN,,,PENDING
OD01-AC-S047,Part B,14,"Unclassified shape (id 8, other shape)",Owner to classify informative / decorative / redundant and supply alt text if informative.,COMPLEX VISUAL / UNKNOWN,,,PENDING
OD01-AC-S048,Part B,14,"Unclassified shape (id 9, other shape)",Owner to classify informative / decorative / redundant and supply alt text if informative.,COMPLEX VISUAL / UNKNOWN,,,PENDING
OD01-AC-S049,Part B,14,"Unclassified shape (id 10, other shape)",Owner to classify informative / decorative / redundant and supply alt text if informative.,COMPLEX VISUAL / UNKNOWN,,,PENDING
OD01-AC-S050,Part B,14,"Unclassified shape (id 11, other shape)",Owner to classify informative / decorative / redundant and supply alt text if informative.,COMPLEX VISUAL / UNKNOWN,,,PENDING
OD01-AC-S051,Part B,14,"Unclassified shape (id 12, other shape)",Owner to classify informative / decorative / redundant and supply alt text if informative.,COMPLEX VISUAL / UNKNOWN,,,PENDING
OD01-AC-S052,Part B,14,"Unclassified shape (id 13, other shape)",Owner to classify informative / decorative / redundant and supply alt text if informative.,COMPLEX VISUAL / UNKNOWN,,,PENDING
OD01-AC-S053,Part B,14,"Unclassified shape (id 14, other shape)",Owner to classify informative / decorative / redundant and supply alt text if informative.,COMPLEX VISUAL / UNKNOWN,,,PENDING
OD01-AC-S054,Part B,14,"Unclassified shape (id 15, other shape)",Owner to classify informative / decorative / redundant and supply alt text if informative.,COMPLEX VISUAL / UNKNOWN,,,PENDING
OD01-AC-S055,Part B,14,"Unclassified shape (id 16, other shape)",Owner to classify informative / decorative / redundant and supply alt text if informative.,COMPLEX VISUAL / UNKNOWN,,,PENDING
OD01-AC-S056,Part B,14,"Unclassified shape (id 17, other shape)",Owner to classify informative / decorative / redundant and supply alt text if informative.,COMPLEX VISUAL / UNKNOWN,,,PENDING
OD01-AC-S057,Part B,26,"Unclassified shape (id 2, hairline rule)",Owner to classify informative / decorative / redundant and supply alt text if informative.,COMPLEX VISUAL,,,PENDING
OD01-AC-S058,Part B,26,"Unclassified shape (id 10, other shape)",Owner to classify informative / decorative / redundant and supply alt text if informative.,COMPLEX VISUAL / UNKNOWN,,,PENDING
OD01-AC-S059,Part B,26,"Unclassified shape (id 12, other shape)",Owner to classify informative / decorative / redundant and supply alt text if informative.,COMPLEX VISUAL / UNKNOWN,,,PENDING
OD01-AC-S060,Part B,26,"Unclassified shape (id 14, other shape)",Owner to classify informative / decorative / redundant and supply alt text if informative.,COMPLEX VISUAL / UNKNOWN,,,PENDING
OD01-AC-S061,Part B,26,"Unclassified shape (id 16, other shape)",Owner to classify informative / decorative / redundant and supply alt text if informative.,COMPLEX VISUAL / UNKNOWN,,,PENDING
OD01-AC-S062,Part C,10,"Unclassified shape (id 3, other shape)",Owner to classify informative / decorative / redundant and supply alt text if informative.,COMPLEX VISUAL / UNKNOWN,,,PENDING
OD01-AC-S063,Part C,10,"Unclassified shape (id 7, hairline rule)",Owner to classify informative / decorative / redundant and supply alt text if informative.,COMPLEX VISUAL,,,PENDING
OD01-AC-S064,Part C,10,"Unclassified shape (id 9, hairline rule)",Owner to classify informative / decorative / redundant and supply alt text if informative.,COMPLEX VISUAL,,,PENDING
OD01-AC-S065,Part C,10,"Unclassified shape (id 12, hairline rule)",Owner to classify informative / decorative / redundant and supply alt text if informative.,COMPLEX VISUAL,,,PENDING
OD01-AC-S066,Part C,11,"Unclassified shape (id 4, other shape)",Owner to classify informative / decorative / redundant and supply alt text if informative.,COMPLEX VISUAL / UNKNOWN,,,PENDING
OD01-AC-S067,Part C,11,"Unclassified shape (id 10, other shape)",Owner to classify informative / decorative / redundant and supply alt text if informative.,COMPLEX VISUAL / UNKNOWN,,,PENDING
OD01-AC-S068,Part C,11,"Unclassified shape (id 16, other shape)",Owner to classify informative / decorative / redundant and supply alt text if informative.,COMPLEX VISUAL / UNKNOWN,,,PENDING
OD01-AC-S069,Part C,11,"Unclassified shape (id 22, other shape)",Owner to classify informative / decorative / redundant and supply alt text if informative.,COMPLEX VISUAL / UNKNOWN,,,PENDING
OD01-AC-S070,Part C,19,"Unclassified shape (id 4, other shape)",Owner to classify informative / decorative / redundant and supply alt text if informative.,COMPLEX VISUAL / UNKNOWN,,,PENDING
OD01-AC-S071,Part C,19,"Unclassified shape (id 6, other shape)",Owner to classify informative / decorative / redundant and supply alt text if informative.,COMPLEX VISUAL / UNKNOWN,,,PENDING
OD01-AC-S072,Part C,19,"Unclassified shape (id 8, other shape)",Owner to classify informative / decorative / redundant and supply alt text if informative.,COMPLEX VISUAL / UNKNOWN,,,PENDING
OD01-AC-S073,Part C,19,"Unclassified shape (id 10, other shape)",Owner to classify informative / decorative / redundant and supply alt text if informative.,COMPLEX VISUAL / UNKNOWN,,,PENDING
OD01-AC-S074,Part C,19,"Unclassified shape (id 12, other shape)",Owner to classify informative / decorative / redundant and supply alt text if informative.,COMPLEX VISUAL / UNKNOWN,,,PENDING
OD01-AC-S075,Part C,19,"Unclassified shape (id 14, other shape)",Owner to classify informative / decorative / redundant and supply alt text if informative.,COMPLEX VISUAL / UNKNOWN,,,PENDING
OD01-AC-S076,Part C,19,"Unclassified shape (id 16, other shape)",Owner to classify informative / decorative / redundant and supply alt text if informative.,COMPLEX VISUAL / UNKNOWN,,,PENDING
OD01-AC-S077,Part C,19,"Unclassified shape (id 18, other shape)",Owner to classify informative / decorative / redundant and supply alt text if informative.,COMPLEX VISUAL / UNKNOWN,,,PENDING
OD01-AC-S078,Part C,19,"Unclassified shape (id 20, other shape)",Owner to classify informative / decorative / redundant and supply alt text if informative.,COMPLEX VISUAL / UNKNOWN,,,PENDING
OD01-AC-S079,Part C,19,"Unclassified shape (id 22, other shape)",Owner to classify informative / decorative / redundant and supply alt text if informative.,COMPLEX VISUAL / UNKNOWN,,,PENDING
OD01-AC-S080,Part C,19,"Unclassified shape (id 24, other shape)",Owner to classify informative / decorative / redundant and supply alt text if informative.,COMPLEX VISUAL / UNKNOWN,,,PENDING
OD01-AC-S081,Part C,19,"Unclassified shape (id 26, other shape)",Owner to classify informative / decorative / redundant and supply alt text if informative.,COMPLEX VISUAL / UNKNOWN,,,PENDING
OD01-AC-S082,Part C,19,"Unclassified shape (id 28, other shape)",Owner to classify informative / decorative / redundant and supply alt text if informative.,COMPLEX VISUAL / UNKNOWN,,,PENDING
OD01-AC-S083,Part C,19,"Unclassified shape (id 30, other shape)",Owner to classify informative / decorative / redundant and supply alt text if informative.,COMPLEX VISUAL / UNKNOWN,,,PENDING
OD01-AC-S084,Part C,19,"Unclassified shape (id 32, other shape)",Owner to classify informative / decorative / redundant and supply alt text if informative.,COMPLEX VISUAL / UNKNOWN,,,PENDING
OD01-AC-S085,Part C,19,"Unclassified shape (id 34, other shape)",Owner to classify informative / decorative / redundant and supply alt text if informative.,COMPLEX VISUAL / UNKNOWN,,,PENDING
OD01-AC-S086,Part C,19,"Unclassified shape (id 36, other shape)",Owner to classify informative / decorative / redundant and supply alt text if informative.,COMPLEX VISUAL / UNKNOWN,,,PENDING
OD01-AC-S087,Part C,19,"Unclassified shape (id 38, other shape)",Owner to classify informative / decorative / redundant and supply alt text if informative.,COMPLEX VISUAL / UNKNOWN,,,PENDING
OD01-AC-S088,Part D,1,"Unclassified shape (id 5, other shape)",Owner to classify informative / decorative / redundant and supply alt text if informative.,COMPLEX VISUAL / UNKNOWN,,,PENDING
OD01-AC-S089,Part D,1,"Unclassified shape (id 6, other shape)",Owner to classify informative / decorative / redundant and supply alt text if informative.,COMPLEX VISUAL / UNKNOWN,,,PENDING
OD01-AC-G01,Part D,(to be identified),Generic alt text on 6 pictures (AX01-F04),Owner to replace generic 'Supplied GEM raster artwork...' descriptions with meaningful alt text (OD-G03). The 6 pictures are not itemized in the AX01 registers and must be identified from the AX01 candidate deck.,AX01-F04 (count only),,,PENDING IDENTIFICATION
OD01-AC-C01,Part A,33,Beige #BCACA7 on White #FFFFFF run (specimen?),Owner to confirm the run is a palette specimen/demonstration under OD-G05 and not functional text.,AX01 contrast assessment: governed pair measures about 2.19:1,,,PENDING
