Item ID,Document,Slide/page (slide · element · text SHA prefix · AR01 row),Category,Decision required,Priority,Existing technical result,Reviewer disposition,Reviewer note,Status
OD01-AR-01,Part A,slide 37 · Text 4 / paragraph 0 · SHA 64d9c581888c · AR01 queue row 1,"Wording, grammar, terminology, tone","Is this string suitable as a Saudi/GCC working sample, correct and natural?",High,Yes — direction/language metadata applied (owner decision 1) and natively revalidated; wording unreviewed,,,PENDING
OD01-AR-02,Part A,slide 38 · Text 4 / paragraph 0 · SHA 64d9c581888c · AR01 queue row 2,"Wording, grammar, terminology, tone","Are the Arabic strings correct, natural and consistent across the two tiles?",High,Yes — direction/language metadata applied (owner decision 1) and natively revalidated; wording unreviewed,,,PENDING
OD01-AR-03,Part A,slide 38 · Text 7 / paragraph 0 · SHA 735fbbbdf59c · AR01 queue row 3,"Wording, grammar, terminology, tone","Are the Arabic strings correct, natural and consistent across the two tiles?",High,Yes — direction/language metadata applied (owner decision 1) and natively revalidated; wording unreviewed,,,PENDING
OD01-AR-04,Part A,slide 38 · Text 8 / paragraph 0 · SHA 64d9c581888c · AR01 queue row 4,"Wording, grammar, terminology, tone","Are the Arabic strings correct, natural and consistent across the two tiles?",High,Yes — direction/language metadata applied (owner decision 1) and natively revalidated; wording unreviewed,,,PENDING
OD01-AR-05,Part A,slide 39 · Text 4 / paragraph 0 · SHA b3cb6d98bb1c · AR01 queue row 5,"Wording, grammar, terminology, tone",Are the two labels correct and idiomatic; is the label-then-code order acceptable; confirm numeral convention (M11)?,High,Yes (AR01 candidate),,,PENDING
OD01-AR-06,Part A,slide 39 · Text 8 / paragraph 0 · SHA 91d86293afd9 · AR01 queue row 6,"Wording, grammar, terminology, tone",Are the two labels correct and idiomatic; is the label-then-code order acceptable; confirm numeral convention (M11)?,High,Yes (AR01 candidate),,,PENDING
OD01-AR-07,Part A,slide 65 · Text 9 / paragraph 0 · SHA 46085c9bb8c4 · AR01 queue row 7,"Wording, grammar, terminology, tone","Is a bracketed placeholder acceptable, or should an approved sample word replace it?",Medium,Yes — direction/language metadata applied (owner decision 1) and natively revalidated; wording unreviewed,,,PENDING
OD01-AR-08,Part A,slide 66 · Text 6 / paragraph 0 · SHA d27415986305 · AR01 queue row 8,"Wording, grammar, terminology, tone",Are the sign terms standard and appropriate for Saudi/GCC signage?,High,Yes — direction/language metadata applied (owner decision 1) and natively revalidated; wording unreviewed,,,PENDING
OD01-AR-09,Part A,slide 66 · Text 7 / paragraph 0 · SHA f6788512d1e7 · AR01 queue row 9,"Wording, grammar, terminology, tone",Are the sign terms standard and appropriate for Saudi/GCC signage?,High,Yes — direction/language metadata applied (owner decision 1) and natively revalidated; wording unreviewed,,,PENDING
OD01-AR-10,Part A,slide 66 · Text 10 / paragraph 0 · SHA f6788512d1e7 · AR01 queue row 10,"Wording, grammar, terminology, tone",Are the sign terms standard and appropriate for Saudi/GCC signage?,High,Yes — direction/language metadata applied (owner decision 1) and natively revalidated; wording unreviewed,,,PENDING
OD01-AR-11,Part A,slide 68 · Text 10 / paragraph 0 · SHA 46085c9bb8c4 · AR01 queue row 11,"Wording, grammar, terminology, tone",As slide 65.,Medium,Yes — direction/language metadata applied (owner decision 1) and natively revalidated; wording unreviewed,,,PENDING
OD01-AR-12,Part B,slide 9 · Text 12 / paragraph 0 · SHA 10060f6f8a26 · AR01 queue row 12,"Wording, grammar, terminology, tone",Is the specimen pair acceptable as an Arabic type specimen?,Low,Yes — direction/language metadata applied (owner decision 1) and natively revalidated; wording unreviewed,,,PENDING
OD01-AR-13,Letterhead Arabic First Page,word/document.xml · paragraph 1 · SHA 23f7466025e2 · AR01 queue row 13,"Wording, grammar, formality, terminology","Is the wording correct, idiomatic and appropriately formal for Saudi/GCC business correspondence?",High,Yes (static OOXML correct); native Word PASS (technical only); wording unreviewed,,,PENDING
OD01-AR-14,Letterhead Arabic First Page,word/document.xml · paragraph 2 · SHA 005c080a2060 · AR01 queue row 14,"Wording, grammar, formality, terminology","Is the wording correct, idiomatic and appropriately formal for Saudi/GCC business correspondence?",High,Yes (static OOXML correct); native Word PASS (technical only); wording unreviewed,,,PENDING
OD01-AR-15,Letterhead Arabic First Page,word/document.xml · paragraph 3 · SHA 6181bb05c89e · AR01 queue row 15,"Wording, grammar, formality, terminology","Is the wording correct, idiomatic and appropriately formal for Saudi/GCC business correspondence?",High,Yes (static OOXML correct); native Word PASS (technical only); wording unreviewed,,,PENDING
OD01-AR-16,Letterhead Arabic First Page,word/document.xml · paragraph 4 · SHA 83313390ff00 · AR01 queue row 16,"Wording, grammar, formality, terminology","Is the wording correct, idiomatic and appropriately formal for Saudi/GCC business correspondence?",High,Yes (static OOXML correct); native Word PASS (technical only); wording unreviewed,,,PENDING
OD01-AR-17,Letterhead Arabic First Page,word/document.xml · paragraph 5 · SHA 2d36efd95816 · AR01 queue row 17,"Wording, grammar, formality, terminology","Is the wording correct, idiomatic and appropriately formal for Saudi/GCC business correspondence?",High,Yes (static OOXML correct); native Word PASS (technical only); wording unreviewed,,,PENDING
OD01-AR-18,Letterhead Arabic First Page,word/document.xml · paragraph 6 · SHA 7dbf4ddbef64 · AR01 queue row 18,"Wording, grammar, formality, terminology","Is the wording correct, idiomatic and appropriately formal for Saudi/GCC business correspondence?",High,Yes (static OOXML correct); native Word PASS (technical only); wording unreviewed,,,PENDING
OD01-AR-19,Letterhead Arabic First Page,word/document.xml · paragraph 7 · SHA ca310765728e · AR01 queue row 19,"Wording, grammar, formality, terminology","Is the wording correct, idiomatic and appropriately formal for Saudi/GCC business correspondence?",High,Yes (static OOXML correct); native Word PASS (technical only); wording unreviewed,,,PENDING
OD01-AR-20,Letterhead Arabic First Page,word/document.xml · paragraph 8 · SHA eb8e5696735a · AR01 queue row 20,"Wording, grammar, formality, terminology","Is the wording correct, idiomatic and appropriately formal for Saudi/GCC business correspondence?",High,Yes (static OOXML correct); native Word PASS (technical only); wording unreviewed,,,PENDING
OD01-AR-21,Letterhead Arabic First Page,word/document.xml · paragraph 9 · SHA eeb72ff7b687 · AR01 queue row 21,"Wording, grammar, formality, terminology","Is the wording correct, idiomatic and appropriately formal for Saudi/GCC business correspondence?",High,Yes (static OOXML correct); native Word PASS (technical only); wording unreviewed,,,PENDING
OD01-AR-22,Letterhead Arabic First Page,word/document.xml · paragraph 10 · SHA 6fc274930ba2 · AR01 queue row 22,"Wording, grammar, formality, terminology","Is the wording correct, idiomatic and appropriately formal for Saudi/GCC business correspondence?",High,Yes (static OOXML correct); native Word PASS (technical only); wording unreviewed,,,PENDING
OD01-AR-23,Letterhead Arabic Continuation,word/document.xml · paragraph 1 · SHA 7fcc6c71d779 · AR01 queue row 23,"Wording, grammar, formality, terminology","Is the wording correct, idiomatic and appropriately formal for Saudi/GCC business correspondence?",High,Yes (static OOXML correct); native Word PASS (technical only); wording unreviewed,,,PENDING
OD01-AR-24,Letterhead Arabic Continuation,word/document.xml · paragraph 2 · SHA 7dbf4ddbef64 · AR01 queue row 24,"Wording, grammar, formality, terminology","Is the wording correct, idiomatic and appropriately formal for Saudi/GCC business correspondence?",High,Yes (static OOXML correct); native Word PASS (technical only); wording unreviewed,,,PENDING
OD01-AR-25,Letterhead Arabic Continuation,word/document.xml · paragraph 3 · SHA ca310765728e · AR01 queue row 25,"Wording, grammar, formality, terminology","Is the wording correct, idiomatic and appropriately formal for Saudi/GCC business correspondence?",High,Yes (static OOXML correct); native Word PASS (technical only); wording unreviewed,,,PENDING
OD01-AR-26,Letterhead Arabic Continuation,word/document.xml · paragraph 4 · SHA eb8e5696735a · AR01 queue row 26,"Wording, grammar, formality, terminology","Is the wording correct, idiomatic and appropriately formal for Saudi/GCC business correspondence?",High,Yes (static OOXML correct); native Word PASS (technical only); wording unreviewed,,,PENDING
OD01-AR-27,Letterhead Arabic Continuation,word/document.xml · paragraph 5 · SHA eeb72ff7b687 · AR01 queue row 27,"Wording, grammar, formality, terminology","Is the wording correct, idiomatic and appropriately formal for Saudi/GCC business correspondence?",High,Yes (static OOXML correct); native Word PASS (technical only); wording unreviewed,,,PENDING
OD01-AR-28,Letterhead Arabic Continuation,word/document.xml · paragraph 6 · SHA 6fc274930ba2 · AR01 queue row 28,"Wording, grammar, formality, terminology","Is the wording correct, idiomatic and appropriately formal for Saudi/GCC business correspondence?",High,Yes (static OOXML correct); native Word PASS (technical only); wording unreviewed,,,PENDING
OD01-AR-29,Letterhead Bilingual First Page,word/document.xml · paragraph 1 · SHA 23f7466025e2 · AR01 queue row 29,"Wording, grammar, formality, terminology","Is the wording correct, idiomatic and appropriately formal for Saudi/GCC business correspondence?",High,Yes (static OOXML correct); native Word PASS (technical only); wording unreviewed,,,PENDING
OD01-AR-30,Letterhead Bilingual First Page,word/document.xml · paragraph 2 · SHA 005c080a2060 · AR01 queue row 30,"Wording, grammar, formality, terminology","Is the wording correct, idiomatic and appropriately formal for Saudi/GCC business correspondence?",High,Yes (static OOXML correct); native Word PASS (technical only); wording unreviewed,,,PENDING
OD01-AR-31,Letterhead Bilingual First Page,word/document.xml · paragraph 3 · SHA 6181bb05c89e · AR01 queue row 31,"Wording, grammar, formality, terminology","Is the wording correct, idiomatic and appropriately formal for Saudi/GCC business correspondence?",High,Yes (static OOXML correct); native Word PASS (technical only); wording unreviewed,,,PENDING
OD01-AR-32,Letterhead Bilingual First Page,word/document.xml · paragraph 5 · SHA 83313390ff00 · AR01 queue row 32,"Wording, grammar, formality, terminology","Is the wording correct, idiomatic and appropriately formal for Saudi/GCC business correspondence?",High,Yes (static OOXML correct); native Word PASS (technical only); wording unreviewed,,,PENDING
OD01-AR-33,Letterhead Bilingual First Page,word/document.xml · paragraph 7 · SHA 2d36efd95816 · AR01 queue row 33,"Wording, grammar, formality, terminology","Is the wording correct, idiomatic and appropriately formal for Saudi/GCC business correspondence?",High,Yes (static OOXML correct); native Word PASS (technical only); wording unreviewed,,,PENDING
OD01-AR-34,Letterhead Bilingual First Page,word/document.xml · paragraph 8 · SHA 7dbf4ddbef64 · AR01 queue row 34,"Wording, grammar, formality, terminology","Is the wording correct, idiomatic and appropriately formal for Saudi/GCC business correspondence?",High,Yes (static OOXML correct); native Word PASS (technical only); wording unreviewed,,,PENDING
OD01-AR-35,Letterhead Bilingual First Page,word/document.xml · paragraph 11 · SHA eb8e5696735a · AR01 queue row 35,"Wording, grammar, formality, terminology","Is the wording correct, idiomatic and appropriately formal for Saudi/GCC business correspondence?",High,Yes (static OOXML correct); native Word PASS (technical only); wording unreviewed,,,PENDING
OD01-AR-36,Letterhead Bilingual First Page,word/document.xml · paragraph 13 · SHA eeb72ff7b687 · AR01 queue row 36,"Wording, grammar, formality, terminology","Is the wording correct, idiomatic and appropriately formal for Saudi/GCC business correspondence?",High,Yes (static OOXML correct); native Word PASS (technical only); wording unreviewed,,,PENDING
OD01-AR-37,Letterhead Bilingual First Page,word/document.xml · paragraph 14 · SHA 6fc274930ba2 · AR01 queue row 37,"Wording, grammar, formality, terminology","Is the wording correct, idiomatic and appropriately formal for Saudi/GCC business correspondence?",High,Yes (static OOXML correct); native Word PASS (technical only); wording unreviewed,,,PENDING
OD01-AR-38,Letterhead Bilingual Continuation,word/document.xml · paragraph 1 · SHA 7fcc6c71d779 · AR01 queue row 38,"Wording, grammar, formality, terminology","Is the wording correct, idiomatic and appropriately formal for Saudi/GCC business correspondence?",High,Yes (static OOXML correct); native Word PASS (technical only); wording unreviewed,,,PENDING
OD01-AR-39,Letterhead Bilingual Continuation,word/document.xml · paragraph 2 · SHA 7dbf4ddbef64 · AR01 queue row 39,"Wording, grammar, formality, terminology","Is the wording correct, idiomatic and appropriately formal for Saudi/GCC business correspondence?",High,Yes (static OOXML correct); native Word PASS (technical only); wording unreviewed,,,PENDING
OD01-AR-40,Letterhead Bilingual Continuation,word/document.xml · paragraph 4 · SHA eb8e5696735a · AR01 queue row 40,"Wording, grammar, formality, terminology","Is the wording correct, idiomatic and appropriately formal for Saudi/GCC business correspondence?",High,Yes (static OOXML correct); native Word PASS (technical only); wording unreviewed,,,PENDING
OD01-AR-41,Letterhead Bilingual Continuation,word/document.xml · paragraph 6 · SHA eeb72ff7b687 · AR01 queue row 41,"Wording, grammar, formality, terminology","Is the wording correct, idiomatic and appropriately formal for Saudi/GCC business correspondence?",High,Yes (static OOXML correct); native Word PASS (technical only); wording unreviewed,,,PENDING
OD01-AR-42,Letterhead Bilingual Continuation,word/document.xml · paragraph 7 · SHA 6fc274930ba2 · AR01 queue row 42,"Wording, grammar, formality, terminology","Is the wording correct, idiomatic and appropriately formal for Saudi/GCC business correspondence?",High,Yes (static OOXML correct); native Word PASS (technical only); wording unreviewed,,,PENDING
OD01-AR-43,All,all Arabic content · — · SHA  · AR01 queue row 43,Brand approval (M10),"Is a tagline translation wanted, and who approves it?",Medium,n/a (governance),,,PENDING
OD01-AR-44,All,all Arabic content · — · SHA  · AR01 queue row 44,Policy sign-off,"Which numeral system applies to guest-facing Arabic copy, dates and page labels?",Medium,n/a (policy),,,PENDING
